Date,Product_Name,Category,Quantity_Sold,Selling_Price,Cost_Price,Total_Sales_Value,Promotion_Type,Discount_Percentage,Start_Date,End_Date,HSN_Code,GST_Percentage
01-04-2024,Turban,Hair Accessories,2,507.15,310.06,1016.52,Festival Sale,19,01-04-2024,04-04-2024,96151900,18
01-04-2024,Sports Sunglasses,Sunglasses,1,5139.18,2451.86,5065.42,No Promotion,0,01-04-2024,07-04-2024,90041000,12
01-04-2024,Waist Belt,Belts,1,701.59,632.29,701.9,Flash Sale,39,01-04-2024,08-04-2024,42033000,18
01-04-2024,Round Frame,Sunglasses,6,2044.41,1511.94,12298.26,Flash Sale,38,01-04-2024,02-04-2024,90041000,12
01-04-2024,Charm Bracelet,Jewelry,4,2085.57,1307.97,8333.44,No Promotion,0,01-04-2024,07-04-2024,71131100,3
01-04-2024,Cat Eye Sunglasses,Sunglasses,7,1897.85,1808.32,13348.58,Festival Sale,26,01-04-2024,06-04-2024,90041000,12
01-04-2024,Chain Belt,Belts,3,2535.66,1355.57,7602.3,No Promotion,0,01-04-2024,02-04-2024,42033000,18
01-04-2024,Shoulder Bag,Handbags,5,2640.22,2315.26,13396.5,Seasonal Offer,18,01-04-2024,03-04-2024,42022290,18
01-04-2024,Backpack Purse,Handbags,3,3632.95,3972.5,10698.6,Clearance Sale,53,01-04-2024,02-04-2024,42022290,18
01-04-2024,Digital Watch,Watches,1,1930.91,1614.39,1967.58,Festival Sale,18,01-04-2024,05-04-2024,91021100,18
01-04-2024,Sports Sunglasses,Sunglasses,3,2243.33,1298.87,6734.52,No Promotion,0,01-04-2024,03-04-2024,90041000,12
01-04-2024,Charm Bracelet,Jewelry,2,1723.67,1450.39,3487.8,Seasonal Offer,19,01-04-2024,02-04-2024,71131100,3
01-04-2024,Analog Watch,Watches,1,5133.87,2724.6,5226.19,No Promotion,0,01-04-2024,07-04-2024,91021100,18
01-04-2024,Silk Scarf,Scarves,2,1834.72,933.31,3647.3,No Promotion,0,01-04-2024,05-04-2024,62143000,12
02-04-2024,Aviator Sunglasses,Sunglasses,6,1361.45,1306.26,8013.18,Flash Sale,36,02-04-2024,07-04-2024,90041000,12
02-04-2024,Leather Tote Bag,Handbags,5,1809.38,2110.34,8957.45,Clearance Sale,44,02-04-2024,08-04-2024,42022290,18
02-04-2024,Round Frame,Sunglasses,4,4453.65,2206.29,17991.64,No Promotion,0,02-04-2024,04-04-2024,90041000,12
02-04-2024,Cotton Scarf,Scarves,6,879.27,783.53,5277,Festival Sale,24,02-04-2024,06-04-2024,62143000,12
02-04-2024,Pearl Necklace,Jewelry,5,1376.65,1936.6,7009.5,Clearance Sale,55,02-04-2024,08-04-2024,71131100,3
02-04-2024,Shoulder Bag,Handbags,2,2327.07,1519.73,4648.26,No Promotion,0,02-04-2024,07-04-2024,42022290,18
02-04-2024,Gold Plated Earrings,Jewelry,2,2263.31,1868.35,4600.32,Festival Sale,30,02-04-2024,09-04-2024,71131100,3
02-04-2024,Silk Scarf,Scarves,3,1000.89,738.87,2967.69,Flash Sale,27,02-04-2024,05-04-2024,62143000,12
02-04-2024,Pashmina Shawl,Scarves,4,650.15,785.09,2647.56,Clearance Sale,56,02-04-2024,08-04-2024,62143000,12
02-04-2024,Western Belt,Belts,5,3598.4,1836.89,18352.15,No Promotion,0,02-04-2024,03-04-2024,42033000,18
02-04-2024,Pashmina Shawl,Scarves,2,1765.77,1012.48,3481.2,Festival Sale,20,02-04-2024,09-04-2024,62143000,12
02-04-2024,Pashmina Shawl,Scarves,4,2269.99,1365.11,8922.04,Seasonal Offer,18,02-04-2024,06-04-2024,62143000,12
02-04-2024,Pearl Necklace,Jewelry,1,3336.83,2181.37,3392.94,No Promotion,0,02-04-2024,09-04-2024,71131100,3
02-04-2024,Headband,Hair Accessories,1,336.07,256.39,339.07,Festival Sale,29,02-04-2024,08-04-2024,96151900,18
02-04-2024,Gold Plated Earrings,Jewelry,2,1013.99,867.1,2008.56,Festival Sale,19,02-04-2024,06-04-2024,71131100,3
02-04-2024,Waist Belt,Belts,2,2771.37,1778.83,5533.96,No Promotion,0,02-04-2024,04-04-2024,42033000,18
02-04-2024,Round Frame,Sunglasses,1,3574.99,2172.3,3511.88,No Promotion,0,02-04-2024,09-04-2024,90041000,12
02-04-2024,Analog Watch,Watches,3,6622.13,4598.25,19954.86,No Promotion,0,02-04-2024,03-04-2024,91021100,18
02-04-2024,Western Belt,Belts,3,2477.64,1456.41,7583.58,No Promotion,0,02-04-2024,03-04-2024,42033000,18
02-04-2024,Oversized Sunglasses,Sunglasses,7,1178.56,1180.53,8411.48,Flash Sale,28,02-04-2024,09-04-2024,90041000,12
02-04-2024,Gold Plated Earrings,Jewelry,9,5152.11,2853.56,46249.02,No Promotion,0,02-04-2024,05-04-2024,71131100,3
02-04-2024,Waist Belt,Belts,2,2498.74,1140.54,4947.58,No Promotion,0,02-04-2024,05-04-2024,42033000,18
02-04-2024,Silver Bracelet,Jewelry,3,2279.33,1540.42,6759.42,Festival Sale,24,02-04-2024,07-04-2024,71131100,3
02-04-2024,Winter Wool Scarf,Scarves,6,781.15,443.1,4611,No Promotion,0,02-04-2024,09-04-2024,62143000,12
03-04-2024,Hair Clip Set,Hair Accessories,2,922.3,607.91,1864.8,Festival Sale,23,03-04-2024,06-04-2024,96151900,18
03-04-2024,Silk Scarf,Scarves,5,1003.7,458.83,4971.1,No Promotion,0,03-04-2024,07-04-2024,62143000,12
03-04-2024,Shoulder Bag,Handbags,3,7616.64,3755.57,22554.81,No Promotion,0,03-04-2024,08-04-2024,42022290,18
03-04-2024,Winter Wool Scarf,Scarves,3,1189.81,786.01,3522.06,No Promotion,0,03-04-2024,05-04-2024,62143000,12
03-04-2024,Crossbody Bag,Handbags,5,6036.49,4589.21,30289.6,Seasonal Offer,13,03-04-2024,07-04-2024,42022290,18
03-04-2024,Smart Watch,Watches,2,6770.66,4997.16,13473.42,Festival Sale,27,03-04-2024,09-04-2024,91021100,18
03-04-2024,Statement Necklace,Jewelry,5,1350.67,1061.4,6739.45,Seasonal Offer,15,03-04-2024,05-04-2024,71131100,3
03-04-2024,Turban,Hair Accessories,3,923.38,781.93,2759.37,Festival Sale,18,03-04-2024,10-04-2024,96151900,18
03-04-2024,Leather Tote Bag,Handbags,3,6720.02,3843.85,20337.39,No Promotion,0,03-04-2024,09-04-2024,42022290,18
03-04-2024,Hair Pin Set,Hair Accessories,3,620.96,401.4,1849.32,No Promotion,0,03-04-2024,06-04-2024,96151900,18
03-04-2024,Aviator Sunglasses,Sunglasses,3,2349.56,1347.62,6989.97,No Promotion,0,03-04-2024,06-04-2024,90041000,12
03-04-2024,Leather Belt,Belts,1,2513.44,1185.54,2544.39,No Promotion,0,03-04-2024,04-04-2024,42033000,18
04-04-2024,Analog Watch,Watches,3,6375.16,3195.33,19168.71,No Promotion,0,04-04-2024,09-04-2024,91021100,18
04-04-2024,Dress Watch,Watches,6,11311.2,5158.05,68079.3,No Promotion,0,04-04-2024,09-04-2024,91021100,18
04-04-2024,Hair Clip Set,Hair Accessories,1,680.74,603.02,674.03,Clearance Sale,41,04-04-2024,07-04-2024,96151900,18
04-04-2024,Pashmina Shawl,Scarves,3,2479.26,1337.4,7388.58,No Promotion,0,04-04-2024,09-04-2024,62143000,12
04-04-2024,Cat Eye Sunglasses,Sunglasses,7,2551.9,2188.07,17880.31,Clearance Sale,45,04-04-2024,11-04-2024,90041000,12
04-04-2024,Headband,Hair Accessories,3,1309.39,717.42,3904.35,Festival Sale,16,04-04-2024,06-04-2024,96151900,18
04-04-2024,Fabric Belt,Belts,4,2339.41,1411.51,9447.24,No Promotion,0,04-04-2024,05-04-2024,42033000,18
04-04-2024,Cotton Scarf,Scarves,3,2083.52,966.76,6318.21,No Promotion,0,04-04-2024,10-04-2024,62143000,12
04-04-2024,Backpack Purse,Handbags,3,2102.39,2950.96,6373.47,Clearance Sale,54,04-04-2024,07-04-2024,42022290,18
04-04-2024,Sports Watch,Watches,2,2423.33,1511.68,4939.62,Festival Sale,22,04-04-2024,06-04-2024,91021100,18
04-04-2024,Headband,Hair Accessories,4,933.99,648.48,3707.64,No Promotion,0,04-04-2024,07-04-2024,96151900,18
04-04-2024,Silk Scarf,Scarves,2,1469.63,1211.15,2883.22,Festival Sale,23,04-04-2024,08-04-2024,62143000,12
04-04-2024,Shoulder Bag,Handbags,5,4855.07,2549.4,24462.2,No Promotion,0,04-04-2024,08-04-2024,42022290,18
04-04-2024,Gold Plated Earrings,Jewelry,2,2447.12,1337.58,4811.52,No Promotion,0,04-04-2024,08-04-2024,71131100,3
04-04-2024,Round Frame,Sunglasses,1,2136.82,1040.62,2127.75,No Promotion,0,04-04-2024,09-04-2024,90041000,12
04-04-2024,Headband,Hair Accessories,1,713.9,545.6,721.84,Flash Sale,38,04-04-2024,07-04-2024,96151900,18
04-04-2024,Aviator Sunglasses,Sunglasses,7,1799.99,2049.53,12850.88,Clearance Sale,51,04-04-2024,06-04-2024,90041000,12
04-04-2024,Sports Sunglasses,Sunglasses,4,2813.01,1709.77,11152.24,Festival Sale,24,04-04-2024,09-04-2024,90041000,12
04-04-2024,Statement Necklace,Jewelry,4,1653.35,1360.21,6561.8,Flash Sale,38,04-04-2024,06-04-2024,71131100,3
04-04-2024,Sports Sunglasses,Sunglasses,1,2333.26,2069.39,2358.81,Clearance Sale,47,04-04-2024,09-04-2024,90041000,12
04-04-2024,Oversized Sunglasses,Sunglasses,7,1484.59,1161.85,10462.13,Seasonal Offer,16,04-04-2024,07-04-2024,90041000,12
04-04-2024,Leather Belt,Belts,3,2653.03,1646.65,7834.35,Seasonal Offer,12,04-04-2024,10-04-2024,42033000,18
04-04-2024,Round Frame,Sunglasses,4,2725.48,1904.33,11053.48,Seasonal Offer,13,04-04-2024,05-04-2024,90041000,12
04-04-2024,Backpack Purse,Handbags,1,3295.01,2144.26,3251.38,Festival Sale,24,04-04-2024,06-04-2024,42022290,18
04-04-2024,Backpack Purse,Handbags,2,3321.3,1620.4,6731.66,No Promotion,0,04-04-2024,08-04-2024,42022290,18
05-04-2024,Silver Bracelet,Jewelry,3,4318.77,2210.52,12965.79,No Promotion,0,05-04-2024,11-04-2024,71131100,3
05-04-2024,Cat Eye Sunglasses,Sunglasses,5,3199.96,2415.65,16000.45,Seasonal Offer,13,05-04-2024,10-04-2024,90041000,12
05-04-2024,Chain Belt,Belts,2,2851.62,1679.75,5709.62,No Promotion,0,05-04-2024,08-04-2024,42033000,18
05-04-2024,Analog Watch,Watches,7,3531.11,2009.57,24929.24,Festival Sale,19,05-04-2024,10-04-2024,91021100,18
05-04-2024,Crossbody Bag,Handbags,7,5908.06,4250.84,41768.51,No Promotion,0,05-04-2024,06-04-2024,42022290,18
05-04-2024,Cotton Scarf,Scarves,3,1233.52,897.68,3666.36,Seasonal Offer,10,05-04-2024,08-04-2024,62143000,12
05-04-2024,Cat Eye Sunglasses,Sunglasses,4,1304.06,920.95,5263.48,Festival Sale,26,05-04-2024,06-04-2024,90041000,12
05-04-2024,Analog Watch,Watches,5,4994.56,2894.72,24863.5,No Promotion,0,05-04-2024,08-04-2024,91021100,18
05-04-2024,Pearl Necklace,Jewelry,6,4478.69,2506.16,26504.64,No Promotion,0,05-04-2024,12-04-2024,71131100,3
05-04-2024,Pashmina Shawl,Scarves,1,1354.48,697.82,1336.46,No Promotion,0,05-04-2024,10-04-2024,62143000,12
05-04-2024,Leather Tote Bag,Handbags,2,3195.53,2043.49,6477.3,No Promotion,0,05-04-2024,08-04-2024,42022290,18
05-04-2024,Silk Scarf,Scarves,8,1590.7,1012.39,12647.28,Festival Sale,21,05-04-2024,12-04-2024,62143000,12
05-04-2024,Pearl Necklace,Jewelry,3,1543.09,1257.35,4610.4,Seasonal Offer,14,05-04-2024,07-04-2024,71131100,3
05-04-2024,Digital Watch,Watches,8,2837.8,3133.77,22902.16,Flash Sale,36,05-04-2024,07-04-2024,91021100,18
05-04-2024,Round Frame,Sunglasses,1,4734.9,2331.28,4755.55,No Promotion,0,05-04-2024,10-04-2024,90041000,12
05-04-2024,Leather Tote Bag,Handbags,4,3545.88,1729.55,14306.48,No Promotion,0,05-04-2024,10-04-2024,42022290,18
05-04-2024,Statement Necklace,Jewelry,5,2760.09,1895.8,13780,No Promotion,0,05-04-2024,12-04-2024,71131100,3
05-04-2024,Round Frame,Sunglasses,7,3532.17,1855.86,24428.53,No Promotion,0,05-04-2024,07-04-2024,90041000,12
05-04-2024,Scrunchie Pack,Hair Accessories,4,380.66,310.62,1500,Festival Sale,18,05-04-2024,12-04-2024,96151900,18
05-04-2024,Pashmina Shawl,Scarves,3,1514.99,836.31,4504.83,Festival Sale,17,05-04-2024,08-04-2024,62143000,12
06-04-2024,Round Frame,Sunglasses,5,1545.45,1854.95,7732.35,Clearance Sale,50,06-04-2024,07-04-2024,90041000,12
06-04-2024,Smart Watch,Watches,5,10770.75,5185.96,52884.7,No Promotion,0,06-04-2024,11-04-2024,91021100,18
06-04-2024,Crossbody Bag,Handbags,4,3901.15,3824.13,15564.84,Clearance Sale,44,06-04-2024,12-04-2024,42022290,18
06-04-2024,Crossbody Bag,Handbags,3,2603.38,3059.81,7816.86,Clearance Sale,46,06-04-2024,08-04-2024,42022290,18
06-04-2024,Chain Belt,Belts,4,1150.07,1038,4535.56,Festival Sale,27,06-04-2024,12-04-2024,42033000,18
06-04-2024,Scrunchie Pack,Hair Accessories,1,661.88,391.46,670.34,Festival Sale,17,06-04-2024,11-04-2024,96151900,18
06-04-2024,Silver Bracelet,Jewelry,1,3845.25,2331.84,3898.6,No Promotion,0,06-04-2024,11-04-2024,71131100,3
06-04-2024,Aviator Sunglasses,Sunglasses,11,3821.29,2080.57,41564.49,No Promotion,0,06-04-2024,09-04-2024,90041000,12
06-04-2024,Printed Scarf,Scarves,2,478.49,457.95,943,Festival Sale,30,06-04-2024,13-04-2024,62143000,12
06-04-2024,Crossbody Bag,Handbags,2,1981.48,1548.46,4031.86,Festival Sale,22,06-04-2024,10-04-2024,42022290,18
06-04-2024,Charm Bracelet,Jewelry,7,803.72,892.61,5567.24,Flash Sale,37,06-04-2024,10-04-2024,71131100,3
06-04-2024,Round Frame,Sunglasses,2,3741.45,2345.96,7505.58,Festival Sale,27,06-04-2024,11-04-2024,90041000,12
06-04-2024,Winter Wool Scarf,Scarves,2,524.65,532.37,1040.82,Flash Sale,32,06-04-2024,11-04-2024,62143000,12
06-04-2024,Aviator Sunglasses,Sunglasses,6,2335.81,1729.22,14222.52,Flash Sale,27,06-04-2024,12-04-2024,90041000,12
06-04-2024,Western Belt,Belts,4,2581.62,1351.76,10134.72,No Promotion,0,06-04-2024,07-04-2024,42033000,18
06-04-2024,Silk Scarf,Scarves,5,1939.41,1337.41,9551.4,No Promotion,0,06-04-2024,08-04-2024,62143000,12
06-04-2024,Charm Bracelet,Jewelry,3,1818.31,1284.4,5475.51,Festival Sale,27,06-04-2024,09-04-2024,71131100,3
06-04-2024,Silver Bracelet,Jewelry,4,5453.47,2701.88,21475.96,No Promotion,0,06-04-2024,11-04-2024,71131100,3
06-04-2024,Backpack Purse,Handbags,5,5900.49,3784.53,29043.65,Seasonal Offer,19,06-04-2024,11-04-2024,42022290,18
06-04-2024,Cat Eye Sunglasses,Sunglasses,1,4555.56,2208.75,4562.63,No Promotion,0,06-04-2024,07-04-2024,90041000,12
06-04-2024,Leather Tote Bag,Handbags,1,2414.39,1640.21,2371.99,Seasonal Offer,15,06-04-2024,13-04-2024,42022290,18
06-04-2024,Pearl Necklace,Jewelry,7,4977.4,2918.58,34189.68,No Promotion,0,06-04-2024,07-04-2024,71131100,3
06-04-2024,Hair Clip Set,Hair Accessories,1,792.23,549.3,801.29,Seasonal Offer,13,06-04-2024,10-04-2024,96151900,18
06-04-2024,Waist Belt,Belts,6,883.83,634.42,5396.52,No Promotion,0,06-04-2024,07-04-2024,42033000,18
08-04-2024,Leather Belt,Belts,2,838.23,829.07,1687.86,Clearance Sale,50,08-04-2024,09-04-2024,42033000,18
08-04-2024,Oversized Sunglasses,Sunglasses,9,1112.2,950.08,10014.3,Clearance Sale,41,08-04-2024,09-04-2024,90041000,12
08-04-2024,Shoulder Bag,Handbags,2,5836.51,3338.45,11866.36,No Promotion,0,08-04-2024,11-04-2024,42022290,18
08-04-2024,Cat Eye Sunglasses,Sunglasses,1,2896.43,2117.64,2938.67,Flash Sale,27,08-04-2024,15-04-2024,90041000,12
08-04-2024,Leather Tote Bag,Handbags,2,2284.52,3507.76,4484.42,Clearance Sale,60,08-04-2024,11-04-2024,42022290,18
08-04-2024,Leather Belt,Belts,3,544.22,616.27,1617.3,Clearance Sale,40,08-04-2024,09-04-2024,42033000,18
08-04-2024,Cotton Scarf,Scarves,3,425.19,515.42,1256.73,Clearance Sale,49,08-04-2024,10-04-2024,62143000,12
08-04-2024,Hair Clip Set,Hair Accessories,1,764.92,510.63,750.77,No Promotion,0,08-04-2024,10-04-2024,96151900,18
08-04-2024,Cat Eye Sunglasses,Sunglasses,1,4067.43,2003.14,4087.35,No Promotion,0,08-04-2024,11-04-2024,90041000,12
08-04-2024,Silk Scarf,Scarves,7,1806.74,1429.83,12552.82,Seasonal Offer,13,08-04-2024,14-04-2024,62143000,12
09-04-2024,Analog Watch,Watches,5,2824.34,2238,14302.45,Festival Sale,27,09-04-2024,16-04-2024,91021100,18
09-04-2024,Fabric Belt,Belts,4,856.36,826.34,3418.36,Festival Sale,27,09-04-2024,16-04-2024,42033000,18
09-04-2024,Analog Watch,Watches,7,6188.15,5282.04,43825.67,Festival Sale,23,09-04-2024,14-04-2024,91021100,18
09-04-2024,Statement Necklace,Jewelry,4,4440.38,2721.53,18006.08,Festival Sale,22,09-04-2024,10-04-2024,71131100,3
09-04-2024,Pashmina Shawl,Scarves,1,1714.87,1187.41,1742.86,Flash Sale,31,09-04-2024,15-04-2024,62143000,12
09-04-2024,Leather Belt,Belts,3,1989.97,946.12,5950.92,No Promotion,0,09-04-2024,10-04-2024,42033000,18
09-04-2024,Headband,Hair Accessories,3,1023.97,714.79,3017.61,No Promotion,0,09-04-2024,15-04-2024,96151900,18
09-04-2024,Cat Eye Sunglasses,Sunglasses,3,2066.56,1618.04,6294.81,Flash Sale,33,09-04-2024,13-04-2024,90041000,12
09-04-2024,Hair Clip Set,Hair Accessories,6,949.51,563.32,5696.52,No Promotion,0,09-04-2024,10-04-2024,96151900,18
09-04-2024,Sports Watch,Watches,3,5934.02,5714.73,17669.85,Festival Sale,28,09-04-2024,13-04-2024,91021100,18
10-04-2024,Cotton Scarf,Scarves,4,549.05,419.12,2196.56,Festival Sale,21,10-04-2024,15-04-2024,62143000,12
10-04-2024,Headband,Hair Accessories,3,537.89,321.11,1587.51,Seasonal Offer,15,10-04-2024,11-04-2024,96151900,18
10-04-2024,Digital Watch,Watches,4,2532.27,3184.34,10266.12,Clearance Sale,43,10-04-2024,13-04-2024,91021100,18
10-04-2024,Sports Watch,Watches,2,8220.91,4501.37,16760.84,No Promotion,0,10-04-2024,11-04-2024,91021100,18
10-04-2024,Leather Belt,Belts,4,967.3,726.67,3887.36,Seasonal Offer,18,10-04-2024,15-04-2024,42033000,18
10-04-2024,Silk Scarf,Scarves,1,979.13,532.23,976.96,No Promotion,0,10-04-2024,17-04-2024,62143000,12
10-04-2024,Sports Watch,Watches,3,4561.46,3211.89,13820.1,Festival Sale,22,10-04-2024,12-04-2024,91021100,18
10-04-2024,Pearl Necklace,Jewelry,2,3374,1635.53,6838.7,No Promotion,0,10-04-2024,12-04-2024,71131100,3
10-04-2024,Waist Belt,Belts,6,2200.68,1267.37,13045.02,No Promotion,0,10-04-2024,14-04-2024,42033000,18
10-04-2024,Cotton Scarf,Scarves,1,692.24,466.29,700.97,Festival Sale,30,10-04-2024,16-04-2024,62143000,12
10-04-2024,Winter Wool Scarf,Scarves,3,1805.5,1283.33,5428.95,Festival Sale,23,10-04-2024,17-04-2024,62143000,12
10-04-2024,Dress Watch,Watches,2,4292.93,2316.47,8432.56,No Promotion,0,10-04-2024,14-04-2024,91021100,18
10-04-2024,Aviator Sunglasses,Sunglasses,1,2219.2,1497.62,2209.24,Festival Sale,19,10-04-2024,11-04-2024,90041000,12
10-04-2024,Pearl Necklace,Jewelry,4,3421.99,2222.53,13689.2,No Promotion,0,10-04-2024,14-04-2024,71131100,3
10-04-2024,Headband,Hair Accessories,2,1372.85,685.72,2761.14,No Promotion,0,10-04-2024,11-04-2024,96151900,18
10-04-2024,Sports Watch,Watches,3,2741.74,1930.72,8218.53,No Promotion,0,10-04-2024,16-04-2024,91021100,18
10-04-2024,Crossbody Bag,Handbags,4,4251.5,2243.25,16848.08,No Promotion,0,10-04-2024,14-04-2024,42022290,18
10-04-2024,Gold Plated Earrings,Jewelry,3,5707.54,2792.15,16904.52,No Promotion,0,10-04-2024,17-04-2024,71131100,3
10-04-2024,Turban,Hair Accessories,5,748.13,511.44,3718.35,No Promotion,0,10-04-2024,16-04-2024,96151900,18
10-04-2024,Statement Necklace,Jewelry,2,3455.1,2256.05,6830.88,Festival Sale,18,10-04-2024,15-04-2024,71131100,3
10-04-2024,Analog Watch,Watches,2,3852.21,2267.15,7833.38,No Promotion,0,10-04-2024,13-04-2024,91021100,18
10-04-2024,Sports Sunglasses,Sunglasses,1,1143.17,1091.73,1165.82,Clearance Sale,51,10-04-2024,16-04-2024,90041000,12
10-04-2024,Waist Belt,Belts,4,2187.57,1473.02,8669,No Promotion,0,10-04-2024,12-04-2024,42033000,18
10-04-2024,Chain Belt,Belts,3,1393.01,1133.27,4219.26,Flash Sale,26,10-04-2024,13-04-2024,42033000,18
10-04-2024,Round Frame,Sunglasses,4,2464.3,1819.34,9710.52,Festival Sale,28,10-04-2024,16-04-2024,90041000,12
11-04-2024,Round Frame,Sunglasses,1,3562.24,2164.05,3557.14,No Promotion,0,11-04-2024,13-04-2024,90041000,12
11-04-2024,Oversized Sunglasses,Sunglasses,6,3389.51,1816.87,20354.52,Seasonal Offer,13,11-04-2024,12-04-2024,90041000,12
11-04-2024,Aviator Sunglasses,Sunglasses,4,1428.56,1966.09,5652.56,Clearance Sale,52,11-04-2024,15-04-2024,90041000,12
11-04-2024,Charm Bracelet,Jewelry,3,1993.79,1032.46,5924.25,No Promotion,0,11-04-2024,13-04-2024,71131100,3
11-04-2024,Crossbody Bag,Handbags,3,6143.11,3041.49,18279.96,No Promotion,0,11-04-2024,17-04-2024,42022290,18
11-04-2024,Printed Scarf,Scarves,2,2074.44,1079.86,4117.6,No Promotion,0,11-04-2024,17-04-2024,62143000,12
11-04-2024,Digital Watch,Watches,2,3173.26,2088.2,6342.62,Festival Sale,28,11-04-2024,16-04-2024,91021100,18
11-04-2024,Sports Sunglasses,Sunglasses,1,1617.35,917.65,1590.22,No Promotion,0,11-04-2024,13-04-2024,90041000,12
11-04-2024,Sports Watch,Watches,5,2509.19,2468.41,12352.95,Festival Sale,29,11-04-2024,18-04-2024,91021100,18
11-04-2024,Chain Belt,Belts,5,1212.32,778.08,6103.25,Flash Sale,25,11-04-2024,12-04-2024,42033000,18
11-04-2024,Leather Tote Bag,Handbags,2,5811.69,3814.91,11483.42,Seasonal Offer,14,11-04-2024,18-04-2024,42022290,18
11-04-2024,Silver Bracelet,Jewelry,3,1984.26,1790.27,5861.1,Flash Sale,31,11-04-2024,16-04-2024,71131100,3
11-04-2024,Clutch Purse,Handbags,1,5927.16,3704.34,5899.26,Festival Sale,22,11-04-2024,17-04-2024,42022290,18
11-04-2024,Scrunchie Pack,Hair Accessories,5,1199.21,782.45,5982.75,Festival Sale,29,11-04-2024,15-04-2024,96151900,18
11-04-2024,Leather Tote Bag,Handbags,1,9558.23,4908.77,9492.96,No Promotion,0,11-04-2024,12-04-2024,42022290,18
11-04-2024,Leather Tote Bag,Handbags,7,2273.5,3215.15,16131.92,Clearance Sale,50,11-04-2024,12-04-2024,42022290,18
11-04-2024,Pearl Necklace,Jewelry,4,2779.18,1618.77,11303.28,No Promotion,0,11-04-2024,16-04-2024,71131100,3
11-04-2024,Pashmina Shawl,Scarves,6,1345.25,1297.54,7969.44,Clearance Sale,51,11-04-2024,17-04-2024,62143000,12
11-04-2024,Round Frame,Sunglasses,4,1491.41,1330.93,5948.2,Flash Sale,39,11-04-2024,15-04-2024,90041000,12
11-04-2024,Fabric Belt,Belts,2,3264.14,1661.46,6628.36,No Promotion,0,11-04-2024,12-04-2024,42033000,18
11-04-2024,Chain Belt,Belts,3,2510.94,1381.26,7558.11,Seasonal Offer,11,11-04-2024,13-04-2024,42033000,18
12-04-2024,Smart Watch,Watches,3,1920.64,2346.11,5808.81,Clearance Sale,51,12-04-2024,18-04-2024,91021100,18
12-04-2024,Crossbody Bag,Handbags,5,8051.13,4082.97,39660,No Promotion,0,12-04-2024,14-04-2024,42022290,18
12-04-2024,Round Frame,Sunglasses,1,2163.7,1120.52,2163.08,No Promotion,0,12-04-2024,18-04-2024,90041000,12
12-04-2024,Hair Pin Set,Hair Accessories,4,790.43,676.52,3151.96,Festival Sale,21,12-04-2024,18-04-2024,96151900,18
12-04-2024,Gold Plated Earrings,Jewelry,3,1461.02,2124.72,4429.98,Clearance Sale,51,12-04-2024,18-04-2024,71131100,3
12-04-2024,Waist Belt,Belts,1,1972.25,1324.18,1948.94,Festival Sale,16,12-04-2024,13-04-2024,42033000,18
12-04-2024,Printed Scarf,Scarves,8,1947.2,1209.23,15314.16,Festival Sale,28,12-04-2024,19-04-2024,62143000,12
12-04-2024,Crossbody Bag,Handbags,3,5375.83,3433.52,15940.98,No Promotion,0,12-04-2024,17-04-2024,42022290,18
12-04-2024,Aviator Sunglasses,Sunglasses,1,4835.62,2387.39,4837,No Promotion,0,12-04-2024,17-04-2024,90041000,12
12-04-2024,Hair Clip Set,Hair Accessories,2,884.06,461.11,1744.74,Seasonal Offer,12,12-04-2024,13-04-2024,96151900,18
12-04-2024,Hair Clip Set,Hair Accessories,7,550.7,295.34,3903.62,No Promotion,0,12-04-2024,16-04-2024,96151900,18
12-04-2024,Smart Watch,Watches,5,5475.89,2740.26,27809.5,No Promotion,0,12-04-2024,15-04-2024,91021100,18
12-04-2024,Headband,Hair Accessories,6,459.81,743.86,2765.7,Clearance Sale,59,12-04-2024,19-04-2024,96151900,18
12-04-2024,Chain Belt,Belts,4,1974.35,1759.02,7999.28,Clearance Sale,44,12-04-2024,15-04-2024,42033000,18
12-04-2024,Silk Scarf,Scarves,2,1583.03,1441.74,3196.86,Clearance Sale,49,12-04-2024,18-04-2024,62143000,12
12-04-2024,Analog Watch,Watches,3,2539.21,3855.26,7591.77,Clearance Sale,56,12-04-2024,18-04-2024,91021100,18
12-04-2024,Cat Eye Sunglasses,Sunglasses,13,2558.06,1675.51,33383.09,No Promotion,0,12-04-2024,16-04-2024,90041000,12
12-04-2024,Pashmina Shawl,Scarves,8,3047.63,1475.87,24029.36,No Promotion,0,12-04-2024,19-04-2024,62143000,12
12-04-2024,Oversized Sunglasses,Sunglasses,6,3608.09,2292.93,21888.78,No Promotion,0,12-04-2024,16-04-2024,90041000,12
12-04-2024,Crossbody Bag,Handbags,6,3650.73,3091.69,21477.6,Festival Sale,22,12-04-2024,13-04-2024,42022290,18
12-04-2024,Turban,Hair Accessories,4,576.78,580.75,2320.16,Clearance Sale,51,12-04-2024,15-04-2024,96151900,18
13-04-2024,Cotton Scarf,Scarves,2,1541.77,704.59,3081.64,No Promotion,0,13-04-2024,17-04-2024,62143000,12
13-04-2024,Winter Wool Scarf,Scarves,4,1005.77,884.36,4083.12,Flash Sale,39,13-04-2024,18-04-2024,62143000,12
13-04-2024,Western Belt,Belts,6,2319.74,1052.22,13874.46,No Promotion,0,13-04-2024,15-04-2024,42033000,18
13-04-2024,Sports Sunglasses,Sunglasses,4,2089.24,2457.53,8205.56,Clearance Sale,50,13-04-2024,17-04-2024,90041000,12
13-04-2024,Hair Clip Set,Hair Accessories,3,451.16,414.68,1340.1,Clearance Sale,40,13-04-2024,17-04-2024,96151900,18
13-04-2024,Pearl Necklace,Jewelry,8,3730.99,2427.28,30156.64,No Promotion,0,13-04-2024,15-04-2024,71131100,3
13-04-2024,Silver Bracelet,Jewelry,3,2818.09,2309.92,8473.71,Seasonal Offer,16,13-04-2024,16-04-2024,71131100,3
13-04-2024,Headband,Hair Accessories,1,832.12,507.59,834.61,No Promotion,0,13-04-2024,19-04-2024,96151900,18
13-04-2024,Hair Pin Set,Hair Accessories,3,546.99,339.66,1667.79,Seasonal Offer,20,13-04-2024,16-04-2024,96151900,18
13-04-2024,Statement Necklace,Jewelry,5,1801.73,1639.55,8871.7,Festival Sale,28,13-04-2024,20-04-2024,71131100,3
13-04-2024,Aviator Sunglasses,Sunglasses,4,1767.28,1367.55,7102.8,Flash Sale,39,13-04-2024,17-04-2024,90041000,12
13-04-2024,Analog Watch,Watches,3,5804.07,2766.85,17416.2,No Promotion,0,13-04-2024,14-04-2024,91021100,18
13-04-2024,Hair Clip Set,Hair Accessories,4,894.81,694.72,3609.36,Seasonal Offer,11,13-04-2024,19-04-2024,96151900,18
13-04-2024,Aviator Sunglasses,Sunglasses,10,1861.34,2482.45,18875.9,Clearance Sale,60,13-04-2024,18-04-2024,90041000,12
13-04-2024,Turban,Hair Accessories,4,763.2,559.39,3004.48,Seasonal Offer,10,13-04-2024,20-04-2024,96151900,18
13-04-2024,Dress Watch,Watches,2,9733.69,5598.04,19834.4,No Promotion,0,13-04-2024,18-04-2024,91021100,18
13-04-2024,Printed Scarf,Scarves,3,1399.95,1267.68,4216.74,Clearance Sale,42,13-04-2024,15-04-2024,62143000,12
13-04-2024,Silver Bracelet,Jewelry,2,4437.41,2435.91,8793.68,No Promotion,0,13-04-2024,17-04-2024,71131100,3
13-04-2024,Cat Eye Sunglasses,Sunglasses,9,3044.92,2351.81,27615.42,Festival Sale,18,13-04-2024,18-04-2024,90041000,12
13-04-2024,Leather Belt,Belts,1,959.97,610.73,962.05,No Promotion,0,13-04-2024,18-04-2024,42033000,18
15-04-2024,Cat Eye Sunglasses,Sunglasses,1,2121.04,1369.58,2115.58,Festival Sale,28,15-04-2024,20-04-2024,90041000,12
15-04-2024,Cotton Scarf,Scarves,3,1374.41,958.15,4043.16,Festival Sale,33,15-04-2024,19-04-2024,62143000,12
15-04-2024,Printed Scarf,Scarves,3,1850.38,1370.48,5494.38,Festival Sale,31,15-04-2024,16-04-2024,62143000,12
15-04-2024,Winter Wool Scarf,Scarves,5,1264.09,1312.55,6204.5,Festival Sale,34,15-04-2024,19-04-2024,62143000,12
15-04-2024,Leather Tote Bag,Handbags,6,3563.35,2736.11,21216.18,Festival Sale,22,15-04-2024,16-04-2024,42022290,18
15-04-2024,Dress Watch,Watches,7,3183.93,2273.32,22495.34,Festival Sale,26,15-04-2024,17-04-2024,91021100,18
15-04-2024,Western Belt,Belts,2,2051.85,1731.23,4138.88,Festival Sale,24,15-04-2024,17-04-2024,42033000,18
15-04-2024,Scrunchie Pack,Hair Accessories,3,357.28,246.57,1058.19,Festival Sale,22,15-04-2024,22-04-2024,96151900,18
15-04-2024,Clutch Purse,Handbags,4,4388.1,3412.36,17603.28,Festival Sale,24,15-04-2024,20-04-2024,42022290,18
15-04-2024,Leather Tote Bag,Handbags,2,5265.79,4797.25,10586.54,Festival Sale,34,15-04-2024,21-04-2024,42022290,18
15-04-2024,Silk Scarf,Scarves,4,865.14,511.39,3400.04,Festival Sale,20,15-04-2024,20-04-2024,62143000,12
15-04-2024,Round Frame,Sunglasses,1,1813.19,1751.06,1849.19,Festival Sale,30,15-04-2024,17-04-2024,90041000,12
15-04-2024,Pashmina Shawl,Scarves,3,780.43,744.53,2338.95,Festival Sale,31,15-04-2024,22-04-2024,62143000,12
15-04-2024,Oversized Sunglasses,Sunglasses,3,3700.8,2491.77,10981.56,Festival Sale,20,15-04-2024,21-04-2024,90041000,12
15-04-2024,Turban,Hair Accessories,4,370.01,292.49,1466.2,Festival Sale,32,15-04-2024,16-04-2024,96151900,18
15-04-2024,Waist Belt,Belts,4,1507.25,929.05,6061.12,Festival Sale,21,15-04-2024,18-04-2024,42033000,18
15-04-2024,Leather Belt,Belts,4,2033.02,1628.41,8120.52,Festival Sale,24,15-04-2024,19-04-2024,42033000,18
15-04-2024,Round Frame,Sunglasses,4,1532.06,1111.8,6251.88,Festival Sale,25,15-04-2024,19-04-2024,90041000,12
15-04-2024,Leather Belt,Belts,1,2068.56,1553.06,2065.68,Festival Sale,25,15-04-2024,18-04-2024,42033000,18
15-04-2024,Statement Necklace,Jewelry,3,2854.57,1863.5,8532.84,Festival Sale,27,15-04-2024,18-04-2024,71131100,3
15-04-2024,Silk Scarf,Scarves,6,1059.43,798.49,6262.68,Festival Sale,34,15-04-2024,19-04-2024,62143000,12
15-04-2024,Leather Belt,Belts,2,1841.98,1496.28,3727.08,Festival Sale,24,15-04-2024,21-04-2024,42033000,18
15-04-2024,Chain Belt,Belts,3,1727.87,1267.58,5117.07,Festival Sale,31,15-04-2024,18-04-2024,42033000,18
15-04-2024,Aviator Sunglasses,Sunglasses,3,3214.55,2169.43,9560.25,Festival Sale,33,15-04-2024,16-04-2024,90041000,12
16-04-2024,Backpack Purse,Handbags,6,4405.24,4013.81,26257.08,Festival Sale,28,16-04-2024,22-04-2024,42022290,18
16-04-2024,Scrunchie Pack,Hair Accessories,4,479.36,409.29,1925.56,Festival Sale,21,16-04-2024,23-04-2024,96151900,18
16-04-2024,Gold Plated Earrings,Jewelry,3,1867.13,1332.91,5631.24,Festival Sale,21,16-04-2024,23-04-2024,71131100,3
16-04-2024,Round Frame,Sunglasses,4,1372.74,935.24,5446.68,Festival Sale,22,16-04-2024,17-04-2024,90041000,12
16-04-2024,Leather Tote Bag,Handbags,5,5628.06,3935.21,27599.1,Festival Sale,33,16-04-2024,23-04-2024,42022290,18
16-04-2024,Oversized Sunglasses,Sunglasses,3,1794.45,1128.6,5403.81,Festival Sale,21,16-04-2024,23-04-2024,90041000,12
16-04-2024,Silk Scarf,Scarves,1,1460.94,1223.51,1436.88,Festival Sale,29,16-04-2024,18-04-2024,62143000,12
16-04-2024,Aviator Sunglasses,Sunglasses,1,1580.25,1000.3,1574.8,Festival Sale,24,16-04-2024,21-04-2024,90041000,12
16-04-2024,Scrunchie Pack,Hair Accessories,6,775.41,696.03,4584.96,Festival Sale,27,16-04-2024,21-04-2024,96151900,18
16-04-2024,Crossbody Bag,Handbags,4,1743.79,1360.71,7054.96,Festival Sale,30,16-04-2024,17-04-2024,42022290,18
16-04-2024,Scrunchie Pack,Hair Accessories,1,1191.48,770.46,1179.11,Festival Sale,22,16-04-2024,21-04-2024,96151900,18
17-04-2024,Backpack Purse,Handbags,2,3588.95,3094.57,7083,Festival Sale,33,17-04-2024,18-04-2024,42022290,18
17-04-2024,Hair Clip Set,Hair Accessories,5,447.76,311.61,2209.45,Festival Sale,23,17-04-2024,22-04-2024,96151900,18
17-04-2024,Chain Belt,Belts,3,1725.09,1152.63,5117.01,Festival Sale,31,17-04-2024,23-04-2024,42033000,18
17-04-2024,Shoulder Bag,Handbags,4,1540.23,1524.3,6209.56,Festival Sale,29,17-04-2024,22-04-2024,42022290,18
17-04-2024,Cat Eye Sunglasses,Sunglasses,4,1047.86,930.92,4187.76,Festival Sale,25,17-04-2024,22-04-2024,90041000,12
17-04-2024,Silk Scarf,Scarves,6,1997.83,1459.85,12083.82,Festival Sale,24,17-04-2024,24-04-2024,62143000,12
17-04-2024,Aviator Sunglasses,Sunglasses,1,1330.21,1092.33,1338.62,Festival Sale,24,17-04-2024,24-04-2024,90041000,12
17-04-2024,Statement Necklace,Jewelry,7,2974.12,2212.09,20985.72,Festival Sale,27,17-04-2024,23-04-2024,71131100,3
17-04-2024,Printed Scarf,Scarves,3,1870.52,1389.4,5660.4,Festival Sale,31,17-04-2024,19-04-2024,62143000,12
17-04-2024,Backpack Purse,Handbags,4,4607.63,3216.8,18289.04,Festival Sale,26,17-04-2024,19-04-2024,42022290,18
17-04-2024,Crossbody Bag,Handbags,4,3127.82,2397.56,12436.52,Festival Sale,20,17-04-2024,21-04-2024,42022290,18
17-04-2024,Oversized Sunglasses,Sunglasses,7,2017.78,1762.1,14293.51,Festival Sale,20,17-04-2024,20-04-2024,90041000,12
17-04-2024,Charm Bracelet,Jewelry,4,4167.52,2887.96,16543.36,Festival Sale,34,17-04-2024,23-04-2024,71131100,3
17-04-2024,Sports Sunglasses,Sunglasses,4,2315.29,1670.13,9339.2,Festival Sale,34,17-04-2024,23-04-2024,90041000,12
17-04-2024,Shoulder Bag,Handbags,4,8149.31,4815.43,32990.88,Festival Sale,22,17-04-2024,23-04-2024,42022290,18
17-04-2024,Cat Eye Sunglasses,Sunglasses,10,2826.12,2469.88,27984.4,Festival Sale,27,17-04-2024,21-04-2024,90041000,12
17-04-2024,Analog Watch,Watches,8,5452.15,3562.06,43857.76,Festival Sale,24,17-04-2024,21-04-2024,91021100,18
18-04-2024,Silver Bracelet,Jewelry,2,1674.68,1358.41,3340.1,Festival Sale,23,18-04-2024,25-04-2024,71131100,3
18-04-2024,Pashmina Shawl,Scarves,6,1418.75,1492.58,8615.82,Festival Sale,33,18-04-2024,23-04-2024,62143000,12
18-04-2024,Turban,Hair Accessories,2,620.44,538.44,1235.26,Festival Sale,32,18-04-2024,25-04-2024,96151900,18
18-04-2024,Silver Bracelet,Jewelry,1,1455.02,1285.88,1472.22,Festival Sale,20,18-04-2024,23-04-2024,71131100,3
18-04-2024,Backpack Purse,Handbags,4,4094.95,2839.25,16601,Festival Sale,26,18-04-2024,25-04-2024,42022290,18
18-04-2024,Charm Bracelet,Jewelry,2,2360.69,1722.79,4742.9,Festival Sale,32,18-04-2024,21-04-2024,71131100,3
18-04-2024,Dress Watch,Watches,3,5224.93,4362.19,15495,Festival Sale,30,18-04-2024,23-04-2024,91021100,18
18-04-2024,Headband,Hair Accessories,3,849.33,664.34,2581.38,Festival Sale,23,18-04-2024,23-04-2024,96151900,18
18-04-2024,Sports Watch,Watches,2,4840.02,4944.96,9830.64,Festival Sale,29,18-04-2024,25-04-2024,91021100,18
18-04-2024,Sports Sunglasses,Sunglasses,1,1422.45,1386.31,1449.61,Festival Sale,34,18-04-2024,22-04-2024,90041000,12
18-04-2024,Round Frame,Sunglasses,4,2805.05,1960.88,11258.04,Festival Sale,28,18-04-2024,21-04-2024,90041000,12
18-04-2024,Aviator Sunglasses,Sunglasses,9,2073.01,1493.51,18821.16,Festival Sale,34,18-04-2024,21-04-2024,90041000,12
18-04-2024,Pearl Necklace,Jewelry,4,1995.45,1391.46,8048.72,Festival Sale,24,18-04-2024,19-04-2024,71131100,3
18-04-2024,Analog Watch,Watches,2,3736.25,2274.4,7331.18,Festival Sale,26,18-04-2024,19-04-2024,91021100,18
18-04-2024,Digital Watch,Watches,2,6708.72,4780.41,13583.64,Festival Sale,32,18-04-2024,22-04-2024,91021100,18
19-04-2024,Leather Tote Bag,Handbags,5,5634.6,3962.82,28219.95,Festival Sale,23,19-04-2024,22-04-2024,42022290,18
19-04-2024,Printed Scarf,Scarves,4,758.43,536.82,2975.84,Festival Sale,32,19-04-2024,20-04-2024,62143000,12
19-04-2024,Leather Tote Bag,Handbags,3,3731.06,3254.79,11407.35,Festival Sale,33,19-04-2024,23-04-2024,42022290,18
19-04-2024,Cotton Scarf,Scarves,6,1538.36,1351.83,9158.1,Festival Sale,26,19-04-2024,26-04-2024,62143000,12
19-04-2024,Pashmina Shawl,Scarves,2,2030.97,1316.11,4083,Festival Sale,27,19-04-2024,20-04-2024,62143000,12
19-04-2024,Turban,Hair Accessories,5,459.65,384.07,2261.5,Festival Sale,30,19-04-2024,21-04-2024,96151900,18
19-04-2024,Clutch Purse,Handbags,5,4138.77,3774.66,20358.4,Festival Sale,26,19-04-2024,22-04-2024,42022290,18
19-04-2024,Sports Sunglasses,Sunglasses,6,1166.47,1062.2,7030.56,Festival Sale,32,19-04-2024,21-04-2024,90041000,12
19-04-2024,Cat Eye Sunglasses,Sunglasses,8,1289.52,1081.29,10432.4,Festival Sale,30,19-04-2024,21-04-2024,90041000,12
19-04-2024,Clutch Purse,Handbags,4,2453.99,2220.43,9844.32,Festival Sale,32,19-04-2024,23-04-2024,42022290,18
20-04-2024,Oversized Sunglasses,Sunglasses,4,2803.92,1858.47,11010.76,Festival Sale,22,20-04-2024,23-04-2024,90041000,12
20-04-2024,Pearl Necklace,Jewelry,5,3525.28,2354.59,17781.9,Festival Sale,20,20-04-2024,21-04-2024,71131100,3
20-04-2024,Charm Bracelet,Jewelry,8,4668.86,2878.42,36645.36,Festival Sale,20,20-04-2024,27-04-2024,71131100,3
20-04-2024,Leather Tote Bag,Handbags,4,4789.43,2910.97,18916.04,Festival Sale,25,20-04-2024,22-04-2024,42022290,18
20-04-2024,Pashmina Shawl,Scarves,5,715.53,501.89,3611.25,Festival Sale,28,20-04-2024,23-04-2024,62143000,12
20-04-2024,Hair Clip Set,Hair Accessories,5,796.68,528.13,3937.55,Festival Sale,23,20-04-2024,27-04-2024,96151900,18
20-04-2024,Leather Tote Bag,Handbags,5,1446.98,1260.09,7367.6,Festival Sale,20,20-04-2024,22-04-2024,42022290,18
20-04-2024,Cat Eye Sunglasses,Sunglasses,6,2970.04,2315.94,17786.04,Festival Sale,25,20-04-2024,23-04-2024,90041000,12
20-04-2024,Round Frame,Sunglasses,5,2955.84,2133.19,14864,Festival Sale,20,20-04-2024,21-04-2024,90041000,12
20-04-2024,Silver Bracelet,Jewelry,5,2357.53,1799.56,11822.2,Festival Sale,31,20-04-2024,27-04-2024,71131100,3
20-04-2024,Headband,Hair Accessories,1,873.24,694.85,874.19,Festival Sale,23,20-04-2024,27-04-2024,96151900,18
20-04-2024,Fabric Belt,Belts,3,2178.66,1287.53,6535.26,Festival Sale,21,20-04-2024,26-04-2024,42033000,18
20-04-2024,Sports Sunglasses,Sunglasses,12,1288.36,1156.74,15364.2,Festival Sale,24,20-04-2024,24-04-2024,90041000,12
20-04-2024,Scrunchie Pack,Hair Accessories,7,694.13,509,4820.97,Festival Sale,26,20-04-2024,24-04-2024,96151900,18
20-04-2024,Cat Eye Sunglasses,Sunglasses,7,1678.28,1497.63,11528.58,Festival Sale,32,20-04-2024,26-04-2024,90041000,12
20-04-2024,Backpack Purse,Handbags,6,5998.03,3772.37,35613.84,Festival Sale,24,20-04-2024,26-04-2024,42022290,18
22-04-2024,Sports Watch,Watches,3,2534.79,2243.78,7547.67,Festival Sale,20,22-04-2024,28-04-2024,91021100,18
22-04-2024,Pashmina Shawl,Scarves,2,1449.88,1369.83,2912.28,Festival Sale,29,22-04-2024,28-04-2024,62143000,12
22-04-2024,Smart Watch,Watches,6,4208.57,3010.53,25643.46,Festival Sale,29,22-04-2024,24-04-2024,91021100,18
22-04-2024,Silver Bracelet,Jewelry,1,2415.56,2002.71,2458.96,Festival Sale,34,22-04-2024,23-04-2024,71131100,3
22-04-2024,Western Belt,Belts,4,1297.59,1072.09,5195,Festival Sale,20,22-04-2024,23-04-2024,42033000,18
22-04-2024,Leather Tote Bag,Handbags,5,6264,4457.77,31110.6,Festival Sale,28,22-04-2024,23-04-2024,42022290,18
22-04-2024,Leather Belt,Belts,1,2121.82,1823.84,2109.15,Festival Sale,26,22-04-2024,25-04-2024,42033000,18
22-04-2024,Pashmina Shawl,Scarves,1,1030.34,845.03,1012.01,Festival Sale,33,22-04-2024,24-04-2024,62143000,12
22-04-2024,Pashmina Shawl,Scarves,3,713.46,473.67,2150.49,Festival Sale,28,22-04-2024,24-04-2024,62143000,12
22-04-2024,Charm Bracelet,Jewelry,3,3382.01,2568.39,10094.43,Festival Sale,25,22-04-2024,25-04-2024,71131100,3
22-04-2024,Dress Watch,Watches,2,5047.02,3589.07,9939.82,Festival Sale,30,22-04-2024,23-04-2024,91021100,18
22-04-2024,Shoulder Bag,Handbags,1,4078.36,3601.56,4094.07,Festival Sale,23,22-04-2024,24-04-2024,42022290,18
22-04-2024,Charm Bracelet,Jewelry,2,2548.49,1946.36,5101.52,Festival Sale,22,22-04-2024,27-04-2024,71131100,3
22-04-2024,Printed Scarf,Scarves,8,937.15,614.47,7372.48,Festival Sale,29,22-04-2024,25-04-2024,62143000,12
22-04-2024,Round Frame,Sunglasses,9,1758.05,1196.6,15790.68,Festival Sale,22,22-04-2024,24-04-2024,90041000,12
22-04-2024,Aviator Sunglasses,Sunglasses,6,1821.55,1335.11,10799.88,Festival Sale,31,22-04-2024,28-04-2024,90041000,12
22-04-2024,Fabric Belt,Belts,5,1786.39,1433.42,8779,Festival Sale,24,22-04-2024,23-04-2024,42033000,18
22-04-2024,Hair Clip Set,Hair Accessories,7,564.28,478.39,3938.76,Festival Sale,27,22-04-2024,27-04-2024,96151900,18
22-04-2024,Sports Watch,Watches,2,7458.7,5214.37,15154.3,Festival Sale,30,22-04-2024,25-04-2024,91021100,18
22-04-2024,Fabric Belt,Belts,2,2485.08,1729.33,4907.02,Festival Sale,32,22-04-2024,25-04-2024,42033000,18
22-04-2024,Scrunchie Pack,Hair Accessories,3,640.85,416.26,1898.43,Festival Sale,25,22-04-2024,24-04-2024,96151900,18
22-04-2024,Shoulder Bag,Handbags,7,1922.83,1347.96,13670.37,Festival Sale,30,22-04-2024,27-04-2024,42022290,18
23-04-2024,Shoulder Bag,Handbags,4,5365.84,3364.04,21422.12,Festival Sale,24,23-04-2024,27-04-2024,42022290,18
23-04-2024,Aviator Sunglasses,Sunglasses,7,2465.95,1637.87,17270.54,Festival Sale,30,23-04-2024,28-04-2024,90041000,12
23-04-2024,Analog Watch,Watches,1,7776.52,4399.16,7670.01,Festival Sale,20,23-04-2024,27-04-2024,91021100,18
23-04-2024,Shoulder Bag,Handbags,2,1985.71,1360.9,4007.54,Festival Sale,21,23-04-2024,30-04-2024,42022290,18
23-04-2024,Cotton Scarf,Scarves,8,1106.67,898.94,8879.52,Festival Sale,30,23-04-2024,26-04-2024,62143000,12
23-04-2024,Oversized Sunglasses,Sunglasses,3,1112.22,950.79,3322.74,Festival Sale,33,23-04-2024,30-04-2024,90041000,12
23-04-2024,Fabric Belt,Belts,4,2036.47,1840.53,8140.28,Festival Sale,29,23-04-2024,30-04-2024,42033000,18
23-04-2024,Analog Watch,Watches,1,5624.64,3592.54,5524.09,Festival Sale,26,23-04-2024,27-04-2024,91021100,18
23-04-2024,Leather Tote Bag,Handbags,1,7681.07,4439.68,7542.1,Festival Sale,21,23-04-2024,25-04-2024,42022290,18
23-04-2024,Silver Bracelet,Jewelry,1,2210.8,1832.04,2248.43,Festival Sale,24,23-04-2024,28-04-2024,71131100,3
23-04-2024,Aviator Sunglasses,Sunglasses,4,2850.47,2448.42,11494.84,Festival Sale,33,23-04-2024,25-04-2024,90041000,12
23-04-2024,Dress Watch,Watches,1,4418.31,3098.94,4507.09,Festival Sale,25,23-04-2024,25-04-2024,91021100,18
23-04-2024,Cat Eye Sunglasses,Sunglasses,3,3097.19,2226.9,9322.2,Festival Sale,29,23-04-2024,29-04-2024,90041000,12
23-04-2024,Printed Scarf,Scarves,1,833.66,701,828.29,Festival Sale,34,23-04-2024,30-04-2024,62143000,12
23-04-2024,Charm Bracelet,Jewelry,6,2247.36,1720.94,13499.64,Festival Sale,26,23-04-2024,24-04-2024,71131100,3
23-04-2024,Headband,Hair Accessories,5,441.02,317.1,2243.95,Festival Sale,21,23-04-2024,30-04-2024,96151900,18
23-04-2024,Scrunchie Pack,Hair Accessories,2,760.29,657.47,1539.3,Festival Sale,22,23-04-2024,27-04-2024,96151900,18
23-04-2024,Statement Necklace,Jewelry,2,4536.78,2934.52,9193.7,Festival Sale,27,23-04-2024,29-04-2024,71131100,3
24-04-2024,Scrunchie Pack,Hair Accessories,4,427.76,309.7,1710.28,Festival Sale,33,24-04-2024,26-04-2024,96151900,18
24-04-2024,Cotton Scarf,Scarves,3,1016.84,771.23,3028.98,Festival Sale,34,24-04-2024,26-04-2024,62143000,12
24-04-2024,Hair Pin Set,Hair Accessories,4,275.25,200.39,1109.16,Festival Sale,34,24-04-2024,26-04-2024,96151900,18
24-04-2024,Silver Bracelet,Jewelry,1,1000.32,888.13,1015.33,Festival Sale,30,24-04-2024,29-04-2024,71131100,3
24-04-2024,Shoulder Bag,Handbags,5,4225.17,4090.19,20876.5,Festival Sale,33,24-04-2024,27-04-2024,42022290,18
24-04-2024,Western Belt,Belts,4,993.77,663.63,3918.92,Festival Sale,23,24-04-2024,25-04-2024,42033000,18
24-04-2024,Hair Clip Set,Hair Accessories,1,841.92,703.51,849.52,Festival Sale,21,24-04-2024,01-05-2024,96151900,18
24-04-2024,Hair Clip Set,Hair Accessories,4,1100.74,664.03,4416.96,Festival Sale,22,24-04-2024,27-04-2024,96151900,18
24-04-2024,Analog Watch,Watches,6,3242.93,2448.52,19788.48,Festival Sale,27,24-04-2024,27-04-2024,91021100,18
24-04-2024,Cotton Scarf,Scarves,1,880.01,721.77,889.7,Festival Sale,26,24-04-2024,25-04-2024,62143000,12
25-04-2024,Printed Scarf,Scarves,4,2238.23,1332.92,8858.32,Festival Sale,23,25-04-2024,26-04-2024,62143000,12
25-04-2024,Shoulder Bag,Handbags,2,5442.72,3566.22,10944.46,Festival Sale,30,25-04-2024,27-04-2024,42022290,18
25-04-2024,Pearl Necklace,Jewelry,2,3200.03,2858.07,6373.38,Festival Sale,28,25-04-2024,29-04-2024,71131100,3
25-04-2024,Sports Watch,Watches,4,4569.2,3510.22,17956.32,Festival Sale,29,25-04-2024,30-04-2024,91021100,18
25-04-2024,Pashmina Shawl,Scarves,5,2026.33,1435.69,10041.8,Festival Sale,31,25-04-2024,02-05-2024,62143000,12
25-04-2024,Analog Watch,Watches,5,5306.21,3480.26,26580.55,Festival Sale,23,25-04-2024,02-05-2024,91021100,18
25-04-2024,Gold Plated Earrings,Jewelry,4,1502.36,1101.6,6041.6,Festival Sale,31,25-04-2024,29-04-2024,71131100,3
25-04-2024,Pashmina Shawl,Scarves,5,749.2,516.44,3792.95,Festival Sale,30,25-04-2024,30-04-2024,62143000,12
25-04-2024,Charm Bracelet,Jewelry,2,1154.51,966.45,2285.6,Festival Sale,30,25-04-2024,26-04-2024,71131100,3
25-04-2024,Scrunchie Pack,Hair Accessories,1,748.96,595.23,760.75,Festival Sale,30,25-04-2024,30-04-2024,96151900,18
25-04-2024,Waist Belt,Belts,3,2404.49,1976.99,7342.29,Festival Sale,23,25-04-2024,26-04-2024,42033000,18
25-04-2024,Sports Watch,Watches,5,4907.32,4262.87,24930.7,Festival Sale,27,25-04-2024,26-04-2024,91021100,18
25-04-2024,Crossbody Bag,Handbags,3,2678.43,1792.94,8118.78,Festival Sale,27,25-04-2024,01-05-2024,42022290,18
26-04-2024,Backpack Purse,Handbags,3,2217.76,1976.14,6619.62,Festival Sale,21,26-04-2024,01-05-2024,42022290,18
26-04-2024,Statement Necklace,Jewelry,5,1816.79,1349.5,8954.55,Festival Sale,31,26-04-2024,29-04-2024,71131100,3
26-04-2024,Smart Watch,Watches,7,2470.9,1698.18,16962.05,Festival Sale,27,26-04-2024,27-04-2024,91021100,18
26-04-2024,Smart Watch,Watches,6,6920.04,5830.18,41139.3,Festival Sale,33,26-04-2024,29-04-2024,91021100,18
26-04-2024,Hair Pin Set,Hair Accessories,6,491.81,451.51,2993.22,Festival Sale,28,26-04-2024,28-04-2024,96151900,18
26-04-2024,Dress Watch,Watches,9,7339.4,5623.89,66647.25,Festival Sale,31,26-04-2024,02-05-2024,91021100,18
26-04-2024,Western Belt,Belts,2,882.4,611.28,1791.16,Festival Sale,32,26-04-2024,28-04-2024,42033000,18
26-04-2024,Gold Plated Earrings,Jewelry,4,2442.21,1931.01,9921.4,Festival Sale,22,26-04-2024,29-04-2024,71131100,3
26-04-2024,Shoulder Bag,Handbags,6,2903.35,2432.51,17373.06,Festival Sale,25,26-04-2024,29-04-2024,42022290,18
26-04-2024,Fabric Belt,Belts,3,2646.2,1692.26,7811.52,Festival Sale,30,26-04-2024,03-05-2024,42033000,18
26-04-2024,Silver Bracelet,Jewelry,5,3512.59,2751.66,17434.4,Festival Sale,27,26-04-2024,27-04-2024,71131100,3
26-04-2024,Gold Plated Earrings,Jewelry,1,1145.18,985.08,1131.57,Festival Sale,33,26-04-2024,28-04-2024,71131100,3
26-04-2024,Silver Bracelet,Jewelry,5,2148.25,1316.99,10737.75,Festival Sale,21,26-04-2024,28-04-2024,71131100,3
26-04-2024,Silver Bracelet,Jewelry,2,1169.24,886.66,2340.8,Festival Sale,29,26-04-2024,27-04-2024,71131100,3
26-04-2024,Scrunchie Pack,Hair Accessories,7,391.57,383.86,2693.88,Festival Sale,30,26-04-2024,03-05-2024,96151900,18
26-04-2024,Dress Watch,Watches,3,5413.45,3417.55,16097.43,Festival Sale,24,26-04-2024,28-04-2024,91021100,18
26-04-2024,Hair Pin Set,Hair Accessories,3,323.52,230.34,972.15,Festival Sale,26,26-04-2024,30-04-2024,96151900,18
26-04-2024,Western Belt,Belts,4,2184.08,1618.54,8795.2,Festival Sale,24,26-04-2024,30-04-2024,42033000,18
26-04-2024,Waist Belt,Belts,4,2013.93,1627.47,8189,Festival Sale,25,26-04-2024,01-05-2024,42033000,18
26-04-2024,Pashmina Shawl,Scarves,5,926.19,612.78,4572.25,Festival Sale,22,26-04-2024,30-04-2024,62143000,12
27-04-2024,Analog Watch,Watches,1,2863.03,2134.98,2901.41,Festival Sale,26,27-04-2024,02-05-2024,91021100,18
27-04-2024,Cat Eye Sunglasses,Sunglasses,2,1509.42,955.9,3017.02,Festival Sale,28,27-04-2024,04-05-2024,90041000,12
27-04-2024,Scrunchie Pack,Hair Accessories,10,402.61,301.44,4004.1,Festival Sale,21,27-04-2024,28-04-2024,96151900,18
27-04-2024,Sports Sunglasses,Sunglasses,2,1925.29,1587.4,3813.34,Festival Sale,26,27-04-2024,29-04-2024,90041000,12
27-04-2024,Hair Clip Set,Hair Accessories,3,1250.67,733.95,3815.61,Festival Sale,21,27-04-2024,01-05-2024,96151900,18
27-04-2024,Scrunchie Pack,Hair Accessories,8,466.02,275.57,3802.56,Festival Sale,21,27-04-2024,03-05-2024,96151900,18
27-04-2024,Hair Pin Set,Hair Accessories,7,800.97,661.15,5560.94,Festival Sale,24,27-04-2024,02-05-2024,96151900,18
27-04-2024,Aviator Sunglasses,Sunglasses,9,2234.34,2259.11,20145.78,Festival Sale,31,27-04-2024,29-04-2024,90041000,12
27-04-2024,Crossbody Bag,Handbags,9,5120.49,4399.66,46679.76,Festival Sale,34,27-04-2024,01-05-2024,42022290,18
27-04-2024,Turban,Hair Accessories,5,262.75,214.81,1288.9,Festival Sale,29,27-04-2024,03-05-2024,96151900,18
27-04-2024,Turban,Hair Accessories,12,484.72,376.01,5749.68,Festival Sale,30,27-04-2024,02-05-2024,96151900,18
27-04-2024,Turban,Hair Accessories,2,818.4,580.23,1631.68,Festival Sale,25,27-04-2024,28-04-2024,96151900,18
27-04-2024,Western Belt,Belts,4,1116,1079.82,4428.2,Festival Sale,32,27-04-2024,04-05-2024,42033000,18
27-04-2024,Cotton Scarf,Scarves,3,575.03,400.03,1749.24,Festival Sale,26,27-04-2024,02-05-2024,62143000,12
27-04-2024,Printed Scarf,Scarves,1,1414.68,1022.32,1389,Festival Sale,25,27-04-2024,02-05-2024,62143000,12
27-04-2024,Scrunchie Pack,Hair Accessories,1,362.66,344.18,355.6,Festival Sale,30,27-04-2024,03-05-2024,96151900,18
27-04-2024,Winter Wool Scarf,Scarves,6,573.06,496.41,3418.08,Festival Sale,21,27-04-2024,03-05-2024,62143000,12
27-04-2024,Fabric Belt,Belts,3,1713.83,1110.54,5107.11,Festival Sale,23,27-04-2024,01-05-2024,42033000,18
27-04-2024,Cotton Scarf,Scarves,2,1724.45,1203.27,3420.92,Festival Sale,25,27-04-2024,04-05-2024,62143000,12
27-04-2024,Western Belt,Belts,3,1991.84,1789.94,5936.16,Festival Sale,29,27-04-2024,02-05-2024,42033000,18
27-04-2024,Hair Clip Set,Hair Accessories,3,243.11,251.62,731.13,Festival Sale,33,27-04-2024,29-04-2024,96151900,18
27-04-2024,Cotton Scarf,Scarves,4,642.37,445.74,2565.32,Festival Sale,20,27-04-2024,30-04-2024,62143000,12
29-04-2024,Smart Watch,Watches,9,9366.73,5584.81,85039.65,Festival Sale,23,29-04-2024,02-05-2024,91021100,18
29-04-2024,Crossbody Bag,Handbags,1,4091.39,2766.66,4100.11,Festival Sale,31,29-04-2024,30-04-2024,42022290,18
29-04-2024,Pearl Necklace,Jewelry,4,1046.05,936.48,4194.92,Festival Sale,33,29-04-2024,04-05-2024,71131100,3
29-04-2024,Analog Watch,Watches,3,4223.69,3366.72,12779.37,Festival Sale,26,29-04-2024,06-05-2024,91021100,18
29-04-2024,Aviator Sunglasses,Sunglasses,6,2987.71,2427.31,17722.98,Festival Sale,20,29-04-2024,03-05-2024,90041000,12
29-04-2024,Statement Necklace,Jewelry,1,2527.06,2415.6,2536.22,Festival Sale,33,29-04-2024,04-05-2024,71131100,3
29-04-2024,Winter Wool Scarf,Scarves,3,769.02,679.69,2302.29,Festival Sale,31,29-04-2024,02-05-2024,62143000,12
29-04-2024,Smart Watch,Watches,3,4912.86,3447.47,14944.17,Festival Sale,23,29-04-2024,05-05-2024,91021100,18
29-04-2024,Pashmina Shawl,Scarves,3,1599.44,1093.1,4803.12,Festival Sale,29,29-04-2024,01-05-2024,62143000,12
29-04-2024,Waist Belt,Belts,7,823.46,656.4,5704.58,Festival Sale,28,29-04-2024,03-05-2024,42033000,18
29-04-2024,Sports Watch,Watches,3,3236.13,2761.51,9729.99,Festival Sale,22,29-04-2024,01-05-2024,91021100,18
29-04-2024,Turban,Hair Accessories,2,1186.54,743.32,2367.62,Festival Sale,23,29-04-2024,04-05-2024,96151900,18
29-04-2024,Cat Eye Sunglasses,Sunglasses,9,3157.18,2221.49,28187.19,Festival Sale,26,29-04-2024,01-05-2024,90041000,12
29-04-2024,Western Belt,Belts,3,1968.69,1446.1,5932.41,Festival Sale,32,29-04-2024,02-05-2024,42033000,18
29-04-2024,Pashmina Shawl,Scarves,1,719.35,622.52,723.6,Festival Sale,32,29-04-2024,02-05-2024,62143000,12
29-04-2024,Digital Watch,Watches,1,2828.69,2153.97,2876.35,Festival Sale,26,29-04-2024,02-05-2024,91021100,18
29-04-2024,Shoulder Bag,Handbags,6,2185.47,2180.79,13069.8,Festival Sale,33,29-04-2024,30-04-2024,42022290,18
29-04-2024,Crossbody Bag,Handbags,2,2011.8,1845.57,3990.56,Festival Sale,28,29-04-2024,05-05-2024,42022290,18
29-04-2024,Sports Watch,Watches,2,6047.89,5770.41,12056.6,Festival Sale,31,29-04-2024,03-05-2024,91021100,18
29-04-2024,Cotton Scarf,Scarves,2,1535.18,1242.57,3097.18,Festival Sale,28,29-04-2024,02-05-2024,62143000,12
29-04-2024,Charm Bracelet,Jewelry,4,1276.21,1321.23,5153.84,Festival Sale,34,29-04-2024,04-05-2024,71131100,3
29-04-2024,Pearl Necklace,Jewelry,5,3186.95,2224.41,16154.8,Festival Sale,30,29-04-2024,06-05-2024,71131100,3
30-04-2024,Hair Pin Set,Hair Accessories,3,487.75,452.01,1490.25,Clearance Sale,41,30-04-2024,06-05-2024,96151900,18
30-04-2024,Waist Belt,Belts,2,3000.21,1995.14,6018.02,No Promotion,0,30-04-2024,05-05-2024,42033000,18
30-04-2024,Charm Bracelet,Jewelry,3,4607.34,2981.37,14012.31,No Promotion,0,30-04-2024,07-05-2024,71131100,3
30-04-2024,Analog Watch,Watches,2,6154,4451.56,12214.78,Seasonal Offer,12,30-04-2024,02-05-2024,91021100,18
30-04-2024,Scrunchie Pack,Hair Accessories,5,710.58,356.7,3488.45,No Promotion,0,30-04-2024,01-05-2024,96151900,18
30-04-2024,Hair Clip Set,Hair Accessories,3,503.81,309.65,1537.65,No Promotion,0,30-04-2024,03-05-2024,96151900,18
30-04-2024,Sports Watch,Watches,5,5420.21,3622.42,26681.65,No Promotion,0,30-04-2024,03-05-2024,91021100,18
30-04-2024,Pearl Necklace,Jewelry,3,2861.5,1495.37,8530.68,No Promotion,0,30-04-2024,04-05-2024,71131100,3
30-04-2024,Digital Watch,Watches,3,5385.45,2878.87,15926.82,No Promotion,0,30-04-2024,06-05-2024,91021100,18
30-04-2024,Shoulder Bag,Handbags,4,4733.65,3400.12,19199.6,No Promotion,0,30-04-2024,07-05-2024,42022290,18
30-04-2024,Silk Scarf,Scarves,6,2024.16,1374.79,11950.68,Seasonal Offer,18,30-04-2024,03-05-2024,62143000,12
30-04-2024,Winter Wool Scarf,Scarves,4,1173.15,551.94,4608.2,No Promotion,0,30-04-2024,07-05-2024,62143000,12
30-04-2024,Sports Watch,Watches,5,4571.94,5705.45,22493.75,Clearance Sale,52,30-04-2024,04-05-2024,91021100,18
30-04-2024,Silver Bracelet,Jewelry,3,2619.58,1486.82,7770,No Promotion,0,30-04-2024,01-05-2024,71131100,3
30-04-2024,Hair Clip Set,Hair Accessories,3,351.12,394.24,1070.91,Clearance Sale,55,30-04-2024,03-05-2024,96151900,18
30-04-2024,Statement Necklace,Jewelry,6,3074.33,2119.93,18654.36,Seasonal Offer,18,30-04-2024,06-05-2024,71131100,3
30-04-2024,Pashmina Shawl,Scarves,1,1116.79,667.93,1098.63,No Promotion,0,30-04-2024,05-05-2024,62143000,12
30-04-2024,Round Frame,Sunglasses,3,2486.38,2199.11,7540.74,Clearance Sale,47,30-04-2024,04-05-2024,90041000,12
30-04-2024,Cotton Scarf,Scarves,3,1802.84,1102.19,5441.67,No Promotion,0,30-04-2024,02-05-2024,62143000,12
30-04-2024,Leather Belt,Belts,6,1510.67,864.87,9229.98,Seasonal Offer,10,30-04-2024,04-05-2024,42033000,18
30-04-2024,Digital Watch,Watches,1,4312.64,3335,4290.66,Flash Sale,39,30-04-2024,07-05-2024,91021100,18
30-04-2024,Smart Watch,Watches,5,9083.01,4333.33,45300.35,No Promotion,0,30-04-2024,06-05-2024,91021100,18
30-04-2024,Backpack Purse,Handbags,3,3970.77,3178.07,11696.28,Flash Sale,30,30-04-2024,05-05-2024,42022290,18
30-04-2024,Aviator Sunglasses,Sunglasses,6,2770.37,1852.59,16365.36,Festival Sale,15,30-04-2024,07-05-2024,90041000,12
30-04-2024,Statement Necklace,Jewelry,5,3195.38,1928.32,15973.1,No Promotion,0,30-04-2024,01-05-2024,71131100,3
01-05-2024,Clutch Purse,Handbags,2,9747.72,4677.01,19410.54,No Promotion,0,01-05-2024,02-05-2024,42022290,18
01-05-2024,Analog Watch,Watches,1,4601.49,4675.03,4617.52,Clearance Sale,40,01-05-2024,02-05-2024,91021100,18
01-05-2024,Dress Watch,Watches,2,6431.84,5630.28,13055.62,Festival Sale,22,01-05-2024,06-05-2024,91021100,18
01-05-2024,Backpack Purse,Handbags,3,6503.23,3808.75,19226.82,Festival Sale,18,01-05-2024,03-05-2024,42022290,18
01-05-2024,Gold Plated Earrings,Jewelry,3,4361.98,1984.47,13060.05,No Promotion,0,01-05-2024,04-05-2024,71131100,3
01-05-2024,Printed Scarf,Scarves,2,1829.53,1310.28,3670.02,No Promotion,0,01-05-2024,08-05-2024,62143000,12
01-05-2024,Shoulder Bag,Handbags,4,2795.22,2786.1,11377.28,Flash Sale,40,01-05-2024,03-05-2024,42022290,18
01-05-2024,Leather Tote Bag,Handbags,3,5678.25,4408.4,16922.79,Clearance Sale,40,01-05-2024,06-05-2024,42022290,18
01-05-2024,Sports Sunglasses,Sunglasses,3,1584.25,1175,4771.89,Festival Sale,24,01-05-2024,02-05-2024,90041000,12
02-05-2024,Silver Bracelet,Jewelry,8,1681.8,831.64,13588.24,No Promotion,0,02-05-2024,06-05-2024,71131100,3
02-05-2024,Aviator Sunglasses,Sunglasses,1,2991.28,1932.85,2946.87,No Promotion,0,02-05-2024,09-05-2024,90041000,12
02-05-2024,Digital Watch,Watches,4,2290.88,2444.54,9280.96,Clearance Sale,41,02-05-2024,03-05-2024,91021100,18
02-05-2024,Sports Watch,Watches,1,3994.5,3041.66,3992.1,Flash Sale,31,02-05-2024,04-05-2024,91021100,18
02-05-2024,Digital Watch,Watches,7,9771.29,5658.33,67599.28,Festival Sale,17,02-05-2024,04-05-2024,91021100,18
02-05-2024,Printed Scarf,Scarves,3,1873.72,1061.04,5543.76,Seasonal Offer,11,02-05-2024,04-05-2024,62143000,12
02-05-2024,Sports Watch,Watches,1,3600.54,3043.18,3555.22,Clearance Sale,40,02-05-2024,03-05-2024,91021100,18
02-05-2024,Fabric Belt,Belts,3,939.14,721.9,2773.41,Seasonal Offer,18,02-05-2024,03-05-2024,42033000,18
02-05-2024,Hair Clip Set,Hair Accessories,3,488.35,266.89,1486.32,No Promotion,0,02-05-2024,03-05-2024,96151900,18
02-05-2024,Gold Plated Earrings,Jewelry,3,1821.94,1165.7,5371.2,Flash Sale,28,02-05-2024,09-05-2024,71131100,3
02-05-2024,Printed Scarf,Scarves,4,715.59,454.57,2919.48,No Promotion,0,02-05-2024,04-05-2024,62143000,12
03-05-2024,Pearl Necklace,Jewelry,6,2058.24,2801.01,12471.18,Clearance Sale,60,03-05-2024,09-05-2024,71131100,3
03-05-2024,Oversized Sunglasses,Sunglasses,2,3126.97,2188.16,6359.76,Festival Sale,30,03-05-2024,08-05-2024,90041000,12
03-05-2024,Dress Watch,Watches,3,6616.63,4286.42,19502.34,Festival Sale,15,03-05-2024,08-05-2024,91021100,18
03-05-2024,Scrunchie Pack,Hair Accessories,9,1166.04,780.36,10526.4,Festival Sale,24,03-05-2024,07-05-2024,96151900,18
03-05-2024,Gold Plated Earrings,Jewelry,4,2707.01,2950.02,10908.64,Clearance Sale,42,03-05-2024,05-05-2024,71131100,3
03-05-2024,Scrunchie Pack,Hair Accessories,3,766.72,404.98,2331.21,No Promotion,0,03-05-2024,09-05-2024,96151900,18
03-05-2024,Fabric Belt,Belts,5,1579.68,868.43,8008.65,No Promotion,0,03-05-2024,10-05-2024,42033000,18
03-05-2024,Pashmina Shawl,Scarves,1,2476.84,1213.85,2465.6,No Promotion,0,03-05-2024,08-05-2024,62143000,12
03-05-2024,Clutch Purse,Handbags,5,8156.32,3876.47,41534.05,No Promotion,0,03-05-2024,05-05-2024,42022290,18
03-05-2024,Crossbody Bag,Handbags,5,5949.33,3959.12,29634.85,No Promotion,0,03-05-2024,07-05-2024,42022290,18
04-05-2024,Fabric Belt,Belts,4,2959.52,1891.65,11709.44,Festival Sale,23,04-05-2024,06-05-2024,42033000,18
04-05-2024,Printed Scarf,Scarves,3,1093.93,971.24,3268.59,Festival Sale,28,04-05-2024,06-05-2024,62143000,12
04-05-2024,Western Belt,Belts,9,945.61,791.58,8400.78,Seasonal Offer,19,04-05-2024,07-05-2024,42033000,18
04-05-2024,Silver Bracelet,Jewelry,5,1662.48,987.89,8391.2,Festival Sale,22,04-05-2024,08-05-2024,71131100,3
04-05-2024,Headband,Hair Accessories,1,421.6,316.97,428.85,Festival Sale,25,04-05-2024,05-05-2024,96151900,18
04-05-2024,Turban,Hair Accessories,2,1170.87,631.45,2321.22,No Promotion,0,04-05-2024,07-05-2024,96151900,18
04-05-2024,Charm Bracelet,Jewelry,1,3470.13,2056,3425.17,No Promotion,0,04-05-2024,08-05-2024,71131100,3
04-05-2024,Clutch Purse,Handbags,5,8334.22,4500.52,41668.3,No Promotion,0,04-05-2024,07-05-2024,42022290,18
04-05-2024,Aviator Sunglasses,Sunglasses,1,1406.58,1053.03,1388.77,Festival Sale,24,04-05-2024,09-05-2024,90041000,12
04-05-2024,Winter Wool Scarf,Scarves,6,1034.31,642.35,6216.3,Seasonal Offer,11,04-05-2024,11-05-2024,62143000,12
04-05-2024,Gold Plated Earrings,Jewelry,12,3064.14,2066.46,37218.48,No Promotion,0,04-05-2024,11-05-2024,71131100,3
04-05-2024,Dress Watch,Watches,5,6032.63,4543.79,30194.1,Festival Sale,19,04-05-2024,09-05-2024,91021100,18
04-05-2024,Western Belt,Belts,8,2506.05,1219.96,20278.8,No Promotion,0,04-05-2024,06-05-2024,42033000,18
04-05-2024,Leather Belt,Belts,4,831.07,721.39,3328,Flash Sale,37,04-05-2024,09-05-2024,42033000,18
04-05-2024,Silver Bracelet,Jewelry,5,2516.55,2864,12762.7,Clearance Sale,45,04-05-2024,09-05-2024,71131100,3
04-05-2024,Cotton Scarf,Scarves,1,1332.78,623.84,1349.76,No Promotion,0,04-05-2024,06-05-2024,62143000,12
04-05-2024,Turban,Hair Accessories,3,980.28,460.72,2896.47,No Promotion,0,04-05-2024,08-05-2024,96151900,18
04-05-2024,Leather Belt,Belts,5,1234.73,786.68,6270,No Promotion,0,04-05-2024,05-05-2024,42033000,18
04-05-2024,Cotton Scarf,Scarves,2,2489.6,1352.13,5034.72,No Promotion,0,04-05-2024,08-05-2024,62143000,12
04-05-2024,Clutch Purse,Handbags,2,2336.04,2760.78,4581.28,Clearance Sale,54,04-05-2024,07-05-2024,42022290,18
04-05-2024,Pashmina Shawl,Scarves,6,1982.21,1342.52,11857.2,Festival Sale,17,04-05-2024,10-05-2024,62143000,12
04-05-2024,Pearl Necklace,Jewelry,2,2562.77,2992.98,5108,Clearance Sale,51,04-05-2024,11-05-2024,71131100,3
04-05-2024,Sports Sunglasses,Sunglasses,8,1501.62,999.53,11849.44,Festival Sale,28,04-05-2024,08-05-2024,90041000,12
04-05-2024,Hair Pin Set,Hair Accessories,2,1225.04,783.96,2447.7,No Promotion,0,04-05-2024,06-05-2024,96151900,18
04-05-2024,Chain Belt,Belts,2,2038.7,1239.42,4123.28,No Promotion,0,04-05-2024,07-05-2024,42033000,18
06-05-2024,Shoulder Bag,Handbags,2,9235.05,4853.38,18527.56,No Promotion,0,06-05-2024,10-05-2024,42022290,18
06-05-2024,Fabric Belt,Belts,1,783.71,637.95,775.8,Clearance Sale,40,06-05-2024,09-05-2024,42033000,18
06-05-2024,Shoulder Bag,Handbags,7,5232.37,3012.54,36088.92,No Promotion,0,06-05-2024,11-05-2024,42022290,18
06-05-2024,Pearl Necklace,Jewelry,2,2415.28,1413.82,4874.78,No Promotion,0,06-05-2024,13-05-2024,71131100,3
06-05-2024,Western Belt,Belts,1,1087.24,962.31,1097.69,Flash Sale,31,06-05-2024,11-05-2024,42033000,18
06-05-2024,Leather Belt,Belts,3,1882.02,1873.43,5685.27,Flash Sale,28,06-05-2024,09-05-2024,42033000,18
06-05-2024,Digital Watch,Watches,5,6915.02,3524.75,34442.55,No Promotion,0,06-05-2024,11-05-2024,91021100,18
06-05-2024,Oversized Sunglasses,Sunglasses,1,3230.33,2252.02,3259.21,No Promotion,0,06-05-2024,09-05-2024,90041000,12
06-05-2024,Headband,Hair Accessories,2,614.91,422.58,1210.78,Festival Sale,29,06-05-2024,10-05-2024,96151900,18
06-05-2024,Fabric Belt,Belts,2,1704,1407.08,3344.06,Festival Sale,29,06-05-2024,12-05-2024,42033000,18
06-05-2024,Dress Watch,Watches,2,7085.45,3807.88,14070.1,Seasonal Offer,11,06-05-2024,12-05-2024,91021100,18
06-05-2024,Digital Watch,Watches,3,3479.65,3174.2,10246.2,Flash Sale,27,06-05-2024,12-05-2024,91021100,18
06-05-2024,Hair Pin Set,Hair Accessories,2,1155.08,702.47,2329.94,No Promotion,0,06-05-2024,11-05-2024,96151900,18
06-05-2024,Oversized Sunglasses,Sunglasses,1,2169.05,2214.8,2142.05,Flash Sale,36,06-05-2024,12-05-2024,90041000,12
06-05-2024,Hair Pin Set,Hair Accessories,4,828.94,508.45,3292.28,Seasonal Offer,20,06-05-2024,13-05-2024,96151900,18
07-05-2024,Cat Eye Sunglasses,Sunglasses,3,3254.93,1853.83,9858.18,Seasonal Offer,11,07-05-2024,10-05-2024,90041000,12
07-05-2024,Cat Eye Sunglasses,Sunglasses,3,1275.92,1090.43,3855.78,Seasonal Offer,19,07-05-2024,08-05-2024,90041000,12
07-05-2024,Scrunchie Pack,Hair Accessories,2,569.76,446.69,1140.04,Flash Sale,35,07-05-2024,11-05-2024,96151900,18
07-05-2024,Backpack Purse,Handbags,5,1293.13,1458.54,6391.1,Clearance Sale,47,07-05-2024,08-05-2024,42022290,18
07-05-2024,Crossbody Bag,Handbags,4,2169.14,1237.34,8549.28,No Promotion,0,07-05-2024,12-05-2024,42022290,18
07-05-2024,Turban,Hair Accessories,4,650.15,335.1,2586.76,No Promotion,0,07-05-2024,12-05-2024,96151900,18
07-05-2024,Silver Bracelet,Jewelry,3,2708.19,2388.88,8053.2,Festival Sale,27,07-05-2024,08-05-2024,71131100,3
07-05-2024,Dress Watch,Watches,3,2208.33,2952.64,6688.17,Clearance Sale,53,07-05-2024,09-05-2024,91021100,18
07-05-2024,Oversized Sunglasses,Sunglasses,7,1695.18,1082.35,11752.93,Festival Sale,19,07-05-2024,10-05-2024,90041000,12
08-05-2024,Digital Watch,Watches,1,6389.12,3444.05,6362.4,Festival Sale,16,08-05-2024,14-05-2024,91021100,18
08-05-2024,Leather Belt,Belts,2,1476.16,974,2985.4,Festival Sale,28,08-05-2024,11-05-2024,42033000,18
08-05-2024,Gold Plated Earrings,Jewelry,5,2983.7,2778.71,14654.6,Flash Sale,30,08-05-2024,11-05-2024,71131100,3
08-05-2024,Dress Watch,Watches,3,7291.98,3588,21864.69,No Promotion,0,08-05-2024,14-05-2024,91021100,18
08-05-2024,Cat Eye Sunglasses,Sunglasses,4,1400.94,1004.44,5538.52,Flash Sale,33,08-05-2024,12-05-2024,90041000,12
08-05-2024,Cotton Scarf,Scarves,6,736.2,506.72,4412.7,No Promotion,0,08-05-2024,15-05-2024,62143000,12
08-05-2024,Aviator Sunglasses,Sunglasses,6,4847.62,2469.67,28590.6,No Promotion,0,08-05-2024,09-05-2024,90041000,12
08-05-2024,Fabric Belt,Belts,2,2081.66,1817.57,4223.92,Clearance Sale,45,08-05-2024,14-05-2024,42033000,18
08-05-2024,Silk Scarf,Scarves,2,1875.07,1364.83,3743.22,Seasonal Offer,14,08-05-2024,12-05-2024,62143000,12
08-05-2024,Gold Plated Earrings,Jewelry,2,2799.44,1553.27,5707.28,No Promotion,0,08-05-2024,14-05-2024,71131100,3
08-05-2024,Leather Belt,Belts,1,1786.71,1776.49,1808.6,Festival Sale,28,08-05-2024,09-05-2024,42033000,18
08-05-2024,Leather Tote Bag,Handbags,1,2781.88,3466.12,2806.46,Clearance Sale,50,08-05-2024,15-05-2024,42022290,18
08-05-2024,Western Belt,Belts,3,2849.59,1850.36,8558.16,Festival Sale,21,08-05-2024,12-05-2024,42033000,18
08-05-2024,Backpack Purse,Handbags,4,4369.92,4288.83,17258.64,Clearance Sale,46,08-05-2024,12-05-2024,42022290,18
08-05-2024,Leather Tote Bag,Handbags,1,3677.08,2393.82,3681.99,Festival Sale,29,08-05-2024,15-05-2024,42022290,18
08-05-2024,Printed Scarf,Scarves,1,551.64,452.89,550.29,Flash Sale,32,08-05-2024,11-05-2024,62143000,12
08-05-2024,Clutch Purse,Handbags,4,2458.09,2084.94,9668.36,Festival Sale,24,08-05-2024,10-05-2024,42022290,18
09-05-2024,Crossbody Bag,Handbags,3,2179.31,1410.69,6471.51,Flash Sale,26,09-05-2024,16-05-2024,42022290,18
09-05-2024,Hair Pin Set,Hair Accessories,2,999.02,471.73,2034.64,No Promotion,0,09-05-2024,10-05-2024,96151900,18
09-05-2024,Analog Watch,Watches,1,4979.19,3816.53,5044.47,Festival Sale,27,09-05-2024,14-05-2024,91021100,18
09-05-2024,Hair Pin Set,Hair Accessories,1,393.26,252.07,400.66,No Promotion,0,09-05-2024,13-05-2024,96151900,18
09-05-2024,Turban,Hair Accessories,5,232.43,223.4,1182.55,Clearance Sale,40,09-05-2024,16-05-2024,96151900,18
09-05-2024,Silver Bracelet,Jewelry,5,3774,2556.82,18992.4,No Promotion,0,09-05-2024,11-05-2024,71131100,3
09-05-2024,Silver Bracelet,Jewelry,2,2509.92,1184.52,4974.5,No Promotion,0,09-05-2024,14-05-2024,71131100,3
09-05-2024,Pearl Necklace,Jewelry,1,2670.43,1365.74,2698.02,No Promotion,0,09-05-2024,10-05-2024,71131100,3
09-05-2024,Shoulder Bag,Handbags,3,7499.3,4612.96,22595.25,Festival Sale,24,09-05-2024,11-05-2024,42022290,18
09-05-2024,Leather Tote Bag,Handbags,5,2154.79,2003.44,10819.9,Flash Sale,33,09-05-2024,10-05-2024,42022290,18
09-05-2024,Round Frame,Sunglasses,3,1721.01,1060.25,5144.46,No Promotion,0,09-05-2024,15-05-2024,90041000,12
09-05-2024,Hair Clip Set,Hair Accessories,1,1349.74,625.38,1328.85,No Promotion,0,09-05-2024,13-05-2024,96151900,18
09-05-2024,Dress Watch,Watches,2,6390.41,5039.28,12538.46,Festival Sale,22,09-05-2024,10-05-2024,91021100,18
09-05-2024,Charm Bracelet,Jewelry,2,2235.74,1900.07,4452.84,Festival Sale,22,09-05-2024,12-05-2024,71131100,3
10-05-2024,Statement Necklace,Jewelry,3,3210.18,1704.07,9628.59,No Promotion,0,10-05-2024,16-05-2024,71131100,3
10-05-2024,Fabric Belt,Belts,5,871.91,1229.55,4328.05,Clearance Sale,58,10-05-2024,17-05-2024,42033000,18
10-05-2024,Cotton Scarf,Scarves,4,611.44,421.97,2429.44,Festival Sale,23,10-05-2024,15-05-2024,62143000,12
10-05-2024,Silk Scarf,Scarves,3,1091.13,656.32,3270.27,Festival Sale,19,10-05-2024,15-05-2024,62143000,12
10-05-2024,Sports Sunglasses,Sunglasses,1,1751.69,946.67,1735.24,No Promotion,0,10-05-2024,15-05-2024,90041000,12
10-05-2024,Analog Watch,Watches,9,6545.86,3660.83,58933.35,No Promotion,0,10-05-2024,15-05-2024,91021100,18
10-05-2024,Gold Plated Earrings,Jewelry,3,3833.14,1972.72,11275.5,No Promotion,0,10-05-2024,11-05-2024,71131100,3
10-05-2024,Charm Bracelet,Jewelry,5,2072.85,1465.27,10554.65,No Promotion,0,10-05-2024,13-05-2024,71131100,3
10-05-2024,Aviator Sunglasses,Sunglasses,8,2275.91,2043.84,18248.72,Flash Sale,36,10-05-2024,12-05-2024,90041000,12
10-05-2024,Turban,Hair Accessories,3,471.71,505.49,1420.98,Flash Sale,34,10-05-2024,13-05-2024,96151900,18
10-05-2024,Oversized Sunglasses,Sunglasses,1,1118.3,1230.88,1106.34,Clearance Sale,58,10-05-2024,17-05-2024,90041000,12
10-05-2024,Silver Bracelet,Jewelry,2,3661.76,1697.46,7415.22,No Promotion,0,10-05-2024,12-05-2024,71131100,3
10-05-2024,Backpack Purse,Handbags,8,4701.49,4281.55,37711.36,Flash Sale,36,10-05-2024,12-05-2024,42022290,18
10-05-2024,Sports Sunglasses,Sunglasses,1,2523.73,1362.64,2503.9,Festival Sale,15,10-05-2024,16-05-2024,90041000,12
10-05-2024,Fabric Belt,Belts,1,2326.65,1944.51,2317.09,Festival Sale,17,10-05-2024,15-05-2024,42033000,18
10-05-2024,Chain Belt,Belts,4,670.42,618.59,2676.84,Clearance Sale,41,10-05-2024,12-05-2024,42033000,18
10-05-2024,Aviator Sunglasses,Sunglasses,6,1394.96,1139.01,8391.6,Flash Sale,36,10-05-2024,12-05-2024,90041000,12
10-05-2024,Sports Sunglasses,Sunglasses,10,645.9,950.15,6394.5,Clearance Sale,55,10-05-2024,14-05-2024,90041000,12
10-05-2024,Western Belt,Belts,5,1311.83,600.88,6520.95,No Promotion,0,10-05-2024,12-05-2024,42033000,18
10-05-2024,Waist Belt,Belts,2,973.79,1098.49,1918.82,Clearance Sale,57,10-05-2024,17-05-2024,42033000,18
10-05-2024,Headband,Hair Accessories,3,335.94,226.71,998.52,Seasonal Offer,10,10-05-2024,15-05-2024,96151900,18
10-05-2024,Leather Tote Bag,Handbags,8,4279.25,2573.65,34733.6,No Promotion,0,10-05-2024,11-05-2024,42022290,18
10-05-2024,Backpack Purse,Handbags,9,3735.53,3959.03,33459.75,Clearance Sale,56,10-05-2024,13-05-2024,42022290,18
10-05-2024,Statement Necklace,Jewelry,4,2078.6,1456.68,8468.68,Festival Sale,25,10-05-2024,12-05-2024,71131100,3
11-05-2024,Turban,Hair Accessories,5,169,212.69,848.8,Clearance Sale,54,11-05-2024,12-05-2024,96151900,18
11-05-2024,Cat Eye Sunglasses,Sunglasses,6,3853.41,2299.04,23202.18,No Promotion,0,11-05-2024,13-05-2024,90041000,12
11-05-2024,Fabric Belt,Belts,9,1026.46,1126.76,9108.81,Clearance Sale,58,11-05-2024,15-05-2024,42033000,18
11-05-2024,Cotton Scarf,Scarves,5,3022.38,1499.41,15307.6,No Promotion,0,11-05-2024,18-05-2024,62143000,12
11-05-2024,Chain Belt,Belts,5,1275.47,873,6340.95,Seasonal Offer,12,11-05-2024,13-05-2024,42033000,18
11-05-2024,Winter Wool Scarf,Scarves,1,807.97,529.81,818.04,Festival Sale,23,11-05-2024,18-05-2024,62143000,12
11-05-2024,Hair Pin Set,Hair Accessories,9,502.45,304.04,4442.31,Festival Sale,18,11-05-2024,13-05-2024,96151900,18
11-05-2024,Sports Watch,Watches,5,7979.84,5499.36,39852.2,No Promotion,0,11-05-2024,12-05-2024,91021100,18
11-05-2024,Clutch Purse,Handbags,2,3417.69,1806.25,6778.92,Seasonal Offer,11,11-05-2024,18-05-2024,42022290,18
11-05-2024,Leather Belt,Belts,3,1944.02,1298.75,5798.07,No Promotion,0,11-05-2024,14-05-2024,42033000,18
11-05-2024,Charm Bracelet,Jewelry,1,1233.27,1022.07,1243.03,Festival Sale,22,11-05-2024,15-05-2024,71131100,3
11-05-2024,Hair Clip Set,Hair Accessories,1,1186.79,773.04,1168.05,Seasonal Offer,20,11-05-2024,14-05-2024,96151900,18
11-05-2024,Turban,Hair Accessories,7,1018.36,756,7092.4,Flash Sale,25,11-05-2024,17-05-2024,96151900,18
11-05-2024,Digital Watch,Watches,3,4449.09,2181.35,13341.75,No Promotion,0,11-05-2024,13-05-2024,91021100,18
11-05-2024,Oversized Sunglasses,Sunglasses,4,1212.09,1012.65,4842.88,Festival Sale,29,11-05-2024,15-05-2024,90041000,12
11-05-2024,Printed Scarf,Scarves,5,1067.57,1115.8,5255.7,Clearance Sale,55,11-05-2024,12-05-2024,62143000,12
13-05-2024,Chain Belt,Belts,3,889.68,614.77,2716.95,No Promotion,0,13-05-2024,16-05-2024,42033000,18
13-05-2024,Dress Watch,Watches,1,8131.11,4485.71,8167.35,Seasonal Offer,12,13-05-2024,15-05-2024,91021100,18
13-05-2024,Pashmina Shawl,Scarves,6,657.1,455.94,3889.44,Flash Sale,32,13-05-2024,17-05-2024,62143000,12
13-05-2024,Shoulder Bag,Handbags,1,6530.38,3256.57,6653.47,No Promotion,0,13-05-2024,18-05-2024,42022290,18
13-05-2024,Leather Tote Bag,Handbags,7,2516.13,1523.55,17515.4,No Promotion,0,13-05-2024,20-05-2024,42022290,18
13-05-2024,Cotton Scarf,Scarves,3,1920.42,1255.7,5783.64,Seasonal Offer,10,13-05-2024,19-05-2024,62143000,12
13-05-2024,Turban,Hair Accessories,3,598.68,366.51,1817.52,Festival Sale,23,13-05-2024,17-05-2024,96151900,18
13-05-2024,Crossbody Bag,Handbags,5,4470.36,3740.95,22252.65,Festival Sale,28,13-05-2024,14-05-2024,42022290,18
13-05-2024,Oversized Sunglasses,Sunglasses,3,3985.8,2340.5,11801.13,Seasonal Offer,13,13-05-2024,19-05-2024,90041000,12
13-05-2024,Fabric Belt,Belts,2,2542.91,1577.01,5092.48,No Promotion,0,13-05-2024,19-05-2024,42033000,18
13-05-2024,Pearl Necklace,Jewelry,1,3266.63,1808.05,3313.45,Festival Sale,15,13-05-2024,20-05-2024,71131100,3
13-05-2024,Chain Belt,Belts,3,2366.38,1415,7154.61,No Promotion,0,13-05-2024,19-05-2024,42033000,18
13-05-2024,Silk Scarf,Scarves,5,900.65,443.36,4418.2,No Promotion,0,13-05-2024,19-05-2024,62143000,12
13-05-2024,Winter Wool Scarf,Scarves,4,1014.68,692.72,4122.84,Festival Sale,28,13-05-2024,20-05-2024,62143000,12
13-05-2024,Headband,Hair Accessories,5,614.76,464.22,3116.1,Festival Sale,27,13-05-2024,15-05-2024,96151900,18
13-05-2024,Dress Watch,Watches,1,3143.93,2423.49,3083.47,Seasonal Offer,18,13-05-2024,20-05-2024,91021100,18
13-05-2024,Cat Eye Sunglasses,Sunglasses,3,1600.3,2319.91,4728.63,Clearance Sale,55,13-05-2024,19-05-2024,90041000,12
13-05-2024,Statement Necklace,Jewelry,5,5182.25,2387.19,25698.35,No Promotion,0,13-05-2024,19-05-2024,71131100,3
13-05-2024,Round Frame,Sunglasses,4,2998.16,1950.9,12162.44,No Promotion,0,13-05-2024,15-05-2024,90041000,12
13-05-2024,Digital Watch,Watches,3,5632.67,3436.54,17075.22,No Promotion,0,13-05-2024,17-05-2024,91021100,18
13-05-2024,Hair Clip Set,Hair Accessories,5,1358.3,768.92,6879.5,No Promotion,0,13-05-2024,19-05-2024,96151900,18
13-05-2024,Silk Scarf,Scarves,2,2549.62,1185.35,5072.66,No Promotion,0,13-05-2024,15-05-2024,62143000,12
13-05-2024,Fabric Belt,Belts,1,1899,1168.14,1906.71,Festival Sale,25,13-05-2024,14-05-2024,42033000,18
14-05-2024,Turban,Hair Accessories,2,643.91,379.36,1311.54,No Promotion,0,14-05-2024,21-05-2024,96151900,18
14-05-2024,Pearl Necklace,Jewelry,2,3111.51,2918.51,6275.4,Clearance Sale,43,14-05-2024,15-05-2024,71131100,3
14-05-2024,Fabric Belt,Belts,6,1479.76,1556.45,8752.32,Flash Sale,35,14-05-2024,18-05-2024,42033000,18
14-05-2024,Winter Wool Scarf,Scarves,2,1694.92,1271.79,3350.16,Seasonal Offer,15,14-05-2024,19-05-2024,62143000,12
14-05-2024,Pearl Necklace,Jewelry,1,5993.63,2783.59,5959.54,No Promotion,0,14-05-2024,20-05-2024,71131100,3
14-05-2024,Winter Wool Scarf,Scarves,6,498.54,467.48,3041.64,Clearance Sale,45,14-05-2024,18-05-2024,62143000,12
14-05-2024,Silk Scarf,Scarves,2,1358.96,749.02,2676.94,No Promotion,0,14-05-2024,20-05-2024,62143000,12
14-05-2024,Waist Belt,Belts,2,3088.59,1937.25,6168.66,No Promotion,0,14-05-2024,18-05-2024,42033000,18
14-05-2024,Western Belt,Belts,3,1828.52,1518.4,5486.76,Festival Sale,28,14-05-2024,18-05-2024,42033000,18
14-05-2024,Waist Belt,Belts,5,1946.79,1895.82,9567.85,Clearance Sale,44,14-05-2024,17-05-2024,42033000,18
14-05-2024,Clutch Purse,Handbags,2,5431.8,2659.27,11081.3,No Promotion,0,14-05-2024,15-05-2024,42022290,18
14-05-2024,Backpack Purse,Handbags,2,5880.94,3466.3,11735.64,No Promotion,0,14-05-2024,18-05-2024,42022290,18
14-05-2024,Cotton Scarf,Scarves,1,2005.74,1240.51,1982.64,No Promotion,0,14-05-2024,15-05-2024,62143000,12
14-05-2024,Chain Belt,Belts,6,1423.94,881.23,8695.38,No Promotion,0,14-05-2024,21-05-2024,42033000,18
14-05-2024,Printed Scarf,Scarves,5,848.93,552.24,4269.05,Festival Sale,20,14-05-2024,17-05-2024,62143000,12
14-05-2024,Smart Watch,Watches,2,3110.32,1907.23,6104.06,Seasonal Offer,11,14-05-2024,16-05-2024,91021100,18
14-05-2024,Statement Necklace,Jewelry,2,2927.85,1699.24,5924,No Promotion,0,14-05-2024,15-05-2024,71131100,3
14-05-2024,Pearl Necklace,Jewelry,2,3179.3,2578.39,6350.68,Flash Sale,28,14-05-2024,20-05-2024,71131100,3
14-05-2024,Aviator Sunglasses,Sunglasses,1,3443.27,1934.18,3409.71,Seasonal Offer,16,14-05-2024,19-05-2024,90041000,12
14-05-2024,Cat Eye Sunglasses,Sunglasses,3,1319.97,969.49,3977.34,Festival Sale,15,14-05-2024,21-05-2024,90041000,12
14-05-2024,Statement Necklace,Jewelry,4,2727.44,2299.79,10950.12,Festival Sale,24,14-05-2024,19-05-2024,71131100,3
14-05-2024,Gold Plated Earrings,Jewelry,3,2166.88,1448.34,6616.23,Seasonal Offer,18,14-05-2024,17-05-2024,71131100,3
14-05-2024,Hair Pin Set,Hair Accessories,4,1083.64,741.96,4388.96,No Promotion,0,14-05-2024,21-05-2024,96151900,18
14-05-2024,Leather Belt,Belts,1,3157.53,1841.58,3110.18,Festival Sale,20,14-05-2024,19-05-2024,42033000,18
15-05-2024,Statement Necklace,Jewelry,2,554.06,809.03,1094.18,Clearance Sale,52,15-05-2024,18-05-2024,71131100,3
15-05-2024,Pearl Necklace,Jewelry,8,3952.1,2481.35,31865.84,Festival Sale,21,15-05-2024,22-05-2024,71131100,3
15-05-2024,Hair Clip Set,Hair Accessories,2,346.79,305.35,696.88,Festival Sale,26,15-05-2024,22-05-2024,96151900,18
15-05-2024,Pearl Necklace,Jewelry,3,3018.49,1996.87,9077.1,Festival Sale,18,15-05-2024,21-05-2024,71131100,3
15-05-2024,Scrunchie Pack,Hair Accessories,2,736.22,372.35,1481.56,No Promotion,0,15-05-2024,16-05-2024,96151900,18
15-05-2024,Dress Watch,Watches,5,4732.97,2734.85,23520.05,No Promotion,0,15-05-2024,20-05-2024,91021100,18
15-05-2024,Analog Watch,Watches,1,5703.97,2645.98,5817.33,No Promotion,0,15-05-2024,19-05-2024,91021100,18
15-05-2024,Silver Bracelet,Jewelry,5,4077.66,1977.91,20082.9,No Promotion,0,15-05-2024,16-05-2024,71131100,3
16-05-2024,Leather Belt,Belts,6,1761.69,929.79,10655.1,Seasonal Offer,11,16-05-2024,20-05-2024,42033000,18
16-05-2024,Backpack Purse,Handbags,3,4864.38,2301.71,14378.97,No Promotion,0,16-05-2024,19-05-2024,42022290,18
16-05-2024,Fabric Belt,Belts,1,4160.55,1955.23,4168.16,No Promotion,0,16-05-2024,19-05-2024,42033000,18
16-05-2024,Digital Watch,Watches,4,4228.06,2894.4,16727.36,Festival Sale,20,16-05-2024,19-05-2024,91021100,18
16-05-2024,Aviator Sunglasses,Sunglasses,4,3594.84,2355.34,14194.4,Festival Sale,21,16-05-2024,17-05-2024,90041000,12
16-05-2024,Gold Plated Earrings,Jewelry,1,3562.04,2071.76,3590.58,Festival Sale,20,16-05-2024,19-05-2024,71131100,3
16-05-2024,Crossbody Bag,Handbags,1,3392.81,1886.42,3373.87,No Promotion,0,16-05-2024,20-05-2024,42022290,18
16-05-2024,Pashmina Shawl,Scarves,2,455.02,405.37,906.14,Clearance Sale,48,16-05-2024,18-05-2024,62143000,12
16-05-2024,Headband,Hair Accessories,2,532.26,490.04,1065.54,Festival Sale,27,16-05-2024,20-05-2024,96151900,18
17-05-2024,Smart Watch,Watches,7,2509.91,2681.3,17590.79,Flash Sale,35,17-05-2024,22-05-2024,91021100,18
17-05-2024,Smart Watch,Watches,3,7533.8,4897.77,22778.88,Seasonal Offer,20,17-05-2024,21-05-2024,91021100,18
17-05-2024,Hair Pin Set,Hair Accessories,7,768.99,529.66,5424.09,Festival Sale,24,17-05-2024,20-05-2024,96151900,18
17-05-2024,Backpack Purse,Handbags,6,2579.47,1387.53,15447.06,No Promotion,0,17-05-2024,18-05-2024,42022290,18
17-05-2024,Backpack Purse,Handbags,4,6839.56,3901.4,27879.84,Festival Sale,18,17-05-2024,20-05-2024,42022290,18
17-05-2024,Leather Belt,Belts,6,3487.8,1583.68,20569.98,No Promotion,0,17-05-2024,18-05-2024,42033000,18
17-05-2024,Waist Belt,Belts,5,1321.99,705.88,6570.55,No Promotion,0,17-05-2024,18-05-2024,42033000,18
17-05-2024,Pashmina Shawl,Scarves,4,1892.66,959.56,7587.8,No Promotion,0,17-05-2024,23-05-2024,62143000,12
17-05-2024,Waist Belt,Belts,4,2160.2,1723.08,8794.96,Festival Sale,24,17-05-2024,24-05-2024,42033000,18
17-05-2024,Clutch Purse,Handbags,4,5372.56,3713.13,21379.04,Seasonal Offer,16,17-05-2024,21-05-2024,42022290,18
17-05-2024,Fabric Belt,Belts,3,934.93,621.7,2859.96,No Promotion,0,17-05-2024,20-05-2024,42033000,18
17-05-2024,Printed Scarf,Scarves,5,744.48,650.98,3695.8,Clearance Sale,43,17-05-2024,21-05-2024,62143000,12
17-05-2024,Silk Scarf,Scarves,7,1073.41,712.72,7644.56,Festival Sale,18,17-05-2024,22-05-2024,62143000,12
17-05-2024,Clutch Purse,Handbags,4,5592.05,3654.98,22229.4,No Promotion,0,17-05-2024,22-05-2024,42022290,18
17-05-2024,Leather Belt,Belts,3,3385.83,1901.82,10195.86,No Promotion,0,17-05-2024,19-05-2024,42033000,18
18-05-2024,Digital Watch,Watches,5,4889.06,2776.85,24287.3,No Promotion,0,18-05-2024,25-05-2024,91021100,18
18-05-2024,Shoulder Bag,Handbags,3,2051.16,1273.9,6243.78,Flash Sale,25,18-05-2024,19-05-2024,42022290,18
18-05-2024,Dress Watch,Watches,2,2791.05,3447.45,5668.86,Clearance Sale,54,18-05-2024,21-05-2024,91021100,18
18-05-2024,Hair Clip Set,Hair Accessories,1,1048.6,753.93,1059.3,Festival Sale,28,18-05-2024,25-05-2024,96151900,18
18-05-2024,Aviator Sunglasses,Sunglasses,10,2062.03,2448.38,20693.5,Clearance Sale,49,18-05-2024,25-05-2024,90041000,12
18-05-2024,Turban,Hair Accessories,6,616.17,750.97,3733.92,Clearance Sale,52,18-05-2024,22-05-2024,96151900,18
18-05-2024,Round Frame,Sunglasses,2,2732.01,1556.04,5556.92,No Promotion,0,18-05-2024,25-05-2024,90041000,12
18-05-2024,Gold Plated Earrings,Jewelry,2,2995.01,2019.08,6032.24,Seasonal Offer,18,18-05-2024,19-05-2024,71131100,3
18-05-2024,Chain Belt,Belts,7,2483.39,1924.09,17241.84,Festival Sale,15,18-05-2024,21-05-2024,42033000,18
18-05-2024,Shoulder Bag,Handbags,6,8646.05,4856.99,51704.46,Festival Sale,16,18-05-2024,20-05-2024,42022290,18
18-05-2024,Turban,Hair Accessories,1,919.46,619.59,902.73,Festival Sale,26,18-05-2024,23-05-2024,96151900,18
18-05-2024,Fabric Belt,Belts,3,2126.73,1841.56,6396.6,Flash Sale,32,18-05-2024,22-05-2024,42033000,18
18-05-2024,Charm Bracelet,Jewelry,8,1713.73,1313.97,13802.16,Festival Sale,24,18-05-2024,21-05-2024,71131100,3
18-05-2024,Crossbody Bag,Handbags,4,3584.28,3118.74,14226.92,Flash Sale,26,18-05-2024,25-05-2024,42022290,18
18-05-2024,Gold Plated Earrings,Jewelry,5,1648.23,982.02,8270.3,Festival Sale,21,18-05-2024,19-05-2024,71131100,3
18-05-2024,Sports Watch,Watches,10,5781.84,3791.01,57546.1,No Promotion,0,18-05-2024,24-05-2024,91021100,18
18-05-2024,Turban,Hair Accessories,3,802.03,715.59,2363.88,Festival Sale,26,18-05-2024,21-05-2024,96151900,18
18-05-2024,Dress Watch,Watches,9,5147.46,3630.46,46328.67,Festival Sale,25,18-05-2024,24-05-2024,91021100,18
18-05-2024,Pashmina Shawl,Scarves,8,641.22,586.04,5130.16,Flash Sale,34,18-05-2024,23-05-2024,62143000,12
18-05-2024,Clutch Purse,Handbags,5,5061.71,2437.96,25033,No Promotion,0,18-05-2024,25-05-2024,42022290,18
18-05-2024,Charm Bracelet,Jewelry,2,1631.37,1077.54,3229.66,No Promotion,0,18-05-2024,23-05-2024,71131100,3
18-05-2024,Turban,Hair Accessories,2,1235.41,655.03,2469.22,No Promotion,0,18-05-2024,25-05-2024,96151900,18
18-05-2024,Leather Tote Bag,Handbags,4,5227.91,3270.55,21282.2,No Promotion,0,18-05-2024,20-05-2024,42022290,18
20-05-2024,Silk Scarf,Scarves,5,1914.36,1118.51,9391.2,No Promotion,0,20-05-2024,23-05-2024,62143000,12
20-05-2024,Crossbody Bag,Handbags,4,4168.17,4199.3,16754.88,Flash Sale,30,20-05-2024,22-05-2024,42022290,18
20-05-2024,Leather Tote Bag,Handbags,2,3868.86,2134.8,7794.88,No Promotion,0,20-05-2024,22-05-2024,42022290,18
20-05-2024,Smart Watch,Watches,2,3680.41,1940.36,7221.72,No Promotion,0,20-05-2024,27-05-2024,91021100,18
20-05-2024,Scrunchie Pack,Hair Accessories,3,523.27,317.03,1546.8,Festival Sale,25,20-05-2024,21-05-2024,96151900,18
20-05-2024,Sports Sunglasses,Sunglasses,1,3038.89,2030.63,3059.67,Festival Sale,30,20-05-2024,21-05-2024,90041000,12
20-05-2024,Scrunchie Pack,Hair Accessories,4,1523.45,790.96,6140.88,Seasonal Offer,10,20-05-2024,25-05-2024,96151900,18
20-05-2024,Leather Belt,Belts,3,1700.03,1410.78,5055.42,Festival Sale,23,20-05-2024,23-05-2024,42033000,18
20-05-2024,Oversized Sunglasses,Sunglasses,9,2013.65,1301.58,18243.72,Seasonal Offer,20,20-05-2024,27-05-2024,90041000,12
20-05-2024,Sports Watch,Watches,3,4306.44,2324.26,13049.07,No Promotion,0,20-05-2024,21-05-2024,91021100,18
20-05-2024,Pearl Necklace,Jewelry,2,1932.42,2319.35,3792.08,Clearance Sale,56,20-05-2024,24-05-2024,71131100,3
20-05-2024,Sports Watch,Watches,3,5460.54,2643.66,16338.69,No Promotion,0,20-05-2024,27-05-2024,91021100,18
20-05-2024,Waist Belt,Belts,2,2007.36,1146.53,3973,No Promotion,0,20-05-2024,27-05-2024,42033000,18
20-05-2024,Pearl Necklace,Jewelry,1,2443.76,1812.23,2423.11,Seasonal Offer,14,20-05-2024,21-05-2024,71131100,3
20-05-2024,Shoulder Bag,Handbags,1,2601.6,1684.15,2575.28,Festival Sale,20,20-05-2024,27-05-2024,42022290,18
20-05-2024,Leather Belt,Belts,2,1870.52,958.43,3681.64,No Promotion,0,20-05-2024,21-05-2024,42033000,18
20-05-2024,Waist Belt,Belts,4,3859.1,1977.22,15435.92,Seasonal Offer,10,20-05-2024,21-05-2024,42033000,18
21-05-2024,Smart Watch,Watches,1,5888.48,4263.76,5829.4,Seasonal Offer,18,21-05-2024,22-05-2024,91021100,18
21-05-2024,Waist Belt,Belts,3,1729.71,1534.38,5128.23,Festival Sale,21,21-05-2024,26-05-2024,42033000,18
21-05-2024,Crossbody Bag,Handbags,3,6180.71,2799.41,18216.87,No Promotion,0,21-05-2024,23-05-2024,42022290,18
21-05-2024,Leather Belt,Belts,3,2835.46,1790.44,8434.5,No Promotion,0,21-05-2024,23-05-2024,42033000,18
21-05-2024,Shoulder Bag,Handbags,2,3611.85,2163.74,7112,Festival Sale,22,21-05-2024,28-05-2024,42022290,18
21-05-2024,Statement Necklace,Jewelry,8,3514.72,2008.39,28580.72,Seasonal Offer,11,21-05-2024,28-05-2024,71131100,3
21-05-2024,Fabric Belt,Belts,2,2648.72,1770.31,5377.88,No Promotion,0,21-05-2024,26-05-2024,42033000,18
21-05-2024,Leather Tote Bag,Handbags,3,1516.37,1929.12,4612.14,Clearance Sale,45,21-05-2024,25-05-2024,42022290,18
21-05-2024,Cotton Scarf,Scarves,4,1828.04,1029.95,7417.56,No Promotion,0,21-05-2024,27-05-2024,62143000,12
21-05-2024,Winter Wool Scarf,Scarves,3,867.01,524.73,2644.65,Seasonal Offer,15,21-05-2024,25-05-2024,62143000,12
21-05-2024,Hair Clip Set,Hair Accessories,4,358.99,647.79,1457.96,Clearance Sale,60,21-05-2024,22-05-2024,96151900,18
21-05-2024,Clutch Purse,Handbags,3,6393.43,3231.31,18807.21,No Promotion,0,21-05-2024,24-05-2024,42022290,18
21-05-2024,Pearl Necklace,Jewelry,1,1632.68,1058.63,1647.69,Flash Sale,29,21-05-2024,24-05-2024,71131100,3
21-05-2024,Gold Plated Earrings,Jewelry,2,3524.01,2076.5,7054.22,Festival Sale,20,21-05-2024,27-05-2024,71131100,3
21-05-2024,Winter Wool Scarf,Scarves,2,1282.26,596.73,2531.94,No Promotion,0,21-05-2024,24-05-2024,62143000,12
21-05-2024,Backpack Purse,Handbags,3,6690.05,4471.93,20381.34,Seasonal Offer,18,21-05-2024,26-05-2024,42022290,18
21-05-2024,Smart Watch,Watches,3,6912.26,3698.72,20889.39,No Promotion,0,21-05-2024,28-05-2024,91021100,18
21-05-2024,Pashmina Shawl,Scarves,2,838.43,895.03,1700.02,Clearance Sale,43,21-05-2024,25-05-2024,62143000,12
21-05-2024,Gold Plated Earrings,Jewelry,7,1305.19,1124.4,9299.01,Festival Sale,19,21-05-2024,27-05-2024,71131100,3
22-05-2024,Aviator Sunglasses,Sunglasses,4,1917.46,950.31,7531.04,No Promotion,0,22-05-2024,24-05-2024,90041000,12
22-05-2024,Headband,Hair Accessories,3,995.89,760.56,2945.46,Festival Sale,29,22-05-2024,27-05-2024,96151900,18
22-05-2024,Cat Eye Sunglasses,Sunglasses,3,3087.73,2095.56,9124.74,Seasonal Offer,12,22-05-2024,25-05-2024,90041000,12
22-05-2024,Analog Watch,Watches,4,5758.15,4551.55,22697.88,Festival Sale,28,22-05-2024,29-05-2024,91021100,18
22-05-2024,Scrunchie Pack,Hair Accessories,2,1055.35,532.51,2140.28,No Promotion,0,22-05-2024,28-05-2024,96151900,18
22-05-2024,Charm Bracelet,Jewelry,2,1880.3,1118.08,3718.22,Festival Sale,15,22-05-2024,28-05-2024,71131100,3
22-05-2024,Chain Belt,Belts,4,1185.75,795.61,4700.16,No Promotion,0,22-05-2024,29-05-2024,42033000,18
22-05-2024,Sports Sunglasses,Sunglasses,3,3766.26,2363.39,11109.72,No Promotion,0,22-05-2024,25-05-2024,90041000,12
22-05-2024,Pearl Necklace,Jewelry,1,1819.6,1778.46,1840.26,Flash Sale,28,22-05-2024,23-05-2024,71131100,3
22-05-2024,Hair Clip Set,Hair Accessories,5,1327.27,733.59,6659.25,No Promotion,0,22-05-2024,25-05-2024,96151900,18
22-05-2024,Turban,Hair Accessories,2,673.39,595.65,1357.92,Clearance Sale,40,22-05-2024,27-05-2024,96151900,18
22-05-2024,Silver Bracelet,Jewelry,4,1177.88,856.63,4757.6,Seasonal Offer,17,22-05-2024,29-05-2024,71131100,3
22-05-2024,Winter Wool Scarf,Scarves,3,464.55,426.83,1385.22,Clearance Sale,42,22-05-2024,28-05-2024,62143000,12
22-05-2024,Analog Watch,Watches,1,4054.04,2551.11,4109.28,No Promotion,0,22-05-2024,27-05-2024,91021100,18
22-05-2024,Dress Watch,Watches,3,5843.5,3215.53,17555.22,Festival Sale,17,22-05-2024,23-05-2024,91021100,18
22-05-2024,Backpack Purse,Handbags,1,5503.74,3429.26,5471.65,Festival Sale,16,22-05-2024,29-05-2024,42022290,18
23-05-2024,Charm Bracelet,Jewelry,2,4642,2680.43,9423.36,Festival Sale,18,23-05-2024,27-05-2024,71131100,3
23-05-2024,Sports Sunglasses,Sunglasses,7,2015.18,1153.26,14244.72,No Promotion,0,23-05-2024,30-05-2024,90041000,12
23-05-2024,Fabric Belt,Belts,3,2318.7,1813,6828.45,Seasonal Offer,12,23-05-2024,25-05-2024,42033000,18
23-05-2024,Charm Bracelet,Jewelry,2,3699.43,2255.19,7312.44,Festival Sale,23,23-05-2024,27-05-2024,71131100,3
23-05-2024,Gold Plated Earrings,Jewelry,1,2120.48,1560.82,2105.58,Seasonal Offer,20,23-05-2024,26-05-2024,71131100,3
23-05-2024,Crossbody Bag,Handbags,2,4910.8,4510.81,9683.72,Festival Sale,24,23-05-2024,24-05-2024,42022290,18
23-05-2024,Scrunchie Pack,Hair Accessories,2,371.25,262.8,757.22,Festival Sale,30,23-05-2024,26-05-2024,96151900,18
23-05-2024,Smart Watch,Watches,5,6126.75,3486.9,31251.2,No Promotion,0,23-05-2024,28-05-2024,91021100,18
23-05-2024,Dress Watch,Watches,2,2293.96,1700.98,4652.32,Seasonal Offer,17,23-05-2024,26-05-2024,91021100,18
23-05-2024,Analog Watch,Watches,4,6107.26,4558.77,24433.68,Festival Sale,29,23-05-2024,27-05-2024,91021100,18
23-05-2024,Smart Watch,Watches,2,5570.92,2913.49,11110.74,No Promotion,0,23-05-2024,30-05-2024,91021100,18
23-05-2024,Waist Belt,Belts,2,1699.39,1072.08,3452.12,No Promotion,0,23-05-2024,30-05-2024,42033000,18
23-05-2024,Pearl Necklace,Jewelry,6,1879.04,1260.98,11470.5,No Promotion,0,23-05-2024,29-05-2024,71131100,3
23-05-2024,Pashmina Shawl,Scarves,3,1829.2,1367.92,5416.47,Flash Sale,40,23-05-2024,28-05-2024,62143000,12
24-05-2024,Cotton Scarf,Scarves,2,871.37,685.14,1745.22,Seasonal Offer,10,24-05-2024,29-05-2024,62143000,12
24-05-2024,Crossbody Bag,Handbags,6,4643.21,2227.98,27321.06,No Promotion,0,24-05-2024,29-05-2024,42022290,18
24-05-2024,Sports Sunglasses,Sunglasses,11,2158.2,1119.17,24000.02,No Promotion,0,24-05-2024,25-05-2024,90041000,12
24-05-2024,Cat Eye Sunglasses,Sunglasses,10,1752.35,1999.65,17420.9,Clearance Sale,41,24-05-2024,28-05-2024,90041000,12
24-05-2024,Backpack Purse,Handbags,5,2548.01,2715.52,12586.8,Clearance Sale,49,24-05-2024,27-05-2024,42022290,18
24-05-2024,Headband,Hair Accessories,4,638.59,446.3,2516.84,Seasonal Offer,11,24-05-2024,25-05-2024,96151900,18
24-05-2024,Leather Belt,Belts,8,2512.93,1712.14,20260.4,No Promotion,0,24-05-2024,28-05-2024,42033000,18
24-05-2024,Backpack Purse,Handbags,3,5473.02,3888.59,16623,No Promotion,0,24-05-2024,28-05-2024,42022290,18
24-05-2024,Sports Watch,Watches,3,7230.74,4982.1,21932.52,Seasonal Offer,13,24-05-2024,30-05-2024,91021100,18
24-05-2024,Smart Watch,Watches,2,8768.74,5721.24,17421.28,No Promotion,0,24-05-2024,28-05-2024,91021100,18
24-05-2024,Gold Plated Earrings,Jewelry,2,2143.44,1085.78,4283.06,No Promotion,0,24-05-2024,28-05-2024,71131100,3
24-05-2024,Digital Watch,Watches,1,5682,3163.82,5659.59,No Promotion,0,24-05-2024,28-05-2024,91021100,18
25-05-2024,Silk Scarf,Scarves,3,1749.34,857.35,5350.65,No Promotion,0,25-05-2024,27-05-2024,62143000,12
25-05-2024,Winter Wool Scarf,Scarves,3,1981.14,1404.79,5969.46,Seasonal Offer,18,25-05-2024,29-05-2024,62143000,12
25-05-2024,Headband,Hair Accessories,7,568.76,319.13,4011.77,No Promotion,0,25-05-2024,29-05-2024,96151900,18
25-05-2024,Silk Scarf,Scarves,3,2830.96,1273.28,8371.08,No Promotion,0,25-05-2024,28-05-2024,62143000,12
25-05-2024,Pearl Necklace,Jewelry,7,4345.07,2708.18,30083.06,No Promotion,0,25-05-2024,31-05-2024,71131100,3
25-05-2024,Pashmina Shawl,Scarves,2,1907.1,1362.91,3824.98,Festival Sale,19,25-05-2024,01-06-2024,62143000,12
25-05-2024,Cotton Scarf,Scarves,3,824.5,753.03,2460.66,Flash Sale,32,25-05-2024,28-05-2024,62143000,12
25-05-2024,Gold Plated Earrings,Jewelry,4,1976.92,1646.91,8053.4,Festival Sale,29,25-05-2024,31-05-2024,71131100,3
25-05-2024,Smart Watch,Watches,5,2405.48,1986.76,11961.75,Clearance Sale,45,25-05-2024,26-05-2024,91021100,18
25-05-2024,Cotton Scarf,Scarves,2,645.22,444.36,1311.58,No Promotion,0,25-05-2024,30-05-2024,62143000,12
25-05-2024,Statement Necklace,Jewelry,8,1812.69,1128.39,14378.4,No Promotion,0,25-05-2024,30-05-2024,71131100,3
25-05-2024,Fabric Belt,Belts,3,963.53,1557.03,2882.07,Clearance Sale,56,25-05-2024,01-06-2024,42033000,18
25-05-2024,Crossbody Bag,Handbags,8,4230.04,4524.77,34112.56,Clearance Sale,54,25-05-2024,27-05-2024,42022290,18
25-05-2024,Chain Belt,Belts,3,1971.01,1726.03,5943.75,Festival Sale,25,25-05-2024,31-05-2024,42033000,18
25-05-2024,Printed Scarf,Scarves,3,809.95,623.29,2470.35,Festival Sale,25,25-05-2024,31-05-2024,62143000,12
25-05-2024,Headband,Hair Accessories,6,335.4,203.19,2026.74,No Promotion,0,25-05-2024,01-06-2024,96151900,18
25-05-2024,Hair Pin Set,Hair Accessories,8,553.39,787.1,4346,Clearance Sale,51,25-05-2024,29-05-2024,96151900,18
25-05-2024,Pashmina Shawl,Scarves,4,1898.86,1122.83,7599.64,No Promotion,0,25-05-2024,26-05-2024,62143000,12
25-05-2024,Headband,Hair Accessories,2,878.22,505.84,1758.26,No Promotion,0,25-05-2024,28-05-2024,96151900,18
25-05-2024,Digital Watch,Watches,7,5682.21,5085.82,39570.93,Festival Sale,26,25-05-2024,28-05-2024,91021100,18
25-05-2024,Chain Belt,Belts,5,1008.72,890.88,5046.75,Festival Sale,20,25-05-2024,28-05-2024,42033000,18
25-05-2024,Smart Watch,Watches,2,5099.38,3788.43,10258.04,Festival Sale,24,25-05-2024,28-05-2024,91021100,18
25-05-2024,Analog Watch,Watches,2,9993.5,4860.34,20279.42,No Promotion,0,25-05-2024,31-05-2024,91021100,18
27-05-2024,Turban,Hair Accessories,7,985.33,718.54,6861.54,Festival Sale,23,27-05-2024,31-05-2024,96151900,18
27-05-2024,Fabric Belt,Belts,1,481.01,637.35,476.27,Clearance Sale,47,27-05-2024,31-05-2024,42033000,18
27-05-2024,Fabric Belt,Belts,5,2190.33,1767.79,10769.4,Flash Sale,32,27-05-2024,31-05-2024,42033000,18
27-05-2024,Sports Sunglasses,Sunglasses,4,3404.55,1727.39,13894.4,No Promotion,0,27-05-2024,02-06-2024,90041000,12
27-05-2024,Crossbody Bag,Handbags,1,4466.55,3406.8,4545.34,Festival Sale,22,27-05-2024,01-06-2024,42022290,18
27-05-2024,Fabric Belt,Belts,4,915.87,693.36,3605.88,Flash Sale,37,27-05-2024,30-05-2024,42033000,18
27-05-2024,Printed Scarf,Scarves,3,865.57,593.16,2583.15,No Promotion,0,27-05-2024,03-06-2024,62143000,12
27-05-2024,Western Belt,Belts,1,2431.16,1353.74,2387.43,No Promotion,0,27-05-2024,02-06-2024,42033000,18
27-05-2024,Silk Scarf,Scarves,5,955.44,778.48,4790.45,Clearance Sale,44,27-05-2024,31-05-2024,62143000,12
27-05-2024,Silver Bracelet,Jewelry,1,3451.61,2523.3,3463.15,Seasonal Offer,15,27-05-2024,28-05-2024,71131100,3
27-05-2024,Turban,Hair Accessories,3,337.75,470.06,1019.61,Clearance Sale,49,27-05-2024,02-06-2024,96151900,18
27-05-2024,Leather Tote Bag,Handbags,2,5439.34,4185.53,11036.36,Flash Sale,32,27-05-2024,29-05-2024,42022290,18
27-05-2024,Silk Scarf,Scarves,5,1238.72,624.15,6223.8,No Promotion,0,27-05-2024,30-05-2024,62143000,12
27-05-2024,Aviator Sunglasses,Sunglasses,1,795.61,936.08,811.36,Clearance Sale,40,27-05-2024,03-06-2024,90041000,12
27-05-2024,Sports Watch,Watches,4,1742.51,1513.59,6967.44,Festival Sale,28,27-05-2024,31-05-2024,91021100,18
27-05-2024,Turban,Hair Accessories,5,505.72,281.02,2493.95,No Promotion,0,27-05-2024,03-06-2024,96151900,18
27-05-2024,Digital Watch,Watches,2,6533.05,4493.04,13160.22,Flash Sale,25,27-05-2024,29-05-2024,91021100,18
27-05-2024,Pashmina Shawl,Scarves,3,677.22,453.24,2065.14,No Promotion,0,27-05-2024,03-06-2024,62143000,12
27-05-2024,Western Belt,Belts,1,1830.15,1196.97,1796.11,Festival Sale,18,27-05-2024,01-06-2024,42033000,18
27-05-2024,Backpack Purse,Handbags,2,4558.65,2682.06,9254.64,No Promotion,0,27-05-2024,29-05-2024,42022290,18
27-05-2024,Hair Clip Set,Hair Accessories,5,1070.81,551.51,5347.9,No Promotion,0,27-05-2024,03-06-2024,96151900,18
27-05-2024,Western Belt,Belts,3,1618.42,1100.46,4795.95,No Promotion,0,27-05-2024,28-05-2024,42033000,18
27-05-2024,Waist Belt,Belts,6,3537.99,1856.39,21440.34,No Promotion,0,27-05-2024,31-05-2024,42033000,18
28-05-2024,Round Frame,Sunglasses,4,4089.37,2498.91,16137.04,No Promotion,0,28-05-2024,01-06-2024,90041000,12
28-05-2024,Analog Watch,Watches,4,3720.87,5120.89,14849.6,Clearance Sale,52,28-05-2024,31-05-2024,91021100,18
28-05-2024,Winter Wool Scarf,Scarves,1,604.57,472.92,608.66,Festival Sale,24,28-05-2024,30-05-2024,62143000,12
28-05-2024,Hair Clip Set,Hair Accessories,6,880.06,444.81,5204.22,No Promotion,0,28-05-2024,01-06-2024,96151900,18
28-05-2024,Silver Bracelet,Jewelry,3,2741.92,1925.26,8185.8,Festival Sale,26,28-05-2024,02-06-2024,71131100,3
28-05-2024,Shoulder Bag,Handbags,5,3180.36,2186.52,15828.75,Festival Sale,17,28-05-2024,04-06-2024,42022290,18
28-05-2024,Pashmina Shawl,Scarves,2,1846.44,1309.87,3692.28,Festival Sale,19,28-05-2024,29-05-2024,62143000,12
28-05-2024,Headband,Hair Accessories,3,354.66,328.24,1073.64,Festival Sale,30,28-05-2024,30-05-2024,96151900,18
28-05-2024,Charm Bracelet,Jewelry,1,3552.66,1867.29,3580.61,Seasonal Offer,12,28-05-2024,30-05-2024,71131100,3
29-05-2024,Sports Sunglasses,Sunglasses,6,1865.21,1183.97,11378.76,No Promotion,0,29-05-2024,31-05-2024,90041000,12
29-05-2024,Printed Scarf,Scarves,8,814.58,563.24,6584.16,Festival Sale,15,29-05-2024,30-05-2024,62143000,12
29-05-2024,Headband,Hair Accessories,7,372.84,207.24,2633.26,No Promotion,0,29-05-2024,03-06-2024,96151900,18
29-05-2024,Fabric Belt,Belts,3,3032.58,1808.97,9261.21,Seasonal Offer,12,29-05-2024,05-06-2024,42033000,18
29-05-2024,Shoulder Bag,Handbags,3,7938.09,3827.72,24191.34,No Promotion,0,29-05-2024,02-06-2024,42022290,18
29-05-2024,Silk Scarf,Scarves,2,1462.85,1132.29,2952.84,Seasonal Offer,17,29-05-2024,30-05-2024,62143000,12
29-05-2024,Dress Watch,Watches,2,5299.41,3515.98,10524.2,No Promotion,0,29-05-2024,03-06-2024,91021100,18
29-05-2024,Printed Scarf,Scarves,1,1433.25,955.21,1451.58,No Promotion,0,29-05-2024,03-06-2024,62143000,12
29-05-2024,Aviator Sunglasses,Sunglasses,4,1812.97,1177.72,7245.56,Festival Sale,29,29-05-2024,04-06-2024,90041000,12
29-05-2024,Hair Clip Set,Hair Accessories,1,654.31,349.36,654.1,No Promotion,0,29-05-2024,05-06-2024,96151900,18
30-05-2024,Printed Scarf,Scarves,1,1967.75,988.78,1941.8,No Promotion,0,30-05-2024,06-06-2024,62143000,12
30-05-2024,Statement Necklace,Jewelry,2,2310.83,1502.95,4601.56,No Promotion,0,30-05-2024,02-06-2024,71131100,3
30-05-2024,Charm Bracelet,Jewelry,3,4510.43,2922.17,13309.29,Festival Sale,16,30-05-2024,04-06-2024,71131100,3
30-05-2024,Fabric Belt,Belts,3,2166.45,1289.74,6466.23,No Promotion,0,30-05-2024,01-06-2024,42033000,18
30-05-2024,Turban,Hair Accessories,1,690.22,563.21,703.57,Festival Sale,15,30-05-2024,04-06-2024,96151900,18
30-05-2024,Dress Watch,Watches,2,3536.38,2913.2,7106.44,Flash Sale,31,30-05-2024,01-06-2024,91021100,18
30-05-2024,Winter Wool Scarf,Scarves,1,1135.36,987.67,1126.39,Clearance Sale,45,30-05-2024,06-06-2024,62143000,12
30-05-2024,Western Belt,Belts,1,2541.74,1417.91,2544.27,Festival Sale,16,30-05-2024,04-06-2024,42033000,18
30-05-2024,Crossbody Bag,Handbags,3,1763.11,1272.36,5306.43,Flash Sale,30,30-05-2024,31-05-2024,42022290,18
30-05-2024,Shoulder Bag,Handbags,2,4766.7,2874.91,9468.42,Festival Sale,25,30-05-2024,05-06-2024,42022290,18
30-05-2024,Oversized Sunglasses,Sunglasses,6,1785.06,920.41,10802.94,No Promotion,0,30-05-2024,04-06-2024,90041000,12
30-05-2024,Smart Watch,Watches,7,6224.06,4020.77,42867.16,No Promotion,0,30-05-2024,05-06-2024,91021100,18
30-05-2024,Hair Clip Set,Hair Accessories,4,570.05,386.58,2288.16,No Promotion,0,30-05-2024,05-06-2024,96151900,18
30-05-2024,Backpack Purse,Handbags,7,6022.59,4784.76,41937.98,Flash Sale,26,30-05-2024,05-06-2024,42022290,18
31-05-2024,Pearl Necklace,Jewelry,5,2842.8,1930.98,13944.95,Festival Sale,30,31-05-2024,03-06-2024,71131100,3
31-05-2024,Crossbody Bag,Handbags,3,5352.34,3455.72,15875.73,No Promotion,0,31-05-2024,07-06-2024,42022290,18
31-05-2024,Cat Eye Sunglasses,Sunglasses,10,2414.85,1929.68,24118,Seasonal Offer,15,31-05-2024,05-06-2024,90041000,12
31-05-2024,Smart Watch,Watches,3,9058.66,5016.85,26790.84,Seasonal Offer,17,31-05-2024,06-06-2024,91021100,18
31-05-2024,Western Belt,Belts,8,2019.96,1051.76,16120.72,No Promotion,0,31-05-2024,05-06-2024,42033000,18
31-05-2024,Backpack Purse,Handbags,6,4977.64,3220.08,29935.68,No Promotion,0,31-05-2024,04-06-2024,42022290,18
31-05-2024,Hair Pin Set,Hair Accessories,7,577.57,632.26,3983.49,Clearance Sale,53,31-05-2024,02-06-2024,96151900,18
31-05-2024,Leather Belt,Belts,4,1469.33,1242.12,5990.64,Flash Sale,37,31-05-2024,05-06-2024,42033000,18
31-05-2024,Headband,Hair Accessories,7,251.08,228.39,1764.07,Festival Sale,23,31-05-2024,07-06-2024,96151900,18
31-05-2024,Leather Tote Bag,Handbags,2,2176.11,1518.81,4379.72,No Promotion,0,31-05-2024,06-06-2024,42022290,18
31-05-2024,Pashmina Shawl,Scarves,5,1184.19,699.81,5870.7,Festival Sale,20,31-05-2024,05-06-2024,62143000,12
31-05-2024,Digital Watch,Watches,2,3635.56,2766.79,7415.7,Festival Sale,16,31-05-2024,01-06-2024,91021100,18
31-05-2024,Sports Sunglasses,Sunglasses,5,3245.88,1914.55,16125.65,Festival Sale,23,31-05-2024,02-06-2024,90041000,12
01-06-2024,Gold Plated Earrings,Jewelry,5,4647.45,2840.63,23380.95,No Promotion,0,01-06-2024,08-06-2024,71131100,3
01-06-2024,Round Frame,Sunglasses,7,3455.97,2376,24587.29,Festival Sale,29,01-06-2024,08-06-2024,90041000,12
01-06-2024,Pearl Necklace,Jewelry,10,4347.2,2453.7,42652.5,No Promotion,0,01-06-2024,03-06-2024,71131100,3
01-06-2024,Silk Scarf,Scarves,4,1738.61,885.23,7035.44,No Promotion,0,01-06-2024,06-06-2024,62143000,12
01-06-2024,Cat Eye Sunglasses,Sunglasses,5,2621.9,2023.46,13189.1,Flash Sale,28,01-06-2024,07-06-2024,90041000,12
01-06-2024,Scrunchie Pack,Hair Accessories,9,206.39,274.84,1879.56,Clearance Sale,51,01-06-2024,04-06-2024,96151900,18
01-06-2024,Clutch Purse,Handbags,13,4444.06,3007.49,57400.85,Festival Sale,22,01-06-2024,02-06-2024,42022290,18
01-06-2024,Shoulder Bag,Handbags,5,6227.41,4035.3,30789.1,Festival Sale,16,01-06-2024,03-06-2024,42022290,18
01-06-2024,Gold Plated Earrings,Jewelry,4,4494.79,2915.61,17723.48,Festival Sale,16,01-06-2024,03-06-2024,71131100,3
01-06-2024,Headband,Hair Accessories,2,355.62,280.87,716.66,Flash Sale,29,01-06-2024,05-06-2024,96151900,18
01-06-2024,Chain Belt,Belts,9,3580.77,1872.57,32195.34,No Promotion,0,01-06-2024,08-06-2024,42033000,18
03-06-2024,Waist Belt,Belts,4,3206.44,1678.9,12742.56,No Promotion,0,03-06-2024,04-06-2024,42033000,18
03-06-2024,Cat Eye Sunglasses,Sunglasses,3,2618.25,1981.83,7814.28,Flash Sale,33,03-06-2024,07-06-2024,90041000,12
03-06-2024,Hair Pin Set,Hair Accessories,3,965.79,705.91,2872.56,Festival Sale,24,03-06-2024,10-06-2024,96151900,18
03-06-2024,Scrunchie Pack,Hair Accessories,4,396.91,442.62,1570.68,Clearance Sale,42,03-06-2024,06-06-2024,96151900,18
03-06-2024,Round Frame,Sunglasses,1,4095.12,2357.27,4162.13,Festival Sale,15,03-06-2024,07-06-2024,90041000,12
03-06-2024,Round Frame,Sunglasses,6,2430.38,2383.79,14778.36,Flash Sale,40,03-06-2024,06-06-2024,90041000,12
03-06-2024,Oversized Sunglasses,Sunglasses,7,1654.8,1060.85,11476.01,Seasonal Offer,14,03-06-2024,04-06-2024,90041000,12
03-06-2024,Printed Scarf,Scarves,3,1752.1,1096.89,5261.22,No Promotion,0,03-06-2024,09-06-2024,62143000,12
03-06-2024,Turban,Hair Accessories,2,980.19,504.16,1966.12,No Promotion,0,03-06-2024,05-06-2024,96151900,18
03-06-2024,Cat Eye Sunglasses,Sunglasses,6,1797.75,1395.62,10805.76,Festival Sale,29,03-06-2024,08-06-2024,90041000,12
03-06-2024,Turban,Hair Accessories,5,666.67,632.91,3350.5,Festival Sale,28,03-06-2024,04-06-2024,96151900,18
03-06-2024,Leather Belt,Belts,1,2103.42,1481.89,2095.79,No Promotion,0,03-06-2024,08-06-2024,42033000,18
03-06-2024,Cotton Scarf,Scarves,1,834.4,955.68,840.34,Clearance Sale,56,03-06-2024,07-06-2024,62143000,12
03-06-2024,Fabric Belt,Belts,5,2057.91,1377.01,10233.55,Festival Sale,30,03-06-2024,05-06-2024,42033000,18
03-06-2024,Cotton Scarf,Scarves,3,1038.66,481.76,3153.48,No Promotion,0,03-06-2024,06-06-2024,62143000,12
03-06-2024,Leather Belt,Belts,3,1160.22,1116.68,3445.14,Clearance Sale,48,03-06-2024,05-06-2024,42033000,18
03-06-2024,Cotton Scarf,Scarves,3,2336.46,1227.64,6931.32,Seasonal Offer,10,03-06-2024,08-06-2024,62143000,12
03-06-2024,Pearl Necklace,Jewelry,5,4049.25,2638.07,20182.85,No Promotion,0,03-06-2024,10-06-2024,71131100,3
03-06-2024,Charm Bracelet,Jewelry,2,3912.94,2540.98,7867,Seasonal Offer,17,03-06-2024,07-06-2024,71131100,3
03-06-2024,Cotton Scarf,Scarves,1,1752.01,850.39,1786.72,No Promotion,0,03-06-2024,04-06-2024,62143000,12
03-06-2024,Digital Watch,Watches,3,2517.4,1711.68,7668.3,Festival Sale,29,03-06-2024,06-06-2024,91021100,18
04-06-2024,Clutch Purse,Handbags,2,4323.74,3250.54,8795.36,Seasonal Offer,10,04-06-2024,05-06-2024,42022290,18
04-06-2024,Aviator Sunglasses,Sunglasses,4,2683.59,1755.68,10948.88,No Promotion,0,04-06-2024,09-06-2024,90041000,12
04-06-2024,Fabric Belt,Belts,1,2562.07,1678.18,2539.5,No Promotion,0,04-06-2024,05-06-2024,42033000,18
04-06-2024,Leather Belt,Belts,4,1399.42,1688.06,5497.4,Clearance Sale,50,04-06-2024,09-06-2024,42033000,18
04-06-2024,Sports Sunglasses,Sunglasses,3,1361.24,2014.3,4165.17,Clearance Sale,55,04-06-2024,08-06-2024,90041000,12
04-06-2024,Waist Belt,Belts,2,3043.64,1958.8,6183.08,Festival Sale,20,04-06-2024,08-06-2024,42033000,18
04-06-2024,Waist Belt,Belts,2,1837.45,1542.49,3622.64,Clearance Sale,43,04-06-2024,08-06-2024,42033000,18
04-06-2024,Statement Necklace,Jewelry,4,2720.84,1369.1,10801.92,No Promotion,0,04-06-2024,08-06-2024,71131100,3
04-06-2024,Round Frame,Sunglasses,3,4793.81,2204.29,14436.45,No Promotion,0,04-06-2024,06-06-2024,90041000,12
04-06-2024,Backpack Purse,Handbags,1,4981.78,4061.33,4885.48,Festival Sale,19,04-06-2024,11-06-2024,42022290,18
04-06-2024,Turban,Hair Accessories,3,487.35,301.6,1457.76,Festival Sale,22,04-06-2024,06-06-2024,96151900,18
04-06-2024,Oversized Sunglasses,Sunglasses,1,3855.18,1772.73,3829.2,No Promotion,0,04-06-2024,08-06-2024,90041000,12
04-06-2024,Smart Watch,Watches,3,2518.94,3895.4,7510.8,Clearance Sale,56,04-06-2024,08-06-2024,91021100,18
04-06-2024,Charm Bracelet,Jewelry,2,4057.32,2142.87,8205.66,Seasonal Offer,11,04-06-2024,05-06-2024,71131100,3
05-06-2024,Digital Watch,Watches,5,7994.49,5700.36,39991.45,Festival Sale,17,05-06-2024,12-06-2024,91021100,18
05-06-2024,Dress Watch,Watches,1,5951.98,3610.77,6020.27,No Promotion,0,05-06-2024,08-06-2024,91021100,18
05-06-2024,Analog Watch,Watches,3,9269.69,5758.19,27798.54,Festival Sale,19,05-06-2024,07-06-2024,91021100,18
05-06-2024,Dress Watch,Watches,3,2902.48,1825.22,8874,Seasonal Offer,17,05-06-2024,12-06-2024,91021100,18
05-06-2024,Pearl Necklace,Jewelry,1,1478.8,1025.27,1485.82,No Promotion,0,05-06-2024,06-06-2024,71131100,3
05-06-2024,Cat Eye Sunglasses,Sunglasses,3,2475.33,1150.64,7464.15,No Promotion,0,05-06-2024,09-06-2024,90041000,12
05-06-2024,Printed Scarf,Scarves,2,1594.92,791.18,3216.64,No Promotion,0,05-06-2024,11-06-2024,62143000,12
05-06-2024,Cat Eye Sunglasses,Sunglasses,6,1096.52,1003.05,6691.74,Festival Sale,23,05-06-2024,07-06-2024,90041000,12
05-06-2024,Scrunchie Pack,Hair Accessories,6,532.81,346.31,3162.6,No Promotion,0,05-06-2024,12-06-2024,96151900,18
06-06-2024,Silk Scarf,Scarves,3,2071.32,1215.76,6233.79,No Promotion,0,06-06-2024,11-06-2024,62143000,12
06-06-2024,Gold Plated Earrings,Jewelry,2,3134.79,2262.58,6191.82,Festival Sale,16,06-06-2024,07-06-2024,71131100,3
06-06-2024,Gold Plated Earrings,Jewelry,4,1880.42,1090.76,7422,No Promotion,0,06-06-2024,12-06-2024,71131100,3
06-06-2024,Charm Bracelet,Jewelry,6,4036.47,2827.94,24499.5,Festival Sale,15,06-06-2024,11-06-2024,71131100,3
06-06-2024,Scrunchie Pack,Hair Accessories,5,935.29,547.35,4691.2,No Promotion,0,06-06-2024,09-06-2024,96151900,18
06-06-2024,Dress Watch,Watches,1,5431.66,2980.14,5384.07,No Promotion,0,06-06-2024,11-06-2024,91021100,18
06-06-2024,Pashmina Shawl,Scarves,1,1571.96,908.59,1571.99,No Promotion,0,06-06-2024,09-06-2024,62143000,12
06-06-2024,Chain Belt,Belts,3,2658,1674.05,7862.34,No Promotion,0,06-06-2024,10-06-2024,42033000,18
06-06-2024,Scrunchie Pack,Hair Accessories,5,944.79,746.97,4710.45,Festival Sale,30,06-06-2024,11-06-2024,96151900,18
06-06-2024,Charm Bracelet,Jewelry,1,803.77,838.35,799.63,Clearance Sale,52,06-06-2024,08-06-2024,71131100,3
06-06-2024,Western Belt,Belts,1,4062.37,1952.65,4016.26,No Promotion,0,06-06-2024,09-06-2024,42033000,18
06-06-2024,Dress Watch,Watches,4,3265.71,2911.09,13263.28,Clearance Sale,45,06-06-2024,10-06-2024,91021100,18
06-06-2024,Analog Watch,Watches,6,5881.4,5243.21,35169.9,Clearance Sale,42,06-06-2024,10-06-2024,91021100,18
06-06-2024,Pashmina Shawl,Scarves,2,363.05,487.62,738.34,Clearance Sale,48,06-06-2024,09-06-2024,62143000,12
06-06-2024,Winter Wool Scarf,Scarves,2,1884.77,1484.63,3806,Festival Sale,17,06-06-2024,08-06-2024,62143000,12
06-06-2024,Oversized Sunglasses,Sunglasses,7,2878.01,1538.57,20380.36,No Promotion,0,06-06-2024,07-06-2024,90041000,12
06-06-2024,Leather Tote Bag,Handbags,1,3930.13,2160.85,3919.61,No Promotion,0,06-06-2024,12-06-2024,42022290,18
06-06-2024,Hair Clip Set,Hair Accessories,1,730.27,760.42,720.36,Clearance Sale,43,06-06-2024,07-06-2024,96151900,18
06-06-2024,Hair Clip Set,Hair Accessories,3,1097.16,673.8,3340.53,Seasonal Offer,17,06-06-2024,08-06-2024,96151900,18
06-06-2024,Waist Belt,Belts,7,884.66,631.02,6126.82,Festival Sale,23,06-06-2024,08-06-2024,42033000,18
06-06-2024,Dress Watch,Watches,1,4058.4,2231.55,4117.18,Seasonal Offer,16,06-06-2024,09-06-2024,91021100,18
06-06-2024,Digital Watch,Watches,3,5227.74,3339.33,15880.35,Festival Sale,23,06-06-2024,13-06-2024,91021100,18
07-06-2024,Cat Eye Sunglasses,Sunglasses,5,1364.89,989.18,6712.5,Festival Sale,27,07-06-2024,12-06-2024,90041000,12
07-06-2024,Leather Belt,Belts,3,2183.63,1330.24,6681.93,Festival Sale,22,07-06-2024,12-06-2024,42033000,18
07-06-2024,Printed Scarf,Scarves,2,901.12,625.8,1824.34,Festival Sale,26,07-06-2024,08-06-2024,62143000,12
07-06-2024,Pearl Necklace,Jewelry,5,4772.09,2609,24135.05,No Promotion,0,07-06-2024,12-06-2024,71131100,3
07-06-2024,Headband,Hair Accessories,9,998.47,681.05,9065.34,Festival Sale,26,07-06-2024,08-06-2024,96151900,18
07-06-2024,Round Frame,Sunglasses,1,3135.89,2251.92,3153.12,No Promotion,0,07-06-2024,13-06-2024,90041000,12
07-06-2024,Silk Scarf,Scarves,7,689.6,564.82,4905.04,Festival Sale,23,07-06-2024,10-06-2024,62143000,12
07-06-2024,Headband,Hair Accessories,4,1651.84,799.7,6615.72,No Promotion,0,07-06-2024,14-06-2024,96151900,18
07-06-2024,Pearl Necklace,Jewelry,3,4788.07,2289.68,14422.26,No Promotion,0,07-06-2024,11-06-2024,71131100,3
07-06-2024,Sports Watch,Watches,5,1849.69,2106.59,9202.45,Clearance Sale,59,07-06-2024,09-06-2024,91021100,18
07-06-2024,Western Belt,Belts,4,3782.77,1708.4,14911.88,No Promotion,0,07-06-2024,09-06-2024,42033000,18
07-06-2024,Digital Watch,Watches,5,5980.2,4873.32,30144.9,Festival Sale,18,07-06-2024,09-06-2024,91021100,18
07-06-2024,Fabric Belt,Belts,5,2066.23,1095.47,10311.95,No Promotion,0,07-06-2024,13-06-2024,42033000,18
07-06-2024,Analog Watch,Watches,5,6466.45,4125.46,32499.45,Festival Sale,27,07-06-2024,14-06-2024,91021100,18
07-06-2024,Headband,Hair Accessories,3,418.75,305.69,1279.77,Festival Sale,26,07-06-2024,08-06-2024,96151900,18
07-06-2024,Printed Scarf,Scarves,2,1497.33,1057.7,2956.68,Festival Sale,22,07-06-2024,13-06-2024,62143000,12
08-06-2024,Cat Eye Sunglasses,Sunglasses,2,761.68,1183.27,1515.22,Clearance Sale,55,08-06-2024,15-06-2024,90041000,12
08-06-2024,Scrunchie Pack,Hair Accessories,9,244.35,321.37,2243.79,Clearance Sale,52,08-06-2024,13-06-2024,96151900,18
08-06-2024,Shoulder Bag,Handbags,2,2019.28,1243.97,4079.42,No Promotion,0,08-06-2024,11-06-2024,42022290,18
08-06-2024,Hair Clip Set,Hair Accessories,6,710.12,685.95,4293.54,Clearance Sale,41,08-06-2024,13-06-2024,96151900,18
08-06-2024,Crossbody Bag,Handbags,1,1040.93,1343.44,1028.12,Clearance Sale,59,08-06-2024,10-06-2024,42022290,18
08-06-2024,Cotton Scarf,Scarves,1,2338.29,1489.41,2314.16,No Promotion,0,08-06-2024,10-06-2024,62143000,12
08-06-2024,Cotton Scarf,Scarves,2,1451.33,685.16,2914.76,No Promotion,0,08-06-2024,15-06-2024,62143000,12
08-06-2024,Aviator Sunglasses,Sunglasses,5,3099.66,1566.8,15713.7,No Promotion,0,08-06-2024,14-06-2024,90041000,12
08-06-2024,Hair Clip Set,Hair Accessories,3,563.07,449.76,1696.95,Festival Sale,22,08-06-2024,09-06-2024,96151900,18
08-06-2024,Oversized Sunglasses,Sunglasses,5,2046.19,1256.17,10105.6,No Promotion,0,08-06-2024,15-06-2024,90041000,12
08-06-2024,Smart Watch,Watches,5,4137.51,4312.59,20727,Flash Sale,40,08-06-2024,11-06-2024,91021100,18
08-06-2024,Sports Watch,Watches,1,3074,2154.71,3121.97,Festival Sale,30,08-06-2024,09-06-2024,91021100,18
08-06-2024,Dress Watch,Watches,4,3608.64,2054.88,14706,No Promotion,0,08-06-2024,15-06-2024,91021100,18
08-06-2024,Waist Belt,Belts,9,1132.8,1118.21,10263.6,Festival Sale,30,08-06-2024,12-06-2024,42033000,18
08-06-2024,Waist Belt,Belts,3,1686.95,1112.74,5133.06,Seasonal Offer,12,08-06-2024,11-06-2024,42033000,18
08-06-2024,Analog Watch,Watches,5,4579.44,3383.01,22674.95,Festival Sale,20,08-06-2024,11-06-2024,91021100,18
08-06-2024,Chain Belt,Belts,4,2754.86,1565.49,11117.84,No Promotion,0,08-06-2024,15-06-2024,42033000,18
08-06-2024,Scrunchie Pack,Hair Accessories,1,1058.56,709.48,1042.82,Festival Sale,30,08-06-2024,10-06-2024,96151900,18
08-06-2024,Turban,Hair Accessories,3,1247.01,757.57,3723.54,Festival Sale,17,08-06-2024,11-06-2024,96151900,18
08-06-2024,Charm Bracelet,Jewelry,11,4710.85,2916.35,52040.67,Festival Sale,18,08-06-2024,10-06-2024,71131100,3
08-06-2024,Digital Watch,Watches,2,8000.88,4762.93,15931.62,Festival Sale,23,08-06-2024,10-06-2024,91021100,18
10-06-2024,Shoulder Bag,Handbags,4,4471.95,2642.6,18035.56,No Promotion,0,10-06-2024,11-06-2024,42022290,18
10-06-2024,Printed Scarf,Scarves,3,598.65,701.08,1822.08,Clearance Sale,52,10-06-2024,12-06-2024,62143000,12
10-06-2024,Charm Bracelet,Jewelry,2,1583.18,1356.41,3108.64,Festival Sale,20,10-06-2024,17-06-2024,71131100,3
10-06-2024,Silk Scarf,Scarves,3,1725.36,1149.68,5163.03,Festival Sale,23,10-06-2024,14-06-2024,62143000,12
10-06-2024,Oversized Sunglasses,Sunglasses,3,3166.98,1878.52,9691.95,Festival Sale,15,10-06-2024,11-06-2024,90041000,12
10-06-2024,Oversized Sunglasses,Sunglasses,7,2482.59,1835.99,17510.99,Flash Sale,38,10-06-2024,13-06-2024,90041000,12
10-06-2024,Smart Watch,Watches,4,4481.34,2924.68,18172.84,Seasonal Offer,20,10-06-2024,13-06-2024,91021100,18
10-06-2024,Cat Eye Sunglasses,Sunglasses,7,1931.41,1313.73,13651.89,Flash Sale,25,10-06-2024,13-06-2024,90041000,12
10-06-2024,Statement Necklace,Jewelry,3,1052.78,976.74,3215.49,Clearance Sale,46,10-06-2024,11-06-2024,71131100,3
10-06-2024,Shoulder Bag,Handbags,2,8803.01,4515.37,17787.4,No Promotion,0,10-06-2024,12-06-2024,42022290,18
10-06-2024,Oversized Sunglasses,Sunglasses,3,1351.23,1460.75,4024.23,Clearance Sale,56,10-06-2024,16-06-2024,90041000,12
10-06-2024,Gold Plated Earrings,Jewelry,3,2490.41,1968.99,7376.64,Festival Sale,20,10-06-2024,16-06-2024,71131100,3
10-06-2024,Oversized Sunglasses,Sunglasses,1,3897.59,2086.43,3921.53,No Promotion,0,10-06-2024,12-06-2024,90041000,12
10-06-2024,Shoulder Bag,Handbags,4,2976.86,2591.76,11896.76,Flash Sale,39,10-06-2024,12-06-2024,42022290,18
10-06-2024,Waist Belt,Belts,5,3452.18,1739.62,17583.15,No Promotion,0,10-06-2024,14-06-2024,42033000,18
10-06-2024,Turban,Hair Accessories,5,782.74,498.28,3978.85,Festival Sale,22,10-06-2024,14-06-2024,96151900,18
10-06-2024,Clutch Purse,Handbags,1,3563.74,1943.53,3556.35,Festival Sale,16,10-06-2024,11-06-2024,42022290,18
10-06-2024,Dress Watch,Watches,2,8536.57,5776.55,16843.68,No Promotion,0,10-06-2024,14-06-2024,91021100,18
10-06-2024,Cotton Scarf,Scarves,2,1231.97,702.21,2505.22,No Promotion,0,10-06-2024,17-06-2024,62143000,12
10-06-2024,Statement Necklace,Jewelry,2,3328.36,2643,6678.48,Seasonal Offer,17,10-06-2024,17-06-2024,71131100,3
11-06-2024,Turban,Hair Accessories,5,970.58,616.24,4763.25,Festival Sale,23,11-06-2024,15-06-2024,96151900,18
11-06-2024,Smart Watch,Watches,3,11264.39,5257.36,33473.43,No Promotion,0,11-06-2024,16-06-2024,91021100,18
11-06-2024,Western Belt,Belts,2,4130.35,1963.64,8361.84,No Promotion,0,11-06-2024,13-06-2024,42033000,18
11-06-2024,Cat Eye Sunglasses,Sunglasses,6,2728.4,1897.04,16512.3,Festival Sale,30,11-06-2024,14-06-2024,90041000,12
11-06-2024,Clutch Purse,Handbags,2,3082.56,2158.87,6056.6,Seasonal Offer,19,11-06-2024,13-06-2024,42022290,18
11-06-2024,Silver Bracelet,Jewelry,2,939.98,819.81,1901.18,Festival Sale,27,11-06-2024,18-06-2024,71131100,3
11-06-2024,Silk Scarf,Scarves,1,369.14,636.74,370.01,Clearance Sale,60,11-06-2024,18-06-2024,62143000,12
11-06-2024,Leather Belt,Belts,4,1206.93,1378.48,4855.76,Clearance Sale,47,11-06-2024,14-06-2024,42033000,18
11-06-2024,Oversized Sunglasses,Sunglasses,3,2367.38,1591.63,7104.96,Seasonal Offer,14,11-06-2024,15-06-2024,90041000,12
11-06-2024,Cat Eye Sunglasses,Sunglasses,3,1484.6,986.62,4501.23,Festival Sale,19,11-06-2024,15-06-2024,90041000,12
11-06-2024,Printed Scarf,Scarves,4,975.99,587.95,3877.84,No Promotion,0,11-06-2024,14-06-2024,62143000,12
11-06-2024,Round Frame,Sunglasses,3,2350.5,1939.22,7127.16,Festival Sale,16,11-06-2024,14-06-2024,90041000,12
11-06-2024,Digital Watch,Watches,4,10461.23,5734.26,41674.72,No Promotion,0,11-06-2024,14-06-2024,91021100,18
11-06-2024,Cat Eye Sunglasses,Sunglasses,7,2076.28,1466.83,14617.12,Flash Sale,33,11-06-2024,15-06-2024,90041000,12
11-06-2024,Western Belt,Belts,4,1169.17,1050.43,4723.64,Festival Sale,23,11-06-2024,16-06-2024,42033000,18
11-06-2024,Printed Scarf,Scarves,1,1179.99,602.26,1170.86,No Promotion,0,11-06-2024,12-06-2024,62143000,12
11-06-2024,Chain Belt,Belts,6,1858.99,1165.26,10950.18,No Promotion,0,11-06-2024,15-06-2024,42033000,18
11-06-2024,Shoulder Bag,Handbags,2,4843.08,4522.33,9545.14,Festival Sale,30,11-06-2024,18-06-2024,42022290,18
12-06-2024,Oversized Sunglasses,Sunglasses,4,2113.68,1739.5,8596.8,Flash Sale,33,12-06-2024,19-06-2024,90041000,12
12-06-2024,Shoulder Bag,Handbags,4,3604.35,2209.07,14443.72,Seasonal Offer,12,12-06-2024,15-06-2024,42022290,18
12-06-2024,Fabric Belt,Belts,5,3018.03,1911.36,14973.5,Festival Sale,24,12-06-2024,14-06-2024,42033000,18
12-06-2024,Pearl Necklace,Jewelry,2,4823.05,2740.51,9622,No Promotion,0,12-06-2024,19-06-2024,71131100,3
12-06-2024,Analog Watch,Watches,1,1635.25,2467.6,1620.58,Clearance Sale,58,12-06-2024,16-06-2024,91021100,18
12-06-2024,Analog Watch,Watches,2,2686.12,1566.91,5272.04,No Promotion,0,12-06-2024,17-06-2024,91021100,18
12-06-2024,Statement Necklace,Jewelry,6,3463.28,2395.91,20911.62,No Promotion,0,12-06-2024,14-06-2024,71131100,3
12-06-2024,Silk Scarf,Scarves,4,546.91,690.04,2164.2,Clearance Sale,46,12-06-2024,18-06-2024,62143000,12
12-06-2024,Gold Plated Earrings,Jewelry,5,4352.24,2775.34,22120.35,No Promotion,0,12-06-2024,14-06-2024,71131100,3
12-06-2024,Pashmina Shawl,Scarves,3,926.35,582.09,2738.55,Festival Sale,21,12-06-2024,13-06-2024,62143000,12
12-06-2024,Clutch Purse,Handbags,2,5280.99,3031.96,10445.64,Festival Sale,15,12-06-2024,17-06-2024,42022290,18
12-06-2024,Printed Scarf,Scarves,3,911.97,1315.08,2733.63,Clearance Sale,55,12-06-2024,18-06-2024,62143000,12
12-06-2024,Charm Bracelet,Jewelry,1,2593.24,1423.28,2560.36,No Promotion,0,12-06-2024,13-06-2024,71131100,3
12-06-2024,Leather Belt,Belts,4,1839.68,1713.4,7310,Clearance Sale,44,12-06-2024,15-06-2024,42033000,18
12-06-2024,Sports Sunglasses,Sunglasses,7,4279.59,2098.27,29894.69,No Promotion,0,12-06-2024,16-06-2024,90041000,12
12-06-2024,Winter Wool Scarf,Scarves,4,1340.08,1349.07,5266.36,Clearance Sale,46,12-06-2024,17-06-2024,62143000,12
12-06-2024,Crossbody Bag,Handbags,3,4952.33,2761.08,15080.01,No Promotion,0,12-06-2024,15-06-2024,42022290,18
12-06-2024,Statement Necklace,Jewelry,3,3901.18,2217.6,11477.22,Seasonal Offer,14,12-06-2024,16-06-2024,71131100,3
12-06-2024,Gold Plated Earrings,Jewelry,3,1866.63,1096.38,5678.37,No Promotion,0,12-06-2024,18-06-2024,71131100,3
12-06-2024,Fabric Belt,Belts,2,840.09,920.52,1681.52,Flash Sale,39,12-06-2024,18-06-2024,42033000,18
12-06-2024,Waist Belt,Belts,3,1113.32,653.8,3376.23,No Promotion,0,12-06-2024,14-06-2024,42033000,18
12-06-2024,Gold Plated Earrings,Jewelry,1,3896.26,1885.14,3932.13,No Promotion,0,12-06-2024,18-06-2024,71131100,3
12-06-2024,Scrunchie Pack,Hair Accessories,1,905.56,563.67,900.81,Festival Sale,26,12-06-2024,14-06-2024,96151900,18
12-06-2024,Pashmina Shawl,Scarves,1,1865.74,1228.85,1901.12,Festival Sale,15,12-06-2024,14-06-2024,62143000,12
13-06-2024,Western Belt,Belts,2,1652.61,946.67,3247.96,Festival Sale,17,13-06-2024,17-06-2024,42033000,18
13-06-2024,Printed Scarf,Scarves,2,2338.61,1231.51,4718.82,No Promotion,0,13-06-2024,16-06-2024,62143000,12
13-06-2024,Oversized Sunglasses,Sunglasses,1,1647.93,1144.62,1663.06,No Promotion,0,13-06-2024,14-06-2024,90041000,12
13-06-2024,Statement Necklace,Jewelry,4,4295.5,2243.73,16935.72,No Promotion,0,13-06-2024,14-06-2024,71131100,3
13-06-2024,Digital Watch,Watches,1,5628.21,4289.85,5569.21,Festival Sale,29,13-06-2024,19-06-2024,91021100,18
13-06-2024,Cat Eye Sunglasses,Sunglasses,1,1234.75,916.12,1226.33,Flash Sale,25,13-06-2024,16-06-2024,90041000,12
13-06-2024,Turban,Hair Accessories,3,247.7,219.21,753.75,Festival Sale,30,13-06-2024,18-06-2024,96151900,18
13-06-2024,Charm Bracelet,Jewelry,3,2293.21,2255.69,6806.22,Flash Sale,39,13-06-2024,20-06-2024,71131100,3
13-06-2024,Hair Pin Set,Hair Accessories,1,610.44,528.15,613.86,Flash Sale,25,13-06-2024,15-06-2024,96151900,18
13-06-2024,Gold Plated Earrings,Jewelry,4,4509.05,2676.5,17686.8,No Promotion,0,13-06-2024,20-06-2024,71131100,3
13-06-2024,Headband,Hair Accessories,3,391.93,284.3,1167.78,Seasonal Offer,20,13-06-2024,17-06-2024,96151900,18
13-06-2024,Cat Eye Sunglasses,Sunglasses,4,2122.66,1304.49,8378.08,Seasonal Offer,20,13-06-2024,14-06-2024,90041000,12
13-06-2024,Western Belt,Belts,4,1086.49,698.33,4305.68,Festival Sale,21,13-06-2024,16-06-2024,42033000,18
13-06-2024,Shoulder Bag,Handbags,2,5223.81,3276.79,10408.38,Seasonal Offer,12,13-06-2024,16-06-2024,42022290,18
13-06-2024,Headband,Hair Accessories,6,754.73,605.45,4489.56,Clearance Sale,43,13-06-2024,17-06-2024,96151900,18
13-06-2024,Winter Wool Scarf,Scarves,1,446.2,437.37,444.47,Clearance Sale,51,13-06-2024,20-06-2024,62143000,12
13-06-2024,Winter Wool Scarf,Scarves,1,917.57,859.8,934.34,Festival Sale,26,13-06-2024,16-06-2024,62143000,12
14-06-2024,Pashmina Shawl,Scarves,5,2477.5,1165.2,12464.5,No Promotion,0,14-06-2024,15-06-2024,62143000,12
14-06-2024,Charm Bracelet,Jewelry,7,1127.52,1093.44,7951.02,Clearance Sale,46,14-06-2024,20-06-2024,71131100,3
14-06-2024,Western Belt,Belts,2,2404.51,1511.67,4768.2,No Promotion,0,14-06-2024,19-06-2024,42033000,18
14-06-2024,Hair Pin Set,Hair Accessories,4,606.52,420.96,2418.72,No Promotion,0,14-06-2024,18-06-2024,96151900,18
14-06-2024,Winter Wool Scarf,Scarves,7,706.84,886.03,4926.11,Clearance Sale,56,14-06-2024,15-06-2024,62143000,12
14-06-2024,Turban,Hair Accessories,5,767.37,482.36,3784.35,No Promotion,0,14-06-2024,18-06-2024,96151900,18
14-06-2024,Aviator Sunglasses,Sunglasses,4,3248.16,2450.91,12979.52,Seasonal Offer,20,14-06-2024,18-06-2024,90041000,12
14-06-2024,Winter Wool Scarf,Scarves,7,842.57,865.77,5965.19,Flash Sale,36,14-06-2024,18-06-2024,62143000,12
14-06-2024,Winter Wool Scarf,Scarves,10,1964.34,1377.77,20034.1,Festival Sale,24,14-06-2024,16-06-2024,62143000,12
14-06-2024,Digital Watch,Watches,1,2562.55,2046.98,2597.93,Festival Sale,15,14-06-2024,18-06-2024,91021100,18
14-06-2024,Silk Scarf,Scarves,5,495.37,424.53,2524.25,Flash Sale,37,14-06-2024,18-06-2024,62143000,12
14-06-2024,Shoulder Bag,Handbags,5,3544.74,2158.34,17912.1,No Promotion,0,14-06-2024,16-06-2024,42022290,18
14-06-2024,Analog Watch,Watches,8,5329.99,4731.03,42410.88,Clearance Sale,48,14-06-2024,21-06-2024,91021100,18
15-06-2024,Pashmina Shawl,Scarves,3,1140.63,711.74,3470.28,Festival Sale,15,15-06-2024,22-06-2024,62143000,12
15-06-2024,Turban,Hair Accessories,7,592.97,396.25,4221.35,Seasonal Offer,15,15-06-2024,16-06-2024,96151900,18
15-06-2024,Waist Belt,Belts,3,1402.72,1137.28,4130.37,Seasonal Offer,20,15-06-2024,20-06-2024,42033000,18
15-06-2024,Silver Bracelet,Jewelry,8,1259.87,944.38,9882.56,Festival Sale,24,15-06-2024,16-06-2024,71131100,3
15-06-2024,Sports Watch,Watches,5,6737.56,4324.8,33504.15,No Promotion,0,15-06-2024,19-06-2024,91021100,18
15-06-2024,Printed Scarf,Scarves,6,481.57,605.89,2935.38,Clearance Sale,60,15-06-2024,22-06-2024,62143000,12
15-06-2024,Sports Watch,Watches,5,2194.58,1611.94,10833.55,Festival Sale,21,15-06-2024,19-06-2024,91021100,18
15-06-2024,Dress Watch,Watches,3,7100.2,4533.9,21267.24,No Promotion,0,15-06-2024,22-06-2024,91021100,18
15-06-2024,Smart Watch,Watches,7,3201.43,2850.14,22698.69,Flash Sale,30,15-06-2024,17-06-2024,91021100,18
15-06-2024,Statement Necklace,Jewelry,8,2729.67,1553.08,21771.44,No Promotion,0,15-06-2024,16-06-2024,71131100,3
15-06-2024,Analog Watch,Watches,1,2314.68,3345.74,2358.13,Clearance Sale,58,15-06-2024,19-06-2024,91021100,18
15-06-2024,Crossbody Bag,Handbags,6,10691.3,4791.02,62957.94,No Promotion,0,15-06-2024,18-06-2024,42022290,18
15-06-2024,Shoulder Bag,Handbags,6,3699.48,2928.85,21911.16,Flash Sale,26,15-06-2024,18-06-2024,42022290,18
15-06-2024,Silk Scarf,Scarves,6,1450.86,1320.62,8789.28,Festival Sale,22,15-06-2024,17-06-2024,62143000,12
15-06-2024,Smart Watch,Watches,5,4147.07,3315.85,20802.8,Flash Sale,27,15-06-2024,16-06-2024,91021100,18
17-06-2024,Crossbody Bag,Handbags,3,1196.57,1216.62,3604.8,Flash Sale,39,17-06-2024,19-06-2024,42022290,18
17-06-2024,Digital Watch,Watches,3,4957.51,3429.84,14660.55,Flash Sale,29,17-06-2024,19-06-2024,91021100,18
17-06-2024,Cat Eye Sunglasses,Sunglasses,6,3780.2,2177.15,22813.86,No Promotion,0,17-06-2024,18-06-2024,90041000,12
17-06-2024,Gold Plated Earrings,Jewelry,3,1209.53,840.81,3695.4,Flash Sale,26,17-06-2024,21-06-2024,71131100,3
17-06-2024,Charm Bracelet,Jewelry,3,3317.49,2146.57,10067.37,Festival Sale,23,17-06-2024,19-06-2024,71131100,3
17-06-2024,Clutch Purse,Handbags,3,8126.11,4390.35,24658.89,No Promotion,0,17-06-2024,23-06-2024,42022290,18
17-06-2024,Leather Tote Bag,Handbags,5,3350.96,2780.48,16459.05,Flash Sale,28,17-06-2024,22-06-2024,42022290,18
17-06-2024,Analog Watch,Watches,3,8223.06,4152.19,24257.73,No Promotion,0,17-06-2024,18-06-2024,91021100,18
17-06-2024,Cat Eye Sunglasses,Sunglasses,1,3011.7,1431.65,3035.92,No Promotion,0,17-06-2024,18-06-2024,90041000,12
17-06-2024,Round Frame,Sunglasses,1,3208.24,2333.65,3273.34,Seasonal Offer,19,17-06-2024,24-06-2024,90041000,12
17-06-2024,Backpack Purse,Handbags,2,4629.32,2836.89,9252.34,Festival Sale,15,17-06-2024,21-06-2024,42022290,18
17-06-2024,Leather Tote Bag,Handbags,4,4025.12,2261.41,15911.32,Seasonal Offer,18,17-06-2024,22-06-2024,42022290,18
18-06-2024,Turban,Hair Accessories,2,1592,792.8,3213.74,No Promotion,0,18-06-2024,25-06-2024,96151900,18
18-06-2024,Scrunchie Pack,Hair Accessories,6,966.06,605.36,5810.52,No Promotion,0,18-06-2024,21-06-2024,96151900,18
18-06-2024,Crossbody Bag,Handbags,4,4112.29,2228.79,16667.32,Seasonal Offer,15,18-06-2024,19-06-2024,42022290,18
18-06-2024,Cotton Scarf,Scarves,2,860.33,403.89,1732.62,No Promotion,0,18-06-2024,23-06-2024,62143000,12
18-06-2024,Sports Watch,Watches,1,10524.63,5345.54,10416.77,No Promotion,0,18-06-2024,19-06-2024,91021100,18
18-06-2024,Gold Plated Earrings,Jewelry,3,2461.02,1540.68,7404.3,No Promotion,0,18-06-2024,23-06-2024,71131100,3
18-06-2024,Pashmina Shawl,Scarves,3,2264.56,1396.88,6808.05,Seasonal Offer,10,18-06-2024,19-06-2024,62143000,12
18-06-2024,Fabric Belt,Belts,6,1630.62,770.47,9671.7,No Promotion,0,18-06-2024,25-06-2024,42033000,18
18-06-2024,Leather Belt,Belts,1,1623.57,1072.35,1606.67,No Promotion,0,18-06-2024,19-06-2024,42033000,18
18-06-2024,Turban,Hair Accessories,2,995.27,685.03,2015.76,Seasonal Offer,19,18-06-2024,20-06-2024,96151900,18
18-06-2024,Oversized Sunglasses,Sunglasses,1,2486.59,1388.9,2495.05,No Promotion,0,18-06-2024,20-06-2024,90041000,12
18-06-2024,Dress Watch,Watches,4,5546.94,3007.99,21882.4,Seasonal Offer,13,18-06-2024,20-06-2024,91021100,18
18-06-2024,Backpack Purse,Handbags,5,5501.01,2663.16,27552.75,No Promotion,0,18-06-2024,24-06-2024,42022290,18
18-06-2024,Headband,Hair Accessories,1,305.01,323.91,303.05,Clearance Sale,57,18-06-2024,25-06-2024,96151900,18
18-06-2024,Leather Tote Bag,Handbags,1,1241.08,1447.73,1250.79,Clearance Sale,40,18-06-2024,20-06-2024,42022290,18
18-06-2024,Silver Bracelet,Jewelry,4,2703.42,2338.19,11007.6,Seasonal Offer,17,18-06-2024,21-06-2024,71131100,3
18-06-2024,Cat Eye Sunglasses,Sunglasses,1,1425.13,1060.27,1444.49,Seasonal Offer,19,18-06-2024,23-06-2024,90041000,12
19-06-2024,Charm Bracelet,Jewelry,7,2850.37,2757.33,20031.34,Clearance Sale,45,19-06-2024,23-06-2024,71131100,3
19-06-2024,Clutch Purse,Handbags,5,2111.37,1492.72,10619.1,No Promotion,0,19-06-2024,20-06-2024,42022290,18
19-06-2024,Chain Belt,Belts,3,1516.41,1841.78,4478.37,Clearance Sale,48,19-06-2024,23-06-2024,42033000,18
19-06-2024,Pearl Necklace,Jewelry,2,1926.94,1181.08,3846.86,No Promotion,0,19-06-2024,26-06-2024,71131100,3
19-06-2024,Cotton Scarf,Scarves,2,754.88,498.87,1502.12,No Promotion,0,19-06-2024,23-06-2024,62143000,12
19-06-2024,Headband,Hair Accessories,1,328.49,241.87,326.03,Festival Sale,16,19-06-2024,20-06-2024,96151900,18
19-06-2024,Leather Belt,Belts,3,936.4,1512.88,2805.66,Clearance Sale,59,19-06-2024,21-06-2024,42033000,18
19-06-2024,Western Belt,Belts,1,719.32,869.54,711.64,Clearance Sale,59,19-06-2024,24-06-2024,42033000,18
19-06-2024,Chain Belt,Belts,4,2078.11,1229.09,8219.36,Festival Sale,15,19-06-2024,23-06-2024,42033000,18
19-06-2024,Leather Tote Bag,Handbags,2,3817.6,1816.64,7680.86,No Promotion,0,19-06-2024,24-06-2024,42022290,18
19-06-2024,Leather Tote Bag,Handbags,5,4006.29,2717.34,20369.75,Festival Sale,17,19-06-2024,20-06-2024,42022290,18
19-06-2024,Silk Scarf,Scarves,5,2182.55,1177.35,10704.5,Seasonal Offer,14,19-06-2024,24-06-2024,62143000,12
19-06-2024,Statement Necklace,Jewelry,3,869.42,1282.38,2593.47,Clearance Sale,59,19-06-2024,25-06-2024,71131100,3
19-06-2024,Hair Clip Set,Hair Accessories,4,743.68,690.93,2950.08,Festival Sale,24,19-06-2024,20-06-2024,96151900,18
19-06-2024,Shoulder Bag,Handbags,4,4430.89,2581.79,17543.44,No Promotion,0,19-06-2024,22-06-2024,42022290,18
19-06-2024,Dress Watch,Watches,3,3563.2,2227.53,10641.51,No Promotion,0,19-06-2024,25-06-2024,91021100,18
19-06-2024,Printed Scarf,Scarves,2,2169.3,1400.47,4343.66,No Promotion,0,19-06-2024,26-06-2024,62143000,12
19-06-2024,Gold Plated Earrings,Jewelry,6,3460.56,1815.97,20368.5,Festival Sale,15,19-06-2024,26-06-2024,71131100,3
19-06-2024,Clutch Purse,Handbags,6,9586.7,4631.4,57001.14,No Promotion,0,19-06-2024,23-06-2024,42022290,18
19-06-2024,Silk Scarf,Scarves,4,2006.35,1401.67,7915.88,No Promotion,0,19-06-2024,25-06-2024,62143000,12
19-06-2024,Statement Necklace,Jewelry,1,3194.53,1799.7,3202.26,No Promotion,0,19-06-2024,20-06-2024,71131100,3
19-06-2024,Analog Watch,Watches,1,2323.45,2122.99,2286.43,Festival Sale,28,19-06-2024,26-06-2024,91021100,18
20-06-2024,Shoulder Bag,Handbags,2,4350.14,2331.93,8620.24,No Promotion,0,20-06-2024,21-06-2024,42022290,18
20-06-2024,Waist Belt,Belts,5,1861.77,1244.74,9218.1,Festival Sale,17,20-06-2024,24-06-2024,42033000,18
20-06-2024,Turban,Hair Accessories,4,444.77,261.13,1808.96,No Promotion,0,20-06-2024,27-06-2024,96151900,18
20-06-2024,Headband,Hair Accessories,2,551.96,640.63,1098.76,Clearance Sale,56,20-06-2024,27-06-2024,96151900,18
20-06-2024,Digital Watch,Watches,1,8473,4604.29,8529.22,No Promotion,0,20-06-2024,24-06-2024,91021100,18
20-06-2024,Gold Plated Earrings,Jewelry,2,4996.76,2349.65,9926.42,No Promotion,0,20-06-2024,24-06-2024,71131100,3
20-06-2024,Analog Watch,Watches,4,2874.8,3003.35,11467.92,Clearance Sale,41,20-06-2024,26-06-2024,91021100,18
20-06-2024,Chain Belt,Belts,4,2688.44,1935.62,10923.64,Festival Sale,22,20-06-2024,24-06-2024,42033000,18
21-06-2024,Backpack Purse,Handbags,5,5095.78,4056.84,25448.35,Seasonal Offer,15,21-06-2024,25-06-2024,42022290,18
21-06-2024,Western Belt,Belts,2,1160.59,985.06,2325.72,Festival Sale,22,21-06-2024,26-06-2024,42033000,18
21-06-2024,Scrunchie Pack,Hair Accessories,4,392.56,305.13,1553.08,Flash Sale,37,21-06-2024,28-06-2024,96151900,18
21-06-2024,Cat Eye Sunglasses,Sunglasses,5,2303.66,2401.74,11517.1,Clearance Sale,42,21-06-2024,22-06-2024,90041000,12
21-06-2024,Digital Watch,Watches,6,6662.05,5414.16,40002.42,Festival Sale,30,21-06-2024,26-06-2024,91021100,18
21-06-2024,Gold Plated Earrings,Jewelry,6,829.29,955.79,4932.42,Clearance Sale,50,21-06-2024,23-06-2024,71131100,3
21-06-2024,Analog Watch,Watches,7,6105.98,3024.06,42455.56,No Promotion,0,21-06-2024,26-06-2024,91021100,18
21-06-2024,Smart Watch,Watches,1,4791.14,3539.85,4698.7,Flash Sale,33,21-06-2024,28-06-2024,91021100,18
21-06-2024,Digital Watch,Watches,6,8120.16,3854.32,49011.18,No Promotion,0,21-06-2024,27-06-2024,91021100,18
21-06-2024,Fabric Belt,Belts,7,1934.26,1410.18,13438.6,Festival Sale,29,21-06-2024,28-06-2024,42033000,18
21-06-2024,Silk Scarf,Scarves,3,892.79,844.74,2714.49,Clearance Sale,49,21-06-2024,22-06-2024,62143000,12
21-06-2024,Digital Watch,Watches,1,4037.39,2406.81,3988.8,Festival Sale,19,21-06-2024,22-06-2024,91021100,18
21-06-2024,Round Frame,Sunglasses,4,2047.93,1119.3,8099,Seasonal Offer,13,21-06-2024,26-06-2024,90041000,12
21-06-2024,Statement Necklace,Jewelry,5,779.33,863.76,3861.75,Flash Sale,40,21-06-2024,28-06-2024,71131100,3
21-06-2024,Hair Clip Set,Hair Accessories,10,564.38,341.88,5731.1,No Promotion,0,21-06-2024,25-06-2024,96151900,18
21-06-2024,Round Frame,Sunglasses,6,4900.42,2482.52,28840.08,No Promotion,0,21-06-2024,24-06-2024,90041000,12
21-06-2024,Printed Scarf,Scarves,8,1225.14,1068.77,9630.64,Festival Sale,24,21-06-2024,22-06-2024,62143000,12
21-06-2024,Leather Tote Bag,Handbags,3,5975.5,2808.68,18020.13,No Promotion,0,21-06-2024,28-06-2024,42022290,18
21-06-2024,Gold Plated Earrings,Jewelry,7,3601,2084.21,25129.3,No Promotion,0,21-06-2024,27-06-2024,71131100,3
21-06-2024,Cat Eye Sunglasses,Sunglasses,1,2092.45,1484.08,2060.4,Flash Sale,34,21-06-2024,25-06-2024,90041000,12
21-06-2024,Pashmina Shawl,Scarves,2,1676.89,1066.08,3354.5,Seasonal Offer,12,21-06-2024,26-06-2024,62143000,12
21-06-2024,Clutch Purse,Handbags,5,5782.63,3913.66,28798.9,Flash Sale,25,21-06-2024,25-06-2024,42022290,18
21-06-2024,Sports Sunglasses,Sunglasses,6,1007.66,1158.59,6021.12,Clearance Sale,47,21-06-2024,28-06-2024,90041000,12
22-06-2024,Crossbody Bag,Handbags,7,9346.16,4597.02,65034.83,No Promotion,0,22-06-2024,24-06-2024,42022290,18
22-06-2024,Leather Tote Bag,Handbags,2,3784.33,2457.66,7545.88,No Promotion,0,22-06-2024,26-06-2024,42022290,18
22-06-2024,Leather Tote Bag,Handbags,2,7435.32,4430.8,14926.8,No Promotion,0,22-06-2024,25-06-2024,42022290,18
22-06-2024,Hair Pin Set,Hair Accessories,3,1407.02,663.09,4214.4,No Promotion,0,22-06-2024,23-06-2024,96151900,18
22-06-2024,Shoulder Bag,Handbags,3,4836.96,4543.64,14298.45,Clearance Sale,42,22-06-2024,29-06-2024,42022290,18
22-06-2024,Western Belt,Belts,7,1211.72,610.93,8360.31,No Promotion,0,22-06-2024,26-06-2024,42033000,18
22-06-2024,Turban,Hair Accessories,3,403.87,422.85,1198.53,Flash Sale,34,22-06-2024,29-06-2024,96151900,18
22-06-2024,Scrunchie Pack,Hair Accessories,7,383.66,246.82,2694.86,Festival Sale,26,22-06-2024,26-06-2024,96151900,18
22-06-2024,Pearl Necklace,Jewelry,6,1624.87,1545.76,9638.94,Flash Sale,39,22-06-2024,24-06-2024,71131100,3
22-06-2024,Cotton Scarf,Scarves,3,1671.03,1449.8,5035.68,Festival Sale,26,22-06-2024,26-06-2024,62143000,12
22-06-2024,Shoulder Bag,Handbags,7,5327.75,3744.03,37051.07,No Promotion,0,22-06-2024,29-06-2024,42022290,18
22-06-2024,Digital Watch,Watches,3,3154.05,3442.66,9436.71,Clearance Sale,58,22-06-2024,24-06-2024,91021100,18
22-06-2024,Sports Sunglasses,Sunglasses,2,1439.38,978.49,2901.98,No Promotion,0,22-06-2024,23-06-2024,90041000,12
22-06-2024,Digital Watch,Watches,5,5999.6,5069.53,30054.65,Festival Sale,22,22-06-2024,25-06-2024,91021100,18
22-06-2024,Turban,Hair Accessories,4,308.23,238.54,1216.84,Festival Sale,18,22-06-2024,28-06-2024,96151900,18
22-06-2024,Pearl Necklace,Jewelry,2,3811.17,1850.01,7498.54,No Promotion,0,22-06-2024,24-06-2024,71131100,3
22-06-2024,Leather Tote Bag,Handbags,12,3950.23,2798.24,47968.2,Festival Sale,29,22-06-2024,24-06-2024,42022290,18
22-06-2024,Shoulder Bag,Handbags,2,3497.16,2187.05,7006.6,Seasonal Offer,13,22-06-2024,23-06-2024,42022290,18
22-06-2024,Silver Bracelet,Jewelry,5,4641.63,2869.58,23270.05,Festival Sale,16,22-06-2024,23-06-2024,71131100,3
22-06-2024,Silk Scarf,Scarves,2,1116.22,734.24,2233.42,Festival Sale,17,22-06-2024,27-06-2024,62143000,12
24-06-2024,Printed Scarf,Scarves,1,1409.96,635.36,1383.58,No Promotion,0,24-06-2024,25-06-2024,62143000,12
24-06-2024,Charm Bracelet,Jewelry,4,3103.94,2002.31,12406.44,Festival Sale,21,24-06-2024,27-06-2024,71131100,3
24-06-2024,Digital Watch,Watches,1,3143.47,1783.58,3102.51,No Promotion,0,24-06-2024,28-06-2024,91021100,18
24-06-2024,Charm Bracelet,Jewelry,2,5011.66,2632.27,9958.02,No Promotion,0,24-06-2024,28-06-2024,71131100,3
24-06-2024,Chain Belt,Belts,4,2492.08,1245.47,10127.44,No Promotion,0,24-06-2024,30-06-2024,42033000,18
24-06-2024,Winter Wool Scarf,Scarves,4,1193.92,589.44,4738.6,No Promotion,0,24-06-2024,28-06-2024,62143000,12
24-06-2024,Analog Watch,Watches,5,2737.57,2454.73,13607.8,Festival Sale,29,24-06-2024,30-06-2024,91021100,18
24-06-2024,Gold Plated Earrings,Jewelry,2,1895.97,942.5,3753.14,No Promotion,0,24-06-2024,27-06-2024,71131100,3
24-06-2024,Headband,Hair Accessories,6,478.03,256.38,2917.86,No Promotion,0,24-06-2024,26-06-2024,96151900,18
24-06-2024,Round Frame,Sunglasses,4,2966.52,2430.48,11990.16,Festival Sale,21,24-06-2024,01-07-2024,90041000,12
24-06-2024,Chain Belt,Belts,4,2948.5,1821.38,11668.32,Seasonal Offer,16,24-06-2024,01-07-2024,42033000,18
24-06-2024,Aviator Sunglasses,Sunglasses,1,2308.63,1207.02,2320.64,No Promotion,0,24-06-2024,29-06-2024,90041000,12
24-06-2024,Sports Watch,Watches,1,2376.66,2648.54,2338.24,Flash Sale,40,24-06-2024,26-06-2024,91021100,18
24-06-2024,Western Belt,Belts,3,2816.36,1447.8,8443.11,No Promotion,0,24-06-2024,01-07-2024,42033000,18
24-06-2024,Gold Plated Earrings,Jewelry,6,2413.51,2302.52,14775.96,Clearance Sale,44,24-06-2024,30-06-2024,71131100,3
24-06-2024,Aviator Sunglasses,Sunglasses,3,3214.92,1776.21,9568.65,No Promotion,0,24-06-2024,27-06-2024,90041000,12
24-06-2024,Charm Bracelet,Jewelry,3,1219.39,1152.76,3656.19,Festival Sale,28,24-06-2024,29-06-2024,71131100,3
24-06-2024,Winter Wool Scarf,Scarves,2,2598.13,1369.61,5234.56,No Promotion,0,24-06-2024,01-07-2024,62143000,12
24-06-2024,Hair Clip Set,Hair Accessories,4,543.98,366.43,2218.48,Seasonal Offer,15,24-06-2024,27-06-2024,96151900,18
25-06-2024,Aviator Sunglasses,Sunglasses,10,3599.68,2029.8,36435.9,Festival Sale,18,25-06-2024,26-06-2024,90041000,12
25-06-2024,Aviator Sunglasses,Sunglasses,4,2682.86,1858.87,10878.68,No Promotion,0,25-06-2024,27-06-2024,90041000,12
25-06-2024,Analog Watch,Watches,6,8933.06,5148,53421.3,No Promotion,0,25-06-2024,27-06-2024,91021100,18
25-06-2024,Hair Clip Set,Hair Accessories,6,180.8,228.61,1073.22,Clearance Sale,46,25-06-2024,28-06-2024,96151900,18
25-06-2024,Waist Belt,Belts,2,1101.76,750.5,2227.16,Festival Sale,29,25-06-2024,30-06-2024,42033000,18
25-06-2024,Headband,Hair Accessories,5,1074.63,651.92,5331,No Promotion,0,25-06-2024,29-06-2024,96151900,18
25-06-2024,Round Frame,Sunglasses,9,2326.67,1176.68,20610.45,No Promotion,0,25-06-2024,27-06-2024,90041000,12
25-06-2024,Scrunchie Pack,Hair Accessories,1,955.92,639.75,951.29,No Promotion,0,25-06-2024,28-06-2024,96151900,18
25-06-2024,Silver Bracelet,Jewelry,2,2325.08,2553.97,4599.44,Clearance Sale,49,25-06-2024,28-06-2024,71131100,3
25-06-2024,Winter Wool Scarf,Scarves,1,2370.76,1218.14,2399.14,No Promotion,0,25-06-2024,26-06-2024,62143000,12
26-06-2024,Fabric Belt,Belts,2,941.99,769.18,1916.56,Festival Sale,21,26-06-2024,29-06-2024,42033000,18
26-06-2024,Statement Necklace,Jewelry,2,4060.53,2054.28,8165.02,No Promotion,0,26-06-2024,27-06-2024,71131100,3
26-06-2024,Pearl Necklace,Jewelry,2,4463.14,2768.36,8852.28,No Promotion,0,26-06-2024,03-07-2024,71131100,3
26-06-2024,Shoulder Bag,Handbags,5,4748.05,4247.4,23564.85,Clearance Sale,44,26-06-2024,01-07-2024,42022290,18
26-06-2024,Hair Pin Set,Hair Accessories,4,1021.47,527.42,4012.84,No Promotion,0,26-06-2024,29-06-2024,96151900,18
26-06-2024,Chain Belt,Belts,2,1752.39,877.77,3486.66,No Promotion,0,26-06-2024,03-07-2024,42033000,18
26-06-2024,Turban,Hair Accessories,1,779.67,525.62,782.45,Flash Sale,27,26-06-2024,28-06-2024,96151900,18
26-06-2024,Sports Sunglasses,Sunglasses,9,1892,1178.97,16828.02,Festival Sale,22,26-06-2024,02-07-2024,90041000,12
26-06-2024,Chain Belt,Belts,2,2763.18,1743.92,5604.14,Festival Sale,22,26-06-2024,03-07-2024,42033000,18
26-06-2024,Dress Watch,Watches,3,1987.07,1749.71,5887.5,Festival Sale,20,26-06-2024,27-06-2024,91021100,18
27-06-2024,Hair Pin Set,Hair Accessories,1,1176.57,759.96,1182.91,No Promotion,0,27-06-2024,04-07-2024,96151900,18
27-06-2024,Turban,Hair Accessories,3,291.41,246.83,886.5,Flash Sale,37,27-06-2024,29-06-2024,96151900,18
27-06-2024,Clutch Purse,Handbags,4,3732.47,2929.04,15134.4,Festival Sale,15,27-06-2024,04-07-2024,42022290,18
27-06-2024,Hair Clip Set,Hair Accessories,3,877.87,516.51,2583.63,No Promotion,0,27-06-2024,02-07-2024,96151900,18
27-06-2024,Chain Belt,Belts,2,1674.84,1160.98,3333.26,Festival Sale,21,27-06-2024,30-06-2024,42033000,18
27-06-2024,Leather Tote Bag,Handbags,5,2219.79,2610.46,11245.45,Clearance Sale,41,27-06-2024,04-07-2024,42022290,18
27-06-2024,Hair Clip Set,Hair Accessories,5,390.09,268.36,1968.65,No Promotion,0,27-06-2024,01-07-2024,96151900,18
27-06-2024,Pashmina Shawl,Scarves,2,1811.42,868.05,3641.48,No Promotion,0,27-06-2024,29-06-2024,62143000,12
27-06-2024,Shoulder Bag,Handbags,5,3650.44,2277.18,18582.3,Festival Sale,23,27-06-2024,30-06-2024,42022290,18
27-06-2024,Printed Scarf,Scarves,6,1140.29,813.47,6950.64,Festival Sale,22,27-06-2024,30-06-2024,62143000,12
27-06-2024,Hair Clip Set,Hair Accessories,4,978.09,471.26,3871.84,No Promotion,0,27-06-2024,02-07-2024,96151900,18
27-06-2024,Oversized Sunglasses,Sunglasses,3,3721.29,2028.69,11037.21,Seasonal Offer,11,27-06-2024,02-07-2024,90041000,12
27-06-2024,Winter Wool Scarf,Scarves,5,1884.44,888.82,9241.7,No Promotion,0,27-06-2024,02-07-2024,62143000,12
27-06-2024,Chain Belt,Belts,5,1921.36,1506.51,9775.9,Seasonal Offer,14,27-06-2024,03-07-2024,42033000,18
27-06-2024,Aviator Sunglasses,Sunglasses,3,2800.34,1912.26,8272.23,No Promotion,0,27-06-2024,03-07-2024,90041000,12
27-06-2024,Shoulder Bag,Handbags,4,5139.71,4619.14,20710.28,Flash Sale,25,27-06-2024,29-06-2024,42022290,18
27-06-2024,Hair Pin Set,Hair Accessories,1,394.8,419.87,397.54,Flash Sale,34,27-06-2024,03-07-2024,96151900,18
27-06-2024,Silver Bracelet,Jewelry,3,4403.99,2924.38,13411.92,No Promotion,0,27-06-2024,28-06-2024,71131100,3
27-06-2024,Round Frame,Sunglasses,6,3019.41,2436.33,17770.8,Festival Sale,25,27-06-2024,01-07-2024,90041000,12
27-06-2024,Gold Plated Earrings,Jewelry,2,1976.66,1209.22,3878.7,No Promotion,0,27-06-2024,28-06-2024,71131100,3
27-06-2024,Winter Wool Scarf,Scarves,7,1306.98,888.56,9017.26,Festival Sale,24,27-06-2024,02-07-2024,62143000,12
28-06-2024,Cotton Scarf,Scarves,3,1199.44,1037.14,3658.2,Seasonal Offer,18,28-06-2024,30-06-2024,62143000,12
28-06-2024,Sports Watch,Watches,6,4038.68,2374.47,23905.38,Festival Sale,23,28-06-2024,30-06-2024,91021100,18
28-06-2024,Headband,Hair Accessories,7,1044.95,770.33,7275.45,Festival Sale,29,28-06-2024,03-07-2024,96151900,18
28-06-2024,Cotton Scarf,Scarves,4,653.88,508.92,2654.96,Flash Sale,35,28-06-2024,03-07-2024,62143000,12
28-06-2024,Chain Belt,Belts,2,1186.44,829.76,2395.72,No Promotion,0,28-06-2024,05-07-2024,42033000,18
28-06-2024,Backpack Purse,Handbags,5,5165.8,3612.82,25634.95,Festival Sale,17,28-06-2024,29-06-2024,42022290,18
28-06-2024,Charm Bracelet,Jewelry,6,2903.8,2047.18,17213.88,Seasonal Offer,10,28-06-2024,02-07-2024,71131100,3
28-06-2024,Gold Plated Earrings,Jewelry,4,3617.64,1667.34,14271.84,No Promotion,0,28-06-2024,02-07-2024,71131100,3
28-06-2024,Sports Sunglasses,Sunglasses,7,2932.68,2193.77,20492.85,Festival Sale,16,28-06-2024,29-06-2024,90041000,12
28-06-2024,Analog Watch,Watches,3,11638.2,5660.57,34866.33,No Promotion,0,28-06-2024,04-07-2024,91021100,18
28-06-2024,Oversized Sunglasses,Sunglasses,5,2669.01,1928.45,13247.45,Festival Sale,30,28-06-2024,30-06-2024,90041000,12
28-06-2024,Gold Plated Earrings,Jewelry,5,2252.46,2035.59,11138.55,Clearance Sale,44,28-06-2024,05-07-2024,71131100,3
28-06-2024,Western Belt,Belts,2,1831.67,1258.76,3712.26,No Promotion,0,28-06-2024,03-07-2024,42033000,18
28-06-2024,Western Belt,Belts,6,1217.17,693.95,7233.6,No Promotion,0,28-06-2024,29-06-2024,42033000,18
28-06-2024,Shoulder Bag,Handbags,4,7370.58,4872.01,29670.2,No Promotion,0,28-06-2024,05-07-2024,42022290,18
29-06-2024,Printed Scarf,Scarves,3,993.43,641.74,2994.21,Seasonal Offer,19,29-06-2024,01-07-2024,62143000,12
29-06-2024,Printed Scarf,Scarves,4,1074.12,619.01,4370.32,Seasonal Offer,18,29-06-2024,02-07-2024,62143000,12
29-06-2024,Shoulder Bag,Handbags,4,2758.24,3367.43,10994.08,Clearance Sale,49,29-06-2024,30-06-2024,42022290,18
29-06-2024,Backpack Purse,Handbags,3,5199.53,2659.61,15856.47,No Promotion,0,29-06-2024,04-07-2024,42022290,18
29-06-2024,Winter Wool Scarf,Scarves,6,1112.15,586.75,6564.42,No Promotion,0,29-06-2024,03-07-2024,62143000,12
29-06-2024,Digital Watch,Watches,9,1269.64,1664.56,11371.77,Clearance Sale,51,29-06-2024,05-07-2024,91021100,18
29-06-2024,Headband,Hair Accessories,8,496.9,396.09,3898.72,Seasonal Offer,20,29-06-2024,30-06-2024,96151900,18
29-06-2024,Statement Necklace,Jewelry,6,1878.07,1317.72,11384.22,Festival Sale,22,29-06-2024,06-07-2024,71131100,3
29-06-2024,Gold Plated Earrings,Jewelry,6,2109.11,2235.16,12564.42,Clearance Sale,56,29-06-2024,06-07-2024,71131100,3
29-06-2024,Oversized Sunglasses,Sunglasses,10,2773.4,1765.65,27228.2,Festival Sale,28,29-06-2024,02-07-2024,90041000,12
29-06-2024,Pearl Necklace,Jewelry,7,2252.17,1855.19,15893.22,Clearance Sale,42,29-06-2024,02-07-2024,71131100,3
29-06-2024,Clutch Purse,Handbags,3,4216.21,2439.5,12856.23,Seasonal Offer,19,29-06-2024,04-07-2024,42022290,18
29-06-2024,Crossbody Bag,Handbags,1,3075.82,2363.36,3059.42,Seasonal Offer,19,29-06-2024,04-07-2024,42022290,18
29-06-2024,Pashmina Shawl,Scarves,8,439.2,617.34,3532.56,Clearance Sale,59,29-06-2024,01-07-2024,62143000,12
01-07-2024,Silver Bracelet,Jewelry,1,2153.79,1853.11,2173.52,Festival Sale,32,01-07-2024,07-07-2024,71131100,3
01-07-2024,Charm Bracelet,Jewelry,5,2931.31,2094.67,14372.8,Festival Sale,25,01-07-2024,06-07-2024,71131100,3
01-07-2024,Crossbody Bag,Handbags,3,2579.91,1810.72,7661.85,Festival Sale,29,01-07-2024,06-07-2024,42022290,18
01-07-2024,Gold Plated Earrings,Jewelry,6,1907.9,1605.17,11454.12,Festival Sale,31,01-07-2024,08-07-2024,71131100,3
01-07-2024,Hair Pin Set,Hair Accessories,7,849.94,612.13,6058.64,Festival Sale,20,01-07-2024,07-07-2024,96151900,18
01-07-2024,Chain Belt,Belts,3,2195.23,1616.8,6667.95,Festival Sale,24,01-07-2024,05-07-2024,42033000,18
01-07-2024,Cotton Scarf,Scarves,1,1102.23,822.36,1111.17,Festival Sale,33,01-07-2024,07-07-2024,62143000,12
01-07-2024,Backpack Purse,Handbags,2,2927.61,2248.59,5858.22,Festival Sale,25,01-07-2024,02-07-2024,42022290,18
01-07-2024,Fabric Belt,Belts,1,1852.85,1621.31,1853.05,Festival Sale,27,01-07-2024,06-07-2024,42033000,18
01-07-2024,Gold Plated Earrings,Jewelry,1,3322.92,2559.43,3387.32,Festival Sale,31,01-07-2024,06-07-2024,71131100,3
01-07-2024,Digital Watch,Watches,2,5896.31,5247.79,11587.14,Festival Sale,22,01-07-2024,07-07-2024,91021100,18
01-07-2024,Winter Wool Scarf,Scarves,3,1406.26,1123.56,4211.58,Festival Sale,33,01-07-2024,08-07-2024,62143000,12
01-07-2024,Hair Clip Set,Hair Accessories,1,502.33,400.31,512.17,Festival Sale,28,01-07-2024,03-07-2024,96151900,18
01-07-2024,Cat Eye Sunglasses,Sunglasses,1,3556.76,2283.66,3528.34,Festival Sale,21,01-07-2024,04-07-2024,90041000,12
01-07-2024,Shoulder Bag,Handbags,4,2318.54,2018.04,9435.96,Festival Sale,28,01-07-2024,02-07-2024,42022290,18
01-07-2024,Hair Clip Set,Hair Accessories,5,715.29,442.6,3545.1,Festival Sale,21,01-07-2024,03-07-2024,96151900,18
01-07-2024,Silver Bracelet,Jewelry,2,2972.5,2312.01,5897.46,Festival Sale,23,01-07-2024,07-07-2024,71131100,3
01-07-2024,Clutch Purse,Handbags,2,5066.83,2974.57,9940.84,Festival Sale,22,01-07-2024,03-07-2024,42022290,18
02-07-2024,Shoulder Bag,Handbags,1,2326.62,1664.56,2341.41,Festival Sale,33,02-07-2024,06-07-2024,42022290,18
02-07-2024,Shoulder Bag,Handbags,3,7791.74,4883.32,23712.57,Festival Sale,26,02-07-2024,03-07-2024,42022290,18
02-07-2024,Cat Eye Sunglasses,Sunglasses,5,1639.4,986.04,8333.05,Festival Sale,21,02-07-2024,03-07-2024,90041000,12
02-07-2024,Headband,Hair Accessories,1,914.77,637.02,930.71,Festival Sale,31,02-07-2024,06-07-2024,96151900,18
02-07-2024,Headband,Hair Accessories,4,296.82,238.33,1172.72,Festival Sale,27,02-07-2024,08-07-2024,96151900,18
02-07-2024,Printed Scarf,Scarves,5,554.74,559.76,2749.65,Festival Sale,31,02-07-2024,06-07-2024,62143000,12
02-07-2024,Chain Belt,Belts,3,2614.87,1683.5,7698.06,Festival Sale,30,02-07-2024,06-07-2024,42033000,18
02-07-2024,Printed Scarf,Scarves,3,2063.71,1412.43,6238.74,Festival Sale,30,02-07-2024,07-07-2024,62143000,12
02-07-2024,Aviator Sunglasses,Sunglasses,1,1445.94,1217.44,1428.62,Festival Sale,34,02-07-2024,07-07-2024,90041000,12
02-07-2024,Pashmina Shawl,Scarves,7,1182.2,740.17,8412.32,Festival Sale,23,02-07-2024,03-07-2024,62143000,12
02-07-2024,Clutch Purse,Handbags,4,5829.14,4443.51,22945.88,Festival Sale,31,02-07-2024,08-07-2024,42022290,18
02-07-2024,Clutch Purse,Handbags,5,1895.92,1283.42,9652.65,Festival Sale,30,02-07-2024,09-07-2024,42022290,18
02-07-2024,Round Frame,Sunglasses,3,1726.4,1510.14,5120.25,Festival Sale,27,02-07-2024,07-07-2024,90041000,12
02-07-2024,Pearl Necklace,Jewelry,3,2642.86,2031.92,7990.14,Festival Sale,30,02-07-2024,09-07-2024,71131100,3
02-07-2024,Backpack Purse,Handbags,3,1481.99,1259.31,4503.39,Festival Sale,24,02-07-2024,08-07-2024,42022290,18
02-07-2024,Analog Watch,Watches,5,2190.28,1904.94,10862.55,Festival Sale,30,02-07-2024,04-07-2024,91021100,18
02-07-2024,Pashmina Shawl,Scarves,1,798.29,731.39,785.85,Festival Sale,34,02-07-2024,09-07-2024,62143000,12
02-07-2024,Leather Tote Bag,Handbags,2,2058.98,1351.26,4074.9,Festival Sale,25,02-07-2024,07-07-2024,42022290,18
02-07-2024,Sports Watch,Watches,4,2940.29,2081.11,11849.76,Festival Sale,34,02-07-2024,08-07-2024,91021100,18
02-07-2024,Clutch Purse,Handbags,1,2684.46,1775.1,2700.28,Festival Sale,25,02-07-2024,05-07-2024,42022290,18
03-07-2024,Pashmina Shawl,Scarves,3,505.78,512.43,1536.42,Festival Sale,34,03-07-2024,09-07-2024,62143000,12
03-07-2024,Aviator Sunglasses,Sunglasses,6,1912.34,1444.36,11327.22,Festival Sale,21,03-07-2024,10-07-2024,90041000,12
03-07-2024,Western Belt,Belts,4,2299.92,1552.08,9346.56,Festival Sale,30,03-07-2024,05-07-2024,42033000,18
03-07-2024,Silk Scarf,Scarves,2,820.7,750.03,1615.34,Festival Sale,29,03-07-2024,08-07-2024,62143000,12
03-07-2024,Backpack Purse,Handbags,2,2258.7,1412.19,4499.2,Festival Sale,27,03-07-2024,07-07-2024,42022290,18
03-07-2024,Sports Watch,Watches,9,6263.89,4056.94,56175.39,Festival Sale,25,03-07-2024,09-07-2024,91021100,18
03-07-2024,Analog Watch,Watches,2,7036.11,5187.01,13884.6,Festival Sale,34,03-07-2024,07-07-2024,91021100,18
03-07-2024,Crossbody Bag,Handbags,2,2520.06,1676.02,5006.56,Festival Sale,21,03-07-2024,06-07-2024,42022290,18
03-07-2024,Leather Belt,Belts,4,651.38,612.44,2626.08,Festival Sale,25,03-07-2024,06-07-2024,42033000,18
03-07-2024,Silver Bracelet,Jewelry,2,1497.12,1183.7,3012.38,Festival Sale,32,03-07-2024,09-07-2024,71131100,3
03-07-2024,Hair Clip Set,Hair Accessories,1,979.39,583.07,992.37,Festival Sale,21,03-07-2024,09-07-2024,96151900,18
03-07-2024,Printed Scarf,Scarves,3,1115.83,915.61,3352.32,Festival Sale,29,03-07-2024,06-07-2024,62143000,12
03-07-2024,Clutch Purse,Handbags,3,2113.83,2039.93,6441.93,Festival Sale,26,03-07-2024,05-07-2024,42022290,18
03-07-2024,Fabric Belt,Belts,3,979.48,804.93,2920.56,Festival Sale,20,03-07-2024,06-07-2024,42033000,18
03-07-2024,Statement Necklace,Jewelry,4,2098.48,1698.19,8506.48,Festival Sale,24,03-07-2024,06-07-2024,71131100,3
03-07-2024,Scrunchie Pack,Hair Accessories,3,570.29,393.46,1686.33,Festival Sale,23,03-07-2024,05-07-2024,96151900,18
03-07-2024,Cotton Scarf,Scarves,2,1252.14,934.17,2484.36,Festival Sale,25,03-07-2024,04-07-2024,62143000,12
03-07-2024,Aviator Sunglasses,Sunglasses,6,1722.65,1227.4,10176.54,Festival Sale,29,03-07-2024,10-07-2024,90041000,12
03-07-2024,Shoulder Bag,Handbags,5,2217.94,1571.28,11275.95,Festival Sale,21,03-07-2024,09-07-2024,42022290,18
03-07-2024,Winter Wool Scarf,Scarves,6,1552.15,1038.24,9203.04,Festival Sale,30,03-07-2024,10-07-2024,62143000,12
03-07-2024,Charm Bracelet,Jewelry,1,2421.56,2027.49,2385.23,Festival Sale,24,03-07-2024,10-07-2024,71131100,3
03-07-2024,Cat Eye Sunglasses,Sunglasses,4,2300.79,1940.52,9373.92,Festival Sale,23,03-07-2024,05-07-2024,90041000,12
03-07-2024,Fabric Belt,Belts,3,1532.82,940.62,4508.46,Festival Sale,26,03-07-2024,10-07-2024,42033000,18
03-07-2024,Hair Clip Set,Hair Accessories,1,912.75,710.42,920.09,Festival Sale,34,03-07-2024,04-07-2024,96151900,18
03-07-2024,Aviator Sunglasses,Sunglasses,5,2752.73,2086.46,13924.2,Festival Sale,20,03-07-2024,10-07-2024,90041000,12
04-07-2024,Winter Wool Scarf,Scarves,5,1212.13,972.45,6081.35,Festival Sale,20,04-07-2024,10-07-2024,62143000,12
04-07-2024,Digital Watch,Watches,5,3820.9,3285.38,19487.5,Festival Sale,20,04-07-2024,07-07-2024,91021100,18
04-07-2024,Waist Belt,Belts,1,1113.08,881.99,1096.16,Festival Sale,23,04-07-2024,06-07-2024,42033000,18
04-07-2024,Crossbody Bag,Handbags,3,3864.11,2290.61,11700.69,Festival Sale,20,04-07-2024,10-07-2024,42022290,18
04-07-2024,Sports Watch,Watches,4,5910.31,3753.13,23620.84,Festival Sale,28,04-07-2024,07-07-2024,91021100,18
04-07-2024,Digital Watch,Watches,2,3095.38,2171.68,6160.32,Festival Sale,31,04-07-2024,06-07-2024,91021100,18
04-07-2024,Analog Watch,Watches,2,4580.06,3585.65,9054.7,Festival Sale,33,04-07-2024,05-07-2024,91021100,18
04-07-2024,Aviator Sunglasses,Sunglasses,2,1583.83,1362.13,3199.64,Festival Sale,32,04-07-2024,10-07-2024,90041000,12
04-07-2024,Silk Scarf,Scarves,1,758.85,608.67,752.32,Festival Sale,26,04-07-2024,11-07-2024,62143000,12
04-07-2024,Backpack Purse,Handbags,1,2978.9,2455.31,3025.17,Festival Sale,33,04-07-2024,10-07-2024,42022290,18
04-07-2024,Leather Tote Bag,Handbags,3,2497.32,1757.46,7431.24,Festival Sale,32,04-07-2024,07-07-2024,42022290,18
04-07-2024,Leather Tote Bag,Handbags,3,2465.35,2000.45,7274.04,Festival Sale,34,04-07-2024,05-07-2024,42022290,18
04-07-2024,Printed Scarf,Scarves,3,980.06,758.58,2989.8,Festival Sale,29,04-07-2024,10-07-2024,62143000,12
05-07-2024,Turban,Hair Accessories,8,279.23,211.93,2268.64,Festival Sale,27,05-07-2024,09-07-2024,96151900,18
05-07-2024,Charm Bracelet,Jewelry,5,3084.74,2417.25,15388.45,Festival Sale,22,05-07-2024,08-07-2024,71131100,3
05-07-2024,Sports Sunglasses,Sunglasses,3,3210.31,2227.11,9808.89,Festival Sale,22,05-07-2024,07-07-2024,90041000,12
05-07-2024,Fabric Belt,Belts,7,2034.62,1980.35,14422.66,Festival Sale,27,05-07-2024,06-07-2024,42033000,18
05-07-2024,Backpack Purse,Handbags,4,4812.82,3076.91,19492.84,Festival Sale,21,05-07-2024,11-07-2024,42022290,18
05-07-2024,Oversized Sunglasses,Sunglasses,5,3588.51,2318.84,17956,Festival Sale,22,05-07-2024,12-07-2024,90041000,12
05-07-2024,Pearl Necklace,Jewelry,1,2927.28,2838.37,2957.03,Festival Sale,26,05-07-2024,12-07-2024,71131100,3
05-07-2024,Clutch Purse,Handbags,9,6744.75,4363.06,60762.24,Festival Sale,20,05-07-2024,07-07-2024,42022290,18
05-07-2024,Western Belt,Belts,6,1149.53,777.27,6891.36,Festival Sale,28,05-07-2024,12-07-2024,42033000,18
05-07-2024,Shoulder Bag,Handbags,7,5918.42,3488.53,41050.24,Festival Sale,23,05-07-2024,06-07-2024,42022290,18
05-07-2024,Silk Scarf,Scarves,3,1310.98,945.71,3864,Festival Sale,23,05-07-2024,11-07-2024,62143000,12
05-07-2024,Western Belt,Belts,5,1092.43,911.09,5461.35,Festival Sale,21,05-07-2024,11-07-2024,42033000,18
05-07-2024,Winter Wool Scarf,Scarves,1,1200.61,1172.04,1207.61,Festival Sale,28,05-07-2024,11-07-2024,62143000,12
05-07-2024,Smart Watch,Watches,12,3066.89,2116.49,37161.36,Festival Sale,21,05-07-2024,06-07-2024,91021100,18
05-07-2024,Round Frame,Sunglasses,5,2643.75,1821.06,13147.95,Festival Sale,23,05-07-2024,11-07-2024,90041000,12
05-07-2024,Waist Belt,Belts,3,2772.55,1843.8,8172.84,Festival Sale,29,05-07-2024,11-07-2024,42033000,18
05-07-2024,Digital Watch,Watches,10,6072.93,5979.97,60093.1,Festival Sale,32,05-07-2024,12-07-2024,91021100,18
05-07-2024,Pashmina Shawl,Scarves,3,2006.55,1312.22,6091.26,Festival Sale,22,05-07-2024,07-07-2024,62143000,12
05-07-2024,Shoulder Bag,Handbags,4,3066.24,2804.94,12075,Festival Sale,30,05-07-2024,08-07-2024,42022290,18
05-07-2024,Pearl Necklace,Jewelry,2,2055.41,1309.34,4072.46,Festival Sale,28,05-07-2024,07-07-2024,71131100,3
06-07-2024,Silk Scarf,Scarves,2,1883.6,1475.77,3824.12,Festival Sale,34,06-07-2024,08-07-2024,62143000,12
06-07-2024,Clutch Purse,Handbags,3,2953.78,2055.35,8786.55,Festival Sale,22,06-07-2024,12-07-2024,42022290,18
06-07-2024,Gold Plated Earrings,Jewelry,1,2499.99,1846.75,2521.23,Festival Sale,29,06-07-2024,13-07-2024,71131100,3
06-07-2024,Hair Clip Set,Hair Accessories,4,646.99,437.09,2588.84,Festival Sale,23,06-07-2024,08-07-2024,96151900,18
06-07-2024,Western Belt,Belts,5,2533.75,1733.41,12770.8,Festival Sale,32,06-07-2024,12-07-2024,42033000,18
06-07-2024,Digital Watch,Watches,2,2073.24,2121.38,4216.64,Festival Sale,34,06-07-2024,12-07-2024,91021100,18
06-07-2024,Analog Watch,Watches,7,2390.67,1669.08,16556.82,Festival Sale,21,06-07-2024,13-07-2024,91021100,18
06-07-2024,Waist Belt,Belts,3,2349.37,1574.88,6956.64,Festival Sale,27,06-07-2024,11-07-2024,42033000,18
06-07-2024,Statement Necklace,Jewelry,1,1793.48,1776.16,1812.92,Festival Sale,28,06-07-2024,10-07-2024,71131100,3
08-07-2024,Aviator Sunglasses,Sunglasses,4,1979.92,1312.75,8003.04,Festival Sale,24,08-07-2024,14-07-2024,90041000,12
08-07-2024,Charm Bracelet,Jewelry,1,4108.04,2656.55,4119.58,Festival Sale,20,08-07-2024,15-07-2024,71131100,3
08-07-2024,Chain Belt,Belts,4,2730.59,1761.33,10787.96,Festival Sale,26,08-07-2024,12-07-2024,42033000,18
08-07-2024,Backpack Purse,Handbags,1,4987.23,3201.42,5073.01,Festival Sale,26,08-07-2024,12-07-2024,42022290,18
08-07-2024,Leather Tote Bag,Handbags,2,6394.37,4615.16,12632.74,Festival Sale,27,08-07-2024,12-07-2024,42022290,18
08-07-2024,Oversized Sunglasses,Sunglasses,1,1487.44,1076.09,1462.71,Festival Sale,28,08-07-2024,13-07-2024,90041000,12
08-07-2024,Round Frame,Sunglasses,2,2001.35,1215.66,3992.88,Festival Sale,24,08-07-2024,12-07-2024,90041000,12
08-07-2024,Turban,Hair Accessories,3,315.48,224.08,963.39,Festival Sale,22,08-07-2024,09-07-2024,96151900,18
08-07-2024,Silver Bracelet,Jewelry,3,2732.63,2382.9,8274.15,Festival Sale,34,08-07-2024,10-07-2024,71131100,3
08-07-2024,Western Belt,Belts,2,3211.48,1979.64,6524.38,Festival Sale,20,08-07-2024,14-07-2024,42033000,18
08-07-2024,Printed Scarf,Scarves,4,922.25,808.73,3724.88,Festival Sale,26,08-07-2024,10-07-2024,62143000,12
08-07-2024,Winter Wool Scarf,Scarves,1,1724,1337.07,1702.76,Festival Sale,33,08-07-2024,11-07-2024,62143000,12
08-07-2024,Statement Necklace,Jewelry,4,3628.97,2696.95,14778.56,Festival Sale,20,08-07-2024,10-07-2024,71131100,3
08-07-2024,Dress Watch,Watches,3,7464.06,4525.23,22587.51,Festival Sale,24,08-07-2024,14-07-2024,91021100,18
08-07-2024,Silver Bracelet,Jewelry,6,2857.49,2156.81,17133.3,Festival Sale,20,08-07-2024,09-07-2024,71131100,3
08-07-2024,Leather Belt,Belts,4,2491.45,1839.4,9818.88,Festival Sale,21,08-07-2024,12-07-2024,42033000,18
08-07-2024,Statement Necklace,Jewelry,6,2492.26,1888.81,15104.64,Festival Sale,25,08-07-2024,11-07-2024,71131100,3
09-07-2024,Scrunchie Pack,Hair Accessories,2,693.42,471.28,1371.58,Festival Sale,20,09-07-2024,10-07-2024,96151900,18
09-07-2024,Pearl Necklace,Jewelry,3,1839.78,1326.82,5500.95,Festival Sale,34,09-07-2024,12-07-2024,71131100,3
09-07-2024,Waist Belt,Belts,2,1826.95,1439.5,3628.3,Festival Sale,32,09-07-2024,13-07-2024,42033000,18
09-07-2024,Gold Plated Earrings,Jewelry,2,2351.65,1695.6,4636.22,Festival Sale,24,09-07-2024,16-07-2024,71131100,3
09-07-2024,Digital Watch,Watches,4,6047.39,5224.52,24656.64,Festival Sale,33,09-07-2024,13-07-2024,91021100,18
09-07-2024,Waist Belt,Belts,1,1280.69,1206.45,1279.17,Festival Sale,30,09-07-2024,14-07-2024,42033000,18
09-07-2024,Round Frame,Sunglasses,1,2854.64,1924.42,2826.69,Festival Sale,33,09-07-2024,14-07-2024,90041000,12
09-07-2024,Cat Eye Sunglasses,Sunglasses,5,3434.87,2256.23,16914.15,Festival Sale,20,09-07-2024,15-07-2024,90041000,12
09-07-2024,Silk Scarf,Scarves,5,718.42,678.9,3645.65,Festival Sale,27,09-07-2024,11-07-2024,62143000,12
09-07-2024,Round Frame,Sunglasses,3,2817.47,1983.5,8506.35,Festival Sale,27,09-07-2024,14-07-2024,90041000,12
09-07-2024,Fabric Belt,Belts,4,1320.2,1084.96,5371.36,Festival Sale,27,09-07-2024,10-07-2024,42033000,18
09-07-2024,Oversized Sunglasses,Sunglasses,2,2743.58,1967.34,5414.62,Festival Sale,26,09-07-2024,12-07-2024,90041000,12
09-07-2024,Hair Clip Set,Hair Accessories,7,700.45,519.34,4834.06,Festival Sale,34,09-07-2024,16-07-2024,96151900,18
09-07-2024,Turban,Hair Accessories,5,926.2,701.67,4634.05,Festival Sale,32,09-07-2024,11-07-2024,96151900,18
09-07-2024,Silver Bracelet,Jewelry,3,1773.63,1245.76,5424.87,Festival Sale,32,09-07-2024,11-07-2024,71131100,3
09-07-2024,Charm Bracelet,Jewelry,3,1913.91,1208.26,5834.58,Festival Sale,20,09-07-2024,11-07-2024,71131100,3
09-07-2024,Round Frame,Sunglasses,3,1315.74,977.8,3927.69,Festival Sale,31,09-07-2024,16-07-2024,90041000,12
09-07-2024,Western Belt,Belts,4,1021.45,997.65,4008.4,Festival Sale,33,09-07-2024,10-07-2024,42033000,18
09-07-2024,Shoulder Bag,Handbags,1,3330.92,2992.28,3286.37,Festival Sale,32,09-07-2024,14-07-2024,42022290,18
09-07-2024,Gold Plated Earrings,Jewelry,3,3582.49,2973.79,10620.9,Festival Sale,32,09-07-2024,11-07-2024,71131100,3
10-07-2024,Backpack Purse,Handbags,1,3415.13,2242.52,3426.37,Festival Sale,22,10-07-2024,15-07-2024,42022290,18
10-07-2024,Charm Bracelet,Jewelry,1,1666.09,1153.23,1634.37,Festival Sale,27,10-07-2024,16-07-2024,71131100,3
10-07-2024,Gold Plated Earrings,Jewelry,2,3827.17,2760.31,7556.12,Festival Sale,27,10-07-2024,16-07-2024,71131100,3
10-07-2024,Smart Watch,Watches,1,3442.57,1975.12,3465.35,Festival Sale,20,10-07-2024,13-07-2024,91021100,18
10-07-2024,Dress Watch,Watches,2,6011.43,4973.51,11904.54,Festival Sale,34,10-07-2024,16-07-2024,91021100,18
10-07-2024,Round Frame,Sunglasses,3,2214.97,1548.29,6662.88,Festival Sale,33,10-07-2024,15-07-2024,90041000,12
10-07-2024,Aviator Sunglasses,Sunglasses,3,2112.35,1655.32,6296.64,Festival Sale,30,10-07-2024,15-07-2024,90041000,12
10-07-2024,Silver Bracelet,Jewelry,5,4729.65,2903.7,23211.8,Festival Sale,24,10-07-2024,11-07-2024,71131100,3
10-07-2024,Waist Belt,Belts,3,2104.11,1481.39,6377.01,Festival Sale,26,10-07-2024,17-07-2024,42033000,18
11-07-2024,Round Frame,Sunglasses,1,2612.64,2404.56,2582.17,Festival Sale,29,11-07-2024,16-07-2024,90041000,12
11-07-2024,Oversized Sunglasses,Sunglasses,2,1099.1,1056.84,2190.28,Festival Sale,31,11-07-2024,13-07-2024,90041000,12
11-07-2024,Printed Scarf,Scarves,5,1491.04,948.16,7323.4,Festival Sale,25,11-07-2024,16-07-2024,62143000,12
11-07-2024,Leather Tote Bag,Handbags,3,3667.4,2913.02,11165.46,Festival Sale,34,11-07-2024,14-07-2024,42022290,18
11-07-2024,Silver Bracelet,Jewelry,4,1672.86,1293.18,6633.16,Festival Sale,24,11-07-2024,14-07-2024,71131100,3
11-07-2024,Smart Watch,Watches,4,6721.25,4715.44,27392.12,Festival Sale,26,11-07-2024,18-07-2024,91021100,18
11-07-2024,Clutch Purse,Handbags,1,3428.76,2684.18,3463.88,Festival Sale,22,11-07-2024,13-07-2024,42022290,18
11-07-2024,Clutch Purse,Handbags,2,4271.23,4100.69,8604.12,Festival Sale,26,11-07-2024,14-07-2024,42022290,18
11-07-2024,Waist Belt,Belts,3,1277.34,1178.51,3842.43,Festival Sale,23,11-07-2024,13-07-2024,42033000,18
11-07-2024,Digital Watch,Watches,4,4126.94,3468.13,16206.12,Festival Sale,20,11-07-2024,17-07-2024,91021100,18
11-07-2024,Headband,Hair Accessories,2,602.89,437.67,1227,Festival Sale,25,11-07-2024,14-07-2024,96151900,18
11-07-2024,Digital Watch,Watches,2,3619.51,2813.68,7336.16,Festival Sale,29,11-07-2024,18-07-2024,91021100,18
12-07-2024,Chain Belt,Belts,7,1952.02,1694.58,13828.43,Festival Sale,27,12-07-2024,19-07-2024,42033000,18
12-07-2024,Oversized Sunglasses,Sunglasses,3,2128.86,1325.09,6406.05,Festival Sale,25,12-07-2024,14-07-2024,90041000,12
12-07-2024,Cat Eye Sunglasses,Sunglasses,7,3328.32,2382.53,23714.95,Festival Sale,26,12-07-2024,13-07-2024,90041000,12
12-07-2024,Dress Watch,Watches,5,6325.53,5992.21,31049.6,Festival Sale,28,12-07-2024,17-07-2024,91021100,18
12-07-2024,Sports Watch,Watches,4,6252.34,5425.84,24949.64,Festival Sale,31,12-07-2024,19-07-2024,91021100,18
12-07-2024,Printed Scarf,Scarves,10,1205.28,1068.07,11903.6,Festival Sale,27,12-07-2024,14-07-2024,62143000,12
12-07-2024,Headband,Hair Accessories,3,919.71,582.79,2729.37,Festival Sale,25,12-07-2024,19-07-2024,96151900,18
12-07-2024,Round Frame,Sunglasses,3,2701.85,1773.69,8053.74,Festival Sale,27,12-07-2024,13-07-2024,90041000,12
12-07-2024,Printed Scarf,Scarves,4,866.21,661.22,3409.68,Festival Sale,25,12-07-2024,19-07-2024,62143000,12
12-07-2024,Turban,Hair Accessories,4,519.06,318.78,2043.36,Festival Sale,25,12-07-2024,17-07-2024,96151900,18
12-07-2024,Leather Tote Bag,Handbags,1,5510.98,3495.27,5594.27,Festival Sale,27,12-07-2024,15-07-2024,42022290,18
12-07-2024,Clutch Purse,Handbags,3,6160.65,3613.38,18189.51,Festival Sale,21,12-07-2024,18-07-2024,42022290,18
12-07-2024,Hair Clip Set,Hair Accessories,5,567.1,382.52,2832.8,Festival Sale,23,12-07-2024,13-07-2024,96151900,18
12-07-2024,Silk Scarf,Scarves,3,1526.06,919.03,4621.05,Festival Sale,20,12-07-2024,15-07-2024,62143000,12
12-07-2024,Round Frame,Sunglasses,9,1867.37,1832.16,16733.7,Festival Sale,33,12-07-2024,14-07-2024,90041000,12
12-07-2024,Scrunchie Pack,Hair Accessories,1,732.24,470.7,738.71,Festival Sale,25,12-07-2024,17-07-2024,96151900,18
12-07-2024,Waist Belt,Belts,1,1025.56,740.03,1026.42,Festival Sale,29,12-07-2024,13-07-2024,42033000,18
12-07-2024,Shoulder Bag,Handbags,5,3639.04,3111.67,17967.75,Festival Sale,21,12-07-2024,13-07-2024,42022290,18
12-07-2024,Leather Belt,Belts,2,2063.65,1537.9,4206,Festival Sale,23,12-07-2024,16-07-2024,42033000,18
12-07-2024,Scrunchie Pack,Hair Accessories,4,626.33,557.22,2537.48,Festival Sale,32,12-07-2024,15-07-2024,96151900,18
12-07-2024,Turban,Hair Accessories,2,627.01,601.7,1231.52,Festival Sale,28,12-07-2024,19-07-2024,96151900,18
12-07-2024,Chain Belt,Belts,3,2000.37,1835.93,6014.31,Festival Sale,25,12-07-2024,13-07-2024,42033000,18
12-07-2024,Printed Scarf,Scarves,5,428.11,409.33,2157.5,Festival Sale,33,12-07-2024,14-07-2024,62143000,12
12-07-2024,Round Frame,Sunglasses,3,2577.75,1721.64,7604.49,Festival Sale,22,12-07-2024,13-07-2024,90041000,12
12-07-2024,Analog Watch,Watches,1,9113.69,5931.9,8966.21,Festival Sale,29,12-07-2024,18-07-2024,91021100,18
13-07-2024,Pashmina Shawl,Scarves,1,1907.5,1427.12,1942.92,Festival Sale,33,13-07-2024,16-07-2024,62143000,12
13-07-2024,Backpack Purse,Handbags,1,1382.54,1333.7,1390.19,Festival Sale,28,13-07-2024,14-07-2024,42022290,18
13-07-2024,Chain Belt,Belts,5,2001.64,1640.03,9845.6,Festival Sale,33,13-07-2024,18-07-2024,42033000,18
13-07-2024,Charm Bracelet,Jewelry,2,1691.26,1456.9,3426.4,Festival Sale,23,13-07-2024,14-07-2024,71131100,3
13-07-2024,Round Frame,Sunglasses,9,1152.51,1170.8,10340.28,Festival Sale,34,13-07-2024,14-07-2024,90041000,12
13-07-2024,Waist Belt,Belts,2,2392.99,1684.61,4820.54,Festival Sale,21,13-07-2024,20-07-2024,42033000,18
13-07-2024,Chain Belt,Belts,3,1254.39,899.76,3727.89,Festival Sale,25,13-07-2024,14-07-2024,42033000,18
13-07-2024,Clutch Purse,Handbags,4,6699.62,4308.82,27169.88,Festival Sale,26,13-07-2024,18-07-2024,42022290,18
13-07-2024,Printed Scarf,Scarves,3,1169.55,841.34,3495.21,Festival Sale,32,13-07-2024,17-07-2024,62143000,12
13-07-2024,Silk Scarf,Scarves,3,637.63,463.97,1951.92,Festival Sale,23,13-07-2024,17-07-2024,62143000,12
13-07-2024,Waist Belt,Belts,1,2869.74,1914.44,2898.43,Festival Sale,31,13-07-2024,19-07-2024,42033000,18
13-07-2024,Sports Sunglasses,Sunglasses,17,2279.79,1772.49,39287.34,Festival Sale,25,13-07-2024,20-07-2024,90041000,12
13-07-2024,Sports Watch,Watches,3,6124.74,5136.07,18589.98,Festival Sale,25,13-07-2024,18-07-2024,91021100,18
13-07-2024,Backpack Purse,Handbags,7,5286.5,3636.56,36479.59,Festival Sale,33,13-07-2024,18-07-2024,42022290,18
13-07-2024,Pearl Necklace,Jewelry,3,1624.24,1455.51,4793.19,Festival Sale,29,13-07-2024,19-07-2024,71131100,3
13-07-2024,Smart Watch,Watches,5,5957.33,4885.4,29485.85,Festival Sale,29,13-07-2024,15-07-2024,91021100,18
13-07-2024,Sports Watch,Watches,13,7769.32,5641.35,100638.46,Festival Sale,22,13-07-2024,20-07-2024,91021100,18
13-07-2024,Hair Pin Set,Hair Accessories,5,922.55,740.23,4662.95,Festival Sale,20,13-07-2024,17-07-2024,96151900,18
13-07-2024,Waist Belt,Belts,5,2027.3,1445.04,10228.65,Festival Sale,34,13-07-2024,15-07-2024,42033000,18
13-07-2024,Shoulder Bag,Handbags,6,4070.72,4385.07,24611.46,Festival Sale,34,13-07-2024,14-07-2024,42022290,18
13-07-2024,Oversized Sunglasses,Sunglasses,3,2397.22,1930.86,7112.85,Festival Sale,20,13-07-2024,20-07-2024,90041000,12
13-07-2024,Crossbody Bag,Handbags,3,4507.79,4372,13658.37,Festival Sale,27,13-07-2024,16-07-2024,42022290,18
15-07-2024,Pashmina Shawl,Scarves,3,2008.15,1191.81,5912.49,Festival Sale,20,15-07-2024,21-07-2024,62143000,12
15-07-2024,Chain Belt,Belts,5,2374.67,1885.47,11734.2,Festival Sale,27,15-07-2024,22-07-2024,42033000,18
15-07-2024,Aviator Sunglasses,Sunglasses,2,2326.3,2248.98,4561.42,Festival Sale,28,15-07-2024,18-07-2024,90041000,12
15-07-2024,Charm Bracelet,Jewelry,5,1230.28,889.14,6161.45,Festival Sale,28,15-07-2024,16-07-2024,71131100,3
15-07-2024,Cotton Scarf,Scarves,1,1974.84,1312.05,1967.81,Festival Sale,24,15-07-2024,16-07-2024,62143000,12
15-07-2024,Western Belt,Belts,2,1054.78,802.19,2128.26,Festival Sale,28,15-07-2024,21-07-2024,42033000,18
15-07-2024,Cotton Scarf,Scarves,2,876.41,568.18,1745.58,Festival Sale,26,15-07-2024,18-07-2024,62143000,12
15-07-2024,Round Frame,Sunglasses,1,1504.66,1469.97,1476.67,Festival Sale,33,15-07-2024,18-07-2024,90041000,12
15-07-2024,Printed Scarf,Scarves,4,856.01,840.49,3489.6,Festival Sale,31,15-07-2024,19-07-2024,62143000,12
15-07-2024,Hair Pin Set,Hair Accessories,5,812.29,718.69,4095.95,Festival Sale,30,15-07-2024,16-07-2024,96151900,18
15-07-2024,Oversized Sunglasses,Sunglasses,2,2939.34,2013.32,5930.56,Festival Sale,21,15-07-2024,20-07-2024,90041000,12
16-07-2024,Statement Necklace,Jewelry,3,1981.53,1589.61,5832.06,Festival Sale,34,16-07-2024,17-07-2024,71131100,3
16-07-2024,Digital Watch,Watches,7,8066.99,5638.3,57311.03,Festival Sale,26,16-07-2024,21-07-2024,91021100,18
16-07-2024,Gold Plated Earrings,Jewelry,1,2440.04,2150.15,2409.93,Festival Sale,23,16-07-2024,20-07-2024,71131100,3
16-07-2024,Winter Wool Scarf,Scarves,5,820.09,601.45,4137.75,Festival Sale,27,16-07-2024,19-07-2024,62143000,12
16-07-2024,Silk Scarf,Scarves,3,1368.01,1176.16,4045.68,Festival Sale,32,16-07-2024,21-07-2024,62143000,12
16-07-2024,Leather Belt,Belts,4,1001.9,928.78,4009.56,Festival Sale,26,16-07-2024,17-07-2024,42033000,18
16-07-2024,Aviator Sunglasses,Sunglasses,1,2225.3,1470.2,2248.48,Festival Sale,20,16-07-2024,18-07-2024,90041000,12
16-07-2024,Shoulder Bag,Handbags,2,3411.22,2302.19,6765.68,Festival Sale,33,16-07-2024,20-07-2024,42022290,18
16-07-2024,Waist Belt,Belts,6,1448.46,1149.15,8573.64,Festival Sale,23,16-07-2024,23-07-2024,42033000,18
16-07-2024,Cat Eye Sunglasses,Sunglasses,1,1769.12,1565.26,1771.24,Festival Sale,31,16-07-2024,17-07-2024,90041000,12
17-07-2024,Crossbody Bag,Handbags,5,2626.9,2121.2,13023.05,Festival Sale,20,17-07-2024,24-07-2024,42022290,18
17-07-2024,Dress Watch,Watches,4,3054.81,2412.78,12376.88,Festival Sale,22,17-07-2024,20-07-2024,91021100,18
17-07-2024,Sports Sunglasses,Sunglasses,4,2401.14,2075.05,9439.32,Festival Sale,22,17-07-2024,23-07-2024,90041000,12
17-07-2024,Scrunchie Pack,Hair Accessories,5,566.65,351.36,2879.75,Festival Sale,23,17-07-2024,24-07-2024,96151900,18
17-07-2024,Scrunchie Pack,Hair Accessories,1,290.35,239.28,293.62,Festival Sale,28,17-07-2024,20-07-2024,96151900,18
17-07-2024,Hair Clip Set,Hair Accessories,3,950.56,705.78,2876.04,Festival Sale,32,17-07-2024,19-07-2024,96151900,18
17-07-2024,Charm Bracelet,Jewelry,3,3130.98,2298.15,9525.24,Festival Sale,25,17-07-2024,21-07-2024,71131100,3
17-07-2024,Cotton Scarf,Scarves,5,1979.42,1172.9,9934.2,Festival Sale,23,17-07-2024,19-07-2024,62143000,12
17-07-2024,Fabric Belt,Belts,5,2099.83,1837.29,10516.95,Festival Sale,23,17-07-2024,20-07-2024,42033000,18
17-07-2024,Pearl Necklace,Jewelry,3,2868.11,2455.54,8597.94,Festival Sale,34,17-07-2024,18-07-2024,71131100,3
17-07-2024,Silver Bracelet,Jewelry,1,1889.37,1397.89,1924.72,Festival Sale,20,17-07-2024,24-07-2024,71131100,3
17-07-2024,Pashmina Shawl,Scarves,4,660.84,621.59,2673.4,Festival Sale,25,17-07-2024,19-07-2024,62143000,12
17-07-2024,Shoulder Bag,Handbags,1,5681.5,4306.86,5612.41,Festival Sale,29,17-07-2024,19-07-2024,42022290,18
17-07-2024,Printed Scarf,Scarves,6,1419.43,1153.53,8412.06,Festival Sale,22,17-07-2024,20-07-2024,62143000,12
17-07-2024,Sports Sunglasses,Sunglasses,2,2764.51,2388.04,5566.88,Festival Sale,22,17-07-2024,23-07-2024,90041000,12
17-07-2024,Silver Bracelet,Jewelry,2,2989.16,2090.86,5987.62,Festival Sale,24,17-07-2024,19-07-2024,71131100,3
18-07-2024,Gold Plated Earrings,Jewelry,1,2340.09,1751.46,2370.1,Festival Sale,22,18-07-2024,23-07-2024,71131100,3
18-07-2024,Hair Clip Set,Hair Accessories,2,364.12,220.87,718.98,Festival Sale,20,18-07-2024,20-07-2024,96151900,18
18-07-2024,Silver Bracelet,Jewelry,3,1648.48,1683.84,4856.73,Festival Sale,34,18-07-2024,21-07-2024,71131100,3
18-07-2024,Dress Watch,Watches,4,7807.98,4915.91,31494.76,Festival Sale,21,18-07-2024,20-07-2024,91021100,18
18-07-2024,Chain Belt,Belts,4,1777.46,1356,7030.56,Festival Sale,34,18-07-2024,19-07-2024,42033000,18
18-07-2024,Scrunchie Pack,Hair Accessories,4,487.13,387.85,1960.08,Festival Sale,26,18-07-2024,24-07-2024,96151900,18
18-07-2024,Pearl Necklace,Jewelry,3,1071.38,940.8,3279.39,Festival Sale,23,18-07-2024,20-07-2024,71131100,3
18-07-2024,Digital Watch,Watches,4,3642.82,2519.07,14513.4,Festival Sale,32,18-07-2024,20-07-2024,91021100,18
19-07-2024,Analog Watch,Watches,4,4766.98,3269.78,19136.52,Festival Sale,26,19-07-2024,26-07-2024,91021100,18
19-07-2024,Shoulder Bag,Handbags,7,7220.82,4753.33,50028.58,Festival Sale,23,19-07-2024,21-07-2024,42022290,18
19-07-2024,Clutch Purse,Handbags,4,2961.36,2852.84,11728.72,Festival Sale,31,19-07-2024,24-07-2024,42022290,18
19-07-2024,Dress Watch,Watches,6,8053.6,5546.75,47474.58,Festival Sale,28,19-07-2024,25-07-2024,91021100,18
19-07-2024,Turban,Hair Accessories,5,1083.89,688.28,5432.95,Festival Sale,23,19-07-2024,20-07-2024,96151900,18
19-07-2024,Western Belt,Belts,5,2358.91,1848.63,11802.8,Festival Sale,33,19-07-2024,26-07-2024,42033000,18
19-07-2024,Turban,Hair Accessories,5,283.83,227.29,1424.85,Festival Sale,33,19-07-2024,21-07-2024,96151900,18
19-07-2024,Analog Watch,Watches,4,6826.59,5568.74,27529.96,Festival Sale,22,19-07-2024,22-07-2024,91021100,18
19-07-2024,Statement Necklace,Jewelry,1,2331.95,2093.85,2319.16,Festival Sale,31,19-07-2024,24-07-2024,71131100,3
19-07-2024,Silver Bracelet,Jewelry,7,1558,1516.69,10764.74,Festival Sale,29,19-07-2024,24-07-2024,71131100,3
19-07-2024,Waist Belt,Belts,3,919.52,646.6,2796.84,Festival Sale,20,19-07-2024,21-07-2024,42033000,18
19-07-2024,Silk Scarf,Scarves,7,1643.3,1427.25,11285.61,Festival Sale,21,19-07-2024,23-07-2024,62143000,12
19-07-2024,Clutch Purse,Handbags,3,2645.99,2435.2,7880.04,Festival Sale,32,19-07-2024,21-07-2024,42022290,18
19-07-2024,Analog Watch,Watches,2,4378.07,2596.44,8659.12,Festival Sale,23,19-07-2024,25-07-2024,91021100,18
19-07-2024,Scrunchie Pack,Hair Accessories,3,294.07,216.11,864.96,Festival Sale,24,19-07-2024,23-07-2024,96151900,18
19-07-2024,Sports Sunglasses,Sunglasses,3,1359.86,923.41,4078.92,Festival Sale,30,19-07-2024,22-07-2024,90041000,12
19-07-2024,Hair Pin Set,Hair Accessories,2,736.81,733.02,1499.34,Festival Sale,28,19-07-2024,20-07-2024,96151900,18
20-07-2024,Silver Bracelet,Jewelry,1,3600.21,2432.89,3558.89,Festival Sale,25,20-07-2024,26-07-2024,71131100,3
20-07-2024,Cat Eye Sunglasses,Sunglasses,1,1392.55,939.19,1372.2,Festival Sale,32,20-07-2024,25-07-2024,90041000,12
20-07-2024,Silk Scarf,Scarves,1,1023.03,624.48,1037.03,Festival Sale,23,20-07-2024,24-07-2024,62143000,12
20-07-2024,Crossbody Bag,Handbags,1,4622.6,3923.2,4712.3,Festival Sale,31,20-07-2024,27-07-2024,42022290,18
20-07-2024,Shoulder Bag,Handbags,4,3043.58,2381.01,12354.28,Festival Sale,31,20-07-2024,25-07-2024,42022290,18
20-07-2024,Sports Sunglasses,Sunglasses,9,2259.7,2235.96,20481.48,Festival Sale,34,20-07-2024,27-07-2024,90041000,12
20-07-2024,Sports Sunglasses,Sunglasses,8,3027.58,2090.7,23816.48,Festival Sale,22,20-07-2024,21-07-2024,90041000,12
20-07-2024,Fabric Belt,Belts,5,2736.63,1951.37,13961,Festival Sale,34,20-07-2024,27-07-2024,42033000,18
20-07-2024,Pashmina Shawl,Scarves,5,855.81,817.95,4227.7,Festival Sale,28,20-07-2024,21-07-2024,62143000,12
20-07-2024,Sports Sunglasses,Sunglasses,1,1461.08,959.89,1440.63,Festival Sale,27,20-07-2024,21-07-2024,90041000,12
20-07-2024,Pashmina Shawl,Scarves,1,1599.05,1125.67,1579.4,Festival Sale,27,20-07-2024,27-07-2024,62143000,12
20-07-2024,Dress Watch,Watches,5,6346.87,4876.41,32273.7,Festival Sale,28,20-07-2024,24-07-2024,91021100,18
20-07-2024,Sports Sunglasses,Sunglasses,6,2131.08,1475.94,12695.46,Festival Sale,25,20-07-2024,22-07-2024,90041000,12
20-07-2024,Leather Tote Bag,Handbags,5,4170.27,3955.03,20479.5,Festival Sale,27,20-07-2024,22-07-2024,42022290,18
20-07-2024,Charm Bracelet,Jewelry,5,2511.5,2030.57,12751.15,Festival Sale,34,20-07-2024,22-07-2024,71131100,3
20-07-2024,Silver Bracelet,Jewelry,1,2886.29,2727.05,2941.39,Festival Sale,30,20-07-2024,24-07-2024,71131100,3
22-07-2024,Headband,Hair Accessories,2,485.17,286.41,956.06,Festival Sale,21,22-07-2024,27-07-2024,96151900,18
22-07-2024,Statement Necklace,Jewelry,5,2061.85,1418.94,10249.85,Festival Sale,23,22-07-2024,29-07-2024,71131100,3
22-07-2024,Turban,Hair Accessories,1,284.55,226.86,282.89,Festival Sale,32,22-07-2024,28-07-2024,96151900,18
22-07-2024,Cat Eye Sunglasses,Sunglasses,2,1106.13,974.32,2171.92,Festival Sale,27,22-07-2024,26-07-2024,90041000,12
22-07-2024,Waist Belt,Belts,3,2397.01,1900.7,7114.26,Festival Sale,22,22-07-2024,29-07-2024,42033000,18
22-07-2024,Hair Pin Set,Hair Accessories,1,759.64,522.09,762.77,Festival Sale,26,22-07-2024,27-07-2024,96151900,18
22-07-2024,Chain Belt,Belts,3,1072.98,887.99,3227.22,Festival Sale,32,22-07-2024,27-07-2024,42033000,18
22-07-2024,Pashmina Shawl,Scarves,5,460.36,413.33,2335,Festival Sale,25,22-07-2024,24-07-2024,62143000,12
22-07-2024,Hair Pin Set,Hair Accessories,1,351.73,291.18,354.51,Festival Sale,29,22-07-2024,28-07-2024,96151900,18
22-07-2024,Hair Pin Set,Hair Accessories,1,423.04,396.09,423.97,Festival Sale,30,22-07-2024,24-07-2024,96151900,18
22-07-2024,Fabric Belt,Belts,2,1797.96,1185.81,3630.62,Festival Sale,25,22-07-2024,23-07-2024,42033000,18
22-07-2024,Hair Pin Set,Hair Accessories,2,966.1,792.12,1900.58,Festival Sale,25,22-07-2024,23-07-2024,96151900,18
22-07-2024,Turban,Hair Accessories,3,355.17,360.8,1086.72,Festival Sale,33,22-07-2024,23-07-2024,96151900,18
22-07-2024,Headband,Hair Accessories,1,722.22,522.41,719.71,Festival Sale,30,22-07-2024,29-07-2024,96151900,18
22-07-2024,Statement Necklace,Jewelry,5,3221.77,2989.4,15935.7,Festival Sale,27,22-07-2024,26-07-2024,71131100,3
22-07-2024,Statement Necklace,Jewelry,4,1424.11,1071.5,5644.04,Festival Sale,27,22-07-2024,23-07-2024,71131100,3
23-07-2024,Gold Plated Earrings,Jewelry,2,2220,2786.63,4414.62,Clearance Sale,46,23-07-2024,24-07-2024,71131100,3
23-07-2024,Hair Pin Set,Hair Accessories,4,567.18,265.28,2276.88,No Promotion,0,23-07-2024,29-07-2024,96151900,18
23-07-2024,Oversized Sunglasses,Sunglasses,3,1066.81,1171.81,3147.75,Clearance Sale,57,23-07-2024,29-07-2024,90041000,12
23-07-2024,Analog Watch,Watches,5,4040.01,2960.91,20339.2,Festival Sale,17,23-07-2024,28-07-2024,91021100,18
23-07-2024,Winter Wool Scarf,Scarves,5,1036.04,771.22,5128.9,Festival Sale,22,23-07-2024,29-07-2024,62143000,12
23-07-2024,Dress Watch,Watches,6,8076.66,4719.12,47646.84,Seasonal Offer,14,23-07-2024,27-07-2024,91021100,18
23-07-2024,Leather Belt,Belts,4,1162.5,736.19,4720.16,No Promotion,0,23-07-2024,28-07-2024,42033000,18
23-07-2024,Pashmina Shawl,Scarves,3,973.48,564.28,2869.14,No Promotion,0,23-07-2024,28-07-2024,62143000,12
23-07-2024,Chain Belt,Belts,7,2611.73,1620.65,18082.47,No Promotion,0,23-07-2024,29-07-2024,42033000,18
23-07-2024,Crossbody Bag,Handbags,3,3699,2318.68,11045.49,Seasonal Offer,14,23-07-2024,29-07-2024,42022290,18
23-07-2024,Silk Scarf,Scarves,4,1859.03,1083.25,7473.96,No Promotion,0,23-07-2024,24-07-2024,62143000,12
23-07-2024,Sports Sunglasses,Sunglasses,3,4127.44,2324.75,12185.28,No Promotion,0,23-07-2024,27-07-2024,90041000,12
23-07-2024,Shoulder Bag,Handbags,4,5031.97,2562.85,20501.8,No Promotion,0,23-07-2024,26-07-2024,42022290,18
23-07-2024,Pearl Necklace,Jewelry,1,2048.65,1724.51,2054.25,Festival Sale,19,23-07-2024,30-07-2024,71131100,3
23-07-2024,Gold Plated Earrings,Jewelry,3,2028.02,2119.71,6022.23,Clearance Sale,48,23-07-2024,29-07-2024,71131100,3
23-07-2024,Digital Watch,Watches,2,4490.65,2891.97,8870.9,Festival Sale,19,23-07-2024,30-07-2024,91021100,18
23-07-2024,Statement Necklace,Jewelry,4,1044.39,821.74,4227.92,Festival Sale,23,23-07-2024,28-07-2024,71131100,3
23-07-2024,Gold Plated Earrings,Jewelry,7,2851.92,2137.4,20331.36,Festival Sale,20,23-07-2024,24-07-2024,71131100,3
23-07-2024,Round Frame,Sunglasses,6,1299.37,1002.33,7702.92,Flash Sale,30,23-07-2024,29-07-2024,90041000,12
23-07-2024,Sports Watch,Watches,2,3353.06,3276.84,6727.14,Flash Sale,36,23-07-2024,27-07-2024,91021100,18
23-07-2024,Scrunchie Pack,Hair Accessories,1,419.32,445.16,425.39,Clearance Sale,54,23-07-2024,24-07-2024,96151900,18
24-07-2024,Headband,Hair Accessories,1,569.86,347.48,579.47,Seasonal Offer,14,24-07-2024,28-07-2024,96151900,18
24-07-2024,Round Frame,Sunglasses,4,2372.12,2299.62,9435.4,Clearance Sale,45,24-07-2024,28-07-2024,90041000,12
24-07-2024,Smart Watch,Watches,4,8697.91,4102.14,34676.76,No Promotion,0,24-07-2024,27-07-2024,91021100,18
24-07-2024,Statement Necklace,Jewelry,1,2068.41,1910.56,2039.53,Flash Sale,32,24-07-2024,25-07-2024,71131100,3
24-07-2024,Charm Bracelet,Jewelry,2,3395.09,2231.06,6919.84,Festival Sale,20,24-07-2024,30-07-2024,71131100,3
24-07-2024,Western Belt,Belts,2,2783.57,1867.76,5486.28,Festival Sale,20,24-07-2024,26-07-2024,42033000,18
24-07-2024,Smart Watch,Watches,3,7024.95,4302.94,20753.4,No Promotion,0,24-07-2024,28-07-2024,91021100,18
24-07-2024,Dress Watch,Watches,2,4633.81,3995.05,9287.56,Flash Sale,39,24-07-2024,25-07-2024,91021100,18
24-07-2024,Pashmina Shawl,Scarves,4,1241.72,850.28,5052.44,Festival Sale,23,24-07-2024,28-07-2024,62143000,12
25-07-2024,Backpack Purse,Handbags,1,2432.46,2432.92,2389.76,Clearance Sale,46,25-07-2024,28-07-2024,42022290,18
25-07-2024,Pearl Necklace,Jewelry,2,1432.38,805.62,2914.66,No Promotion,0,25-07-2024,26-07-2024,71131100,3
25-07-2024,Cat Eye Sunglasses,Sunglasses,3,2797.29,1738.26,8361.54,Seasonal Offer,15,25-07-2024,26-07-2024,90041000,12
25-07-2024,Silver Bracelet,Jewelry,1,4006.81,2408.12,4007.91,Festival Sale,20,25-07-2024,01-08-2024,71131100,3
25-07-2024,Charm Bracelet,Jewelry,2,4476.68,2599.32,8834.94,No Promotion,0,25-07-2024,28-07-2024,71131100,3
25-07-2024,Turban,Hair Accessories,5,1517.98,789.42,7589.1,No Promotion,0,25-07-2024,31-07-2024,96151900,18
25-07-2024,Round Frame,Sunglasses,2,1915.28,1564.07,3835.3,Festival Sale,22,25-07-2024,26-07-2024,90041000,12
25-07-2024,Leather Tote Bag,Handbags,2,2768.73,3396.76,5454.42,Clearance Sale,50,25-07-2024,01-08-2024,42022290,18
25-07-2024,Western Belt,Belts,2,1187.16,958.34,2331.06,Festival Sale,20,25-07-2024,28-07-2024,42033000,18
25-07-2024,Hair Clip Set,Hair Accessories,1,410.61,336.99,409.8,Flash Sale,28,25-07-2024,26-07-2024,96151900,18
25-07-2024,Crossbody Bag,Handbags,4,7148.35,4286.95,28645.28,Festival Sale,20,25-07-2024,29-07-2024,42022290,18
25-07-2024,Western Belt,Belts,1,1523.98,1055.93,1504.06,No Promotion,0,25-07-2024,27-07-2024,42033000,18
25-07-2024,Gold Plated Earrings,Jewelry,1,1773.34,2310.1,1750.16,Clearance Sale,57,25-07-2024,31-07-2024,71131100,3
25-07-2024,Pashmina Shawl,Scarves,3,1400.34,1090.39,4231.59,Flash Sale,39,25-07-2024,01-08-2024,62143000,12
25-07-2024,Cat Eye Sunglasses,Sunglasses,3,1858.41,1446.59,5558.28,Seasonal Offer,10,25-07-2024,30-07-2024,90041000,12
25-07-2024,Cotton Scarf,Scarves,4,1105.41,1034.92,4483.68,Clearance Sale,41,25-07-2024,26-07-2024,62143000,12
25-07-2024,Leather Belt,Belts,2,662.46,677.77,1317.78,Flash Sale,36,25-07-2024,31-07-2024,42033000,18
26-07-2024,Printed Scarf,Scarves,4,936.2,1113.67,3695.44,Clearance Sale,50,26-07-2024,28-07-2024,62143000,12
26-07-2024,Digital Watch,Watches,1,9683.19,4931.37,9805.76,No Promotion,0,26-07-2024,01-08-2024,91021100,18
26-07-2024,Shoulder Bag,Handbags,3,8101.13,3847.62,24476.64,No Promotion,0,26-07-2024,28-07-2024,42022290,18
26-07-2024,Digital Watch,Watches,2,7520.27,3431.48,15071.32,No Promotion,0,26-07-2024,28-07-2024,91021100,18
26-07-2024,Statement Necklace,Jewelry,7,5804.66,2724.5,40079.41,No Promotion,0,26-07-2024,28-07-2024,71131100,3
26-07-2024,Sports Watch,Watches,9,4373.79,4767.36,39003.12,Clearance Sale,49,26-07-2024,28-07-2024,91021100,18
26-07-2024,Pashmina Shawl,Scarves,4,1222.35,625.59,4925.48,No Promotion,0,26-07-2024,01-08-2024,62143000,12
26-07-2024,Hair Clip Set,Hair Accessories,2,539.53,433.06,1090.26,Festival Sale,28,26-07-2024,31-07-2024,96151900,18
26-07-2024,Clutch Purse,Handbags,3,8139.38,4458.68,24228.48,No Promotion,0,26-07-2024,02-08-2024,42022290,18
26-07-2024,Statement Necklace,Jewelry,1,1256.93,1482.52,1257.94,Clearance Sale,53,26-07-2024,31-07-2024,71131100,3
26-07-2024,Hair Pin Set,Hair Accessories,11,463.42,405.34,5078.59,Festival Sale,26,26-07-2024,01-08-2024,96151900,18
26-07-2024,Backpack Purse,Handbags,3,8224.08,4197.1,24526.35,No Promotion,0,26-07-2024,02-08-2024,42022290,18
26-07-2024,Headband,Hair Accessories,4,641.12,554.84,2558.48,Festival Sale,19,26-07-2024,27-07-2024,96151900,18
26-07-2024,Silver Bracelet,Jewelry,8,5838.38,2793.79,46496.72,No Promotion,0,26-07-2024,27-07-2024,71131100,3
26-07-2024,Pearl Necklace,Jewelry,5,4639.72,2630.21,22844.5,No Promotion,0,26-07-2024,31-07-2024,71131100,3
26-07-2024,Cat Eye Sunglasses,Sunglasses,3,2584.29,1528.48,7640.34,Festival Sale,21,26-07-2024,30-07-2024,90041000,12
26-07-2024,Smart Watch,Watches,3,4177.75,4024.02,12711.72,Clearance Sale,51,26-07-2024,29-07-2024,91021100,18
26-07-2024,Turban,Hair Accessories,7,754.27,554.6,5261.69,Festival Sale,26,26-07-2024,02-08-2024,96151900,18
26-07-2024,Aviator Sunglasses,Sunglasses,2,2496.48,2026.6,5005.12,Flash Sale,36,26-07-2024,31-07-2024,90041000,12
26-07-2024,Winter Wool Scarf,Scarves,3,1282.43,791.41,3880.59,Seasonal Offer,16,26-07-2024,30-07-2024,62143000,12
26-07-2024,Cotton Scarf,Scarves,3,1398.66,966.74,4174.08,No Promotion,0,26-07-2024,29-07-2024,62143000,12
26-07-2024,Gold Plated Earrings,Jewelry,3,4176.95,2399.43,12525.39,No Promotion,0,26-07-2024,28-07-2024,71131100,3
27-07-2024,Leather Tote Bag,Handbags,3,2638.72,1822.49,7830.06,No Promotion,0,27-07-2024,30-07-2024,42022290,18
27-07-2024,Waist Belt,Belts,6,1788.24,1220.59,10906.8,Flash Sale,31,27-07-2024,03-08-2024,42033000,18
27-07-2024,Turban,Hair Accessories,7,930.63,628.75,6566.21,Festival Sale,18,27-07-2024,03-08-2024,96151900,18
27-07-2024,Winter Wool Scarf,Scarves,8,1043.88,645.77,8512.48,No Promotion,0,27-07-2024,01-08-2024,62143000,12
27-07-2024,Printed Scarf,Scarves,4,1794.93,1114.11,7109.76,No Promotion,0,27-07-2024,28-07-2024,62143000,12
27-07-2024,Sports Sunglasses,Sunglasses,5,1275.11,912.07,6272.05,Festival Sale,16,27-07-2024,28-07-2024,90041000,12
27-07-2024,Hair Pin Set,Hair Accessories,3,1027.3,590.74,3071.16,Festival Sale,20,27-07-2024,02-08-2024,96151900,18
27-07-2024,Dress Watch,Watches,10,9491.1,5395.98,94469,No Promotion,0,27-07-2024,02-08-2024,91021100,18
27-07-2024,Hair Pin Set,Hair Accessories,3,1218.55,624.53,3723.21,No Promotion,0,27-07-2024,29-07-2024,96151900,18
27-07-2024,Western Belt,Belts,5,2993.12,1723.68,14963.35,Seasonal Offer,10,27-07-2024,29-07-2024,42033000,18
29-07-2024,Round Frame,Sunglasses,3,2122.17,2308.85,6359.67,Clearance Sale,52,29-07-2024,04-08-2024,90041000,12
29-07-2024,Aviator Sunglasses,Sunglasses,3,1863.2,1355.89,5694.6,Festival Sale,27,29-07-2024,30-07-2024,90041000,12
29-07-2024,Charm Bracelet,Jewelry,1,2028.69,1293.26,2006.03,Seasonal Offer,20,29-07-2024,04-08-2024,71131100,3
29-07-2024,Oversized Sunglasses,Sunglasses,1,1141.5,900.68,1151.71,Seasonal Offer,12,29-07-2024,02-08-2024,90041000,12
29-07-2024,Turban,Hair Accessories,2,845.03,692.75,1675.08,Flash Sale,34,29-07-2024,04-08-2024,96151900,18
29-07-2024,Turban,Hair Accessories,2,617.51,600.65,1239.84,Flash Sale,27,29-07-2024,30-07-2024,96151900,18
29-07-2024,Gold Plated Earrings,Jewelry,3,4651.48,2562.67,13683.15,No Promotion,0,29-07-2024,02-08-2024,71131100,3
29-07-2024,Printed Scarf,Scarves,1,1878.18,1076.69,1900.05,No Promotion,0,29-07-2024,31-07-2024,62143000,12
29-07-2024,Headband,Hair Accessories,3,989.55,578.41,3022.05,No Promotion,0,29-07-2024,01-08-2024,96151900,18
29-07-2024,Winter Wool Scarf,Scarves,3,1443.44,645.09,4248.75,No Promotion,0,29-07-2024,05-08-2024,62143000,12
29-07-2024,Leather Belt,Belts,1,1895.61,890.24,1915.23,No Promotion,0,29-07-2024,04-08-2024,42033000,18
29-07-2024,Cotton Scarf,Scarves,2,922.28,523.51,1834.62,No Promotion,0,29-07-2024,04-08-2024,62143000,12
29-07-2024,Round Frame,Sunglasses,6,2921.25,1629.16,17615.88,Festival Sale,18,29-07-2024,31-07-2024,90041000,12
29-07-2024,Aviator Sunglasses,Sunglasses,4,1221.12,1144.31,4857.36,Flash Sale,31,29-07-2024,03-08-2024,90041000,12
29-07-2024,Chain Belt,Belts,6,1980.64,1195.75,11838.36,No Promotion,0,29-07-2024,04-08-2024,42033000,18
30-07-2024,Clutch Purse,Handbags,3,2438.4,1949.38,7255.05,Festival Sale,20,30-07-2024,03-08-2024,42022290,18
30-07-2024,Pearl Necklace,Jewelry,3,3322.84,2539.12,10164.3,Festival Sale,28,30-07-2024,31-07-2024,71131100,3
30-07-2024,Headband,Hair Accessories,1,273.52,273.41,269.89,Clearance Sale,42,30-07-2024,06-08-2024,96151900,18
30-07-2024,Headband,Hair Accessories,1,458.45,343.32,458.84,Seasonal Offer,17,30-07-2024,02-08-2024,96151900,18
30-07-2024,Silver Bracelet,Jewelry,4,4518.62,2127.29,18060.88,No Promotion,0,30-07-2024,05-08-2024,71131100,3
30-07-2024,Dress Watch,Watches,1,10759.24,4992.58,10797.67,No Promotion,0,30-07-2024,01-08-2024,91021100,18
30-07-2024,Pashmina Shawl,Scarves,3,1358.05,679.97,3995.94,No Promotion,0,30-07-2024,05-08-2024,62143000,12
30-07-2024,Silver Bracelet,Jewelry,4,846.74,1235.77,3346.6,Clearance Sale,57,30-07-2024,06-08-2024,71131100,3
30-07-2024,Silk Scarf,Scarves,4,1688.58,776.39,6805.68,No Promotion,0,30-07-2024,03-08-2024,62143000,12
30-07-2024,Sports Watch,Watches,1,9539.77,4717.64,9432.96,No Promotion,0,30-07-2024,03-08-2024,91021100,18
30-07-2024,Round Frame,Sunglasses,3,2341.81,1593.45,7043.19,Festival Sale,18,30-07-2024,06-08-2024,90041000,12
30-07-2024,Waist Belt,Belts,1,1004.04,651.5,989.4,Festival Sale,26,30-07-2024,03-08-2024,42033000,18
30-07-2024,Headband,Hair Accessories,6,453.49,377.22,2772.96,Festival Sale,15,30-07-2024,31-07-2024,96151900,18
30-07-2024,Statement Necklace,Jewelry,1,1771.49,1123,1781.8,Festival Sale,19,30-07-2024,05-08-2024,71131100,3
30-07-2024,Analog Watch,Watches,3,4666.31,2713.36,14038.35,Seasonal Offer,15,30-07-2024,04-08-2024,91021100,18
30-07-2024,Clutch Purse,Handbags,4,1368.18,1959.47,5419.76,Clearance Sale,51,30-07-2024,02-08-2024,42022290,18
30-07-2024,Crossbody Bag,Handbags,2,8133.46,4167.96,16476.3,No Promotion,0,30-07-2024,02-08-2024,42022290,18
30-07-2024,Backpack Purse,Handbags,7,5248.4,3348.79,37055.55,No Promotion,0,30-07-2024,01-08-2024,42022290,18
30-07-2024,Headband,Hair Accessories,5,926.81,689.11,4592.9,Festival Sale,21,30-07-2024,02-08-2024,96151900,18
30-07-2024,Hair Pin Set,Hair Accessories,5,714.8,485.59,3635.55,Flash Sale,26,30-07-2024,03-08-2024,96151900,18
30-07-2024,Oversized Sunglasses,Sunglasses,2,2325.63,2026.38,4707.54,Clearance Sale,42,30-07-2024,03-08-2024,90041000,12
30-07-2024,Statement Necklace,Jewelry,2,3375.56,1962.11,6683.38,No Promotion,0,30-07-2024,04-08-2024,71131100,3
30-07-2024,Oversized Sunglasses,Sunglasses,3,3719.58,2375.01,10993.59,No Promotion,0,30-07-2024,03-08-2024,90041000,12
30-07-2024,Chain Belt,Belts,4,1292.68,1659.85,5123.84,Clearance Sale,58,30-07-2024,31-07-2024,42033000,18
30-07-2024,Statement Necklace,Jewelry,1,1424.56,1123.12,1423.02,Festival Sale,20,30-07-2024,04-08-2024,71131100,3
31-07-2024,Digital Watch,Watches,2,5258.7,2933.23,10688.82,No Promotion,0,31-07-2024,01-08-2024,91021100,18
31-07-2024,Leather Belt,Belts,2,760.31,694.39,1500.98,Flash Sale,39,31-07-2024,02-08-2024,42033000,18
31-07-2024,Sports Sunglasses,Sunglasses,2,2577.87,1734.96,5234.46,No Promotion,0,31-07-2024,03-08-2024,90041000,12
31-07-2024,Shoulder Bag,Handbags,4,5143.65,3103.65,20669.6,No Promotion,0,31-07-2024,07-08-2024,42022290,18
31-07-2024,Hair Pin Set,Hair Accessories,4,639.64,359.46,2605.4,No Promotion,0,31-07-2024,06-08-2024,96151900,18
31-07-2024,Crossbody Bag,Handbags,2,4307.84,3121.06,8544.02,Festival Sale,30,31-07-2024,04-08-2024,42022290,18
31-07-2024,Sports Sunglasses,Sunglasses,5,3881.56,2405.95,19405.1,Seasonal Offer,19,31-07-2024,03-08-2024,90041000,12
31-07-2024,Silver Bracelet,Jewelry,6,4133.11,2744.62,24400.8,Seasonal Offer,18,31-07-2024,05-08-2024,71131100,3
01-08-2024,Turban,Hair Accessories,1,414.84,278.48,420.92,Festival Sale,19,01-08-2024,02-08-2024,96151900,18
01-08-2024,Winter Wool Scarf,Scarves,3,633.3,805.46,1875.96,Clearance Sale,60,01-08-2024,07-08-2024,62143000,12
01-08-2024,Printed Scarf,Scarves,1,942.06,1105.05,941.66,Clearance Sale,55,01-08-2024,05-08-2024,62143000,12
01-08-2024,Clutch Purse,Handbags,4,3955.59,4179.05,15907.56,Clearance Sale,53,01-08-2024,03-08-2024,42022290,18
01-08-2024,Crossbody Bag,Handbags,3,2913.42,2601.81,8690.34,Festival Sale,25,01-08-2024,06-08-2024,42022290,18
01-08-2024,Leather Tote Bag,Handbags,2,8114.69,4461.08,16043.02,No Promotion,0,01-08-2024,05-08-2024,42022290,18
01-08-2024,Cat Eye Sunglasses,Sunglasses,2,2736.12,1423.61,5485.34,No Promotion,0,01-08-2024,08-08-2024,90041000,12
01-08-2024,Dress Watch,Watches,3,5656.99,4109.52,17154.3,Festival Sale,27,01-08-2024,07-08-2024,91021100,18
01-08-2024,Pashmina Shawl,Scarves,3,2234.28,1069.77,6593.19,No Promotion,0,01-08-2024,05-08-2024,62143000,12
01-08-2024,Oversized Sunglasses,Sunglasses,3,2455.99,1611.84,7423.5,No Promotion,0,01-08-2024,03-08-2024,90041000,12
01-08-2024,Gold Plated Earrings,Jewelry,3,2518.6,1874.73,7408.17,Flash Sale,36,01-08-2024,05-08-2024,71131100,3
01-08-2024,Scrunchie Pack,Hair Accessories,2,816.04,408.55,1614.82,Seasonal Offer,10,01-08-2024,02-08-2024,96151900,18
01-08-2024,Oversized Sunglasses,Sunglasses,5,1702.64,1029.72,8449.7,Festival Sale,23,01-08-2024,02-08-2024,90041000,12
01-08-2024,Hair Clip Set,Hair Accessories,5,876.48,525.76,4469.55,Festival Sale,17,01-08-2024,04-08-2024,96151900,18
01-08-2024,Western Belt,Belts,5,2296.23,1091.51,11504.85,No Promotion,0,01-08-2024,07-08-2024,42033000,18
01-08-2024,Dress Watch,Watches,3,7312.9,4055.2,21936.54,Festival Sale,18,01-08-2024,08-08-2024,91021100,18
01-08-2024,Fabric Belt,Belts,1,3298.82,1961.31,3315.21,Seasonal Offer,15,01-08-2024,08-08-2024,42033000,18
01-08-2024,Analog Watch,Watches,4,9233.09,5271.86,37456.8,No Promotion,0,01-08-2024,05-08-2024,91021100,18
01-08-2024,Gold Plated Earrings,Jewelry,2,3828.41,2644.87,7697.64,Festival Sale,27,01-08-2024,06-08-2024,71131100,3
01-08-2024,Analog Watch,Watches,4,4053.27,2311.71,16493.48,No Promotion,0,01-08-2024,05-08-2024,91021100,18
01-08-2024,Silver Bracelet,Jewelry,2,2251.45,1580.18,4540.88,No Promotion,0,01-08-2024,05-08-2024,71131100,3
01-08-2024,Western Belt,Belts,3,1655.71,1026.15,5051.25,No Promotion,0,01-08-2024,06-08-2024,42033000,18
01-08-2024,Fabric Belt,Belts,2,970.25,1089.26,1921.1,Clearance Sale,53,01-08-2024,06-08-2024,42033000,18
02-08-2024,Backpack Purse,Handbags,4,3562.38,2285.5,14152.64,No Promotion,0,02-08-2024,05-08-2024,42022290,18
02-08-2024,Leather Tote Bag,Handbags,3,3339.86,2830.48,9846.3,Festival Sale,18,02-08-2024,08-08-2024,42022290,18
02-08-2024,Sports Sunglasses,Sunglasses,2,2750.97,2453.71,5528.5,Festival Sale,25,02-08-2024,04-08-2024,90041000,12
02-08-2024,Smart Watch,Watches,4,5623.33,5745.42,22238.72,Clearance Sale,40,02-08-2024,08-08-2024,91021100,18
02-08-2024,Hair Clip Set,Hair Accessories,3,317.2,238.64,948.27,Festival Sale,18,02-08-2024,03-08-2024,96151900,18
02-08-2024,Clutch Purse,Handbags,1,2329.26,2092.64,2315.73,Clearance Sale,43,02-08-2024,04-08-2024,42022290,18
02-08-2024,Turban,Hair Accessories,2,680.59,425.71,1358.6,Seasonal Offer,20,02-08-2024,09-08-2024,96151900,18
02-08-2024,Leather Tote Bag,Handbags,2,6191.01,4195.18,12245.28,Flash Sale,26,02-08-2024,05-08-2024,42022290,18
02-08-2024,Hair Pin Set,Hair Accessories,7,855.63,575.75,6101.2,Festival Sale,28,02-08-2024,08-08-2024,96151900,18
02-08-2024,Oversized Sunglasses,Sunglasses,10,3345.41,2406.76,34025.1,Festival Sale,26,02-08-2024,03-08-2024,90041000,12
02-08-2024,Pearl Necklace,Jewelry,1,1164.44,1026.41,1183.57,Festival Sale,18,02-08-2024,07-08-2024,71131100,3
02-08-2024,Aviator Sunglasses,Sunglasses,6,1224.65,1090.51,7410.54,Festival Sale,26,02-08-2024,09-08-2024,90041000,12
03-08-2024,Crossbody Bag,Handbags,7,8105.39,4710.57,56531.65,No Promotion,0,03-08-2024,04-08-2024,42022290,18
03-08-2024,Cat Eye Sunglasses,Sunglasses,1,2568.25,1825.7,2553.38,Festival Sale,21,03-08-2024,07-08-2024,90041000,12
03-08-2024,Hair Clip Set,Hair Accessories,4,683.3,455.62,2710.16,Seasonal Offer,18,03-08-2024,06-08-2024,96151900,18
03-08-2024,Leather Tote Bag,Handbags,6,2353.25,1832.95,14244.42,Seasonal Offer,10,03-08-2024,10-08-2024,42022290,18
03-08-2024,Turban,Hair Accessories,2,217.04,262.77,431.48,Clearance Sale,58,03-08-2024,04-08-2024,96151900,18
03-08-2024,Analog Watch,Watches,7,6282.75,5959.9,44662.24,Flash Sale,29,03-08-2024,10-08-2024,91021100,18
03-08-2024,Charm Bracelet,Jewelry,2,1768.27,1396.91,3607.24,Festival Sale,18,03-08-2024,04-08-2024,71131100,3
03-08-2024,Crossbody Bag,Handbags,1,7234.81,4822.62,7178.91,No Promotion,0,03-08-2024,06-08-2024,42022290,18
03-08-2024,Leather Belt,Belts,4,1512.12,856.2,5996.76,No Promotion,0,03-08-2024,09-08-2024,42033000,18
03-08-2024,Clutch Purse,Handbags,1,1680.99,1216.57,1672.82,Festival Sale,17,03-08-2024,05-08-2024,42022290,18
03-08-2024,Statement Necklace,Jewelry,1,3674.2,2332.53,3709.98,Festival Sale,26,03-08-2024,08-08-2024,71131100,3
03-08-2024,Sports Watch,Watches,5,8728.63,3998.57,42909.45,No Promotion,0,03-08-2024,06-08-2024,91021100,18
03-08-2024,Round Frame,Sunglasses,5,2077.57,1758.75,10234.05,Seasonal Offer,18,03-08-2024,05-08-2024,90041000,12
03-08-2024,Cotton Scarf,Scarves,12,1146.76,700.11,13752.6,Festival Sale,25,03-08-2024,09-08-2024,62143000,12
03-08-2024,Oversized Sunglasses,Sunglasses,8,3169.49,1687.79,24869.36,No Promotion,0,03-08-2024,07-08-2024,90041000,12
03-08-2024,Sports Sunglasses,Sunglasses,4,3214.37,1816.09,12961.88,No Promotion,0,03-08-2024,10-08-2024,90041000,12
03-08-2024,Charm Bracelet,Jewelry,9,1761.81,981,15861.96,Seasonal Offer,15,03-08-2024,07-08-2024,71131100,3
03-08-2024,Silk Scarf,Scarves,4,426.99,470.1,1679.2,Clearance Sale,57,03-08-2024,10-08-2024,62143000,12
03-08-2024,Analog Watch,Watches,3,11526.62,5602.99,34632.33,No Promotion,0,03-08-2024,08-08-2024,91021100,18
03-08-2024,Turban,Hair Accessories,4,1351.3,793.05,5411.48,Festival Sale,22,03-08-2024,10-08-2024,96151900,18
03-08-2024,Turban,Hair Accessories,2,606.75,427.78,1234.26,Festival Sale,24,03-08-2024,06-08-2024,96151900,18
03-08-2024,Digital Watch,Watches,1,2454.47,1709.33,2483.14,Festival Sale,20,03-08-2024,10-08-2024,91021100,18
03-08-2024,Backpack Purse,Handbags,3,5493.84,4100.34,16710.21,Flash Sale,28,03-08-2024,05-08-2024,42022290,18
03-08-2024,Clutch Purse,Handbags,7,4440.82,2759.16,31004.82,Seasonal Offer,11,03-08-2024,09-08-2024,42022290,18
03-08-2024,Turban,Hair Accessories,7,263.12,382.82,1855.28,Clearance Sale,52,03-08-2024,09-08-2024,96151900,18
05-08-2024,Sports Watch,Watches,1,6675.12,3444.75,6790,No Promotion,0,05-08-2024,11-08-2024,91021100,18
05-08-2024,Western Belt,Belts,6,2346.66,1638.02,14074.32,No Promotion,0,05-08-2024,11-08-2024,42033000,18
05-08-2024,Oversized Sunglasses,Sunglasses,4,3858.95,2364.44,15332.04,No Promotion,0,05-08-2024,12-08-2024,90041000,12
05-08-2024,Winter Wool Scarf,Scarves,3,955.6,472.26,2839.92,No Promotion,0,05-08-2024,08-08-2024,62143000,12
05-08-2024,Sports Sunglasses,Sunglasses,6,4330.94,2129.97,25639.5,No Promotion,0,05-08-2024,09-08-2024,90041000,12
05-08-2024,Printed Scarf,Scarves,4,1258.91,801.59,5039.28,No Promotion,0,05-08-2024,12-08-2024,62143000,12
05-08-2024,Turban,Hair Accessories,4,565.78,621.05,2273.08,Clearance Sale,46,05-08-2024,09-08-2024,96151900,18
05-08-2024,Western Belt,Belts,2,934.68,869.55,1855.7,Clearance Sale,43,05-08-2024,10-08-2024,42033000,18
05-08-2024,Statement Necklace,Jewelry,5,5138.64,2988,26203.25,No Promotion,0,05-08-2024,08-08-2024,71131100,3
05-08-2024,Shoulder Bag,Handbags,2,2834.4,1455.47,5638.68,No Promotion,0,05-08-2024,06-08-2024,42022290,18
05-08-2024,Winter Wool Scarf,Scarves,2,2221.03,1015.9,4458.88,No Promotion,0,05-08-2024,09-08-2024,62143000,12
05-08-2024,Gold Plated Earrings,Jewelry,5,3368.45,2214.01,16874.05,No Promotion,0,05-08-2024,12-08-2024,71131100,3
05-08-2024,Gold Plated Earrings,Jewelry,1,1976.29,1101.56,1992.53,No Promotion,0,05-08-2024,08-08-2024,71131100,3
06-08-2024,Fabric Belt,Belts,4,1651.26,784.23,6705,No Promotion,0,06-08-2024,09-08-2024,42033000,18
06-08-2024,Silk Scarf,Scarves,3,1290.41,1099.75,3886.56,Festival Sale,24,06-08-2024,10-08-2024,62143000,12
06-08-2024,Digital Watch,Watches,4,4156.05,3135.23,16752.72,Flash Sale,36,06-08-2024,11-08-2024,91021100,18
06-08-2024,Round Frame,Sunglasses,2,3062.43,2007.91,6014.18,Festival Sale,26,06-08-2024,10-08-2024,90041000,12
06-08-2024,Leather Tote Bag,Handbags,4,7625.04,4160.57,29968.48,No Promotion,0,06-08-2024,12-08-2024,42022290,18
06-08-2024,Western Belt,Belts,2,3262.61,1583.23,6487.88,No Promotion,0,06-08-2024,09-08-2024,42033000,18
06-08-2024,Scrunchie Pack,Hair Accessories,1,625.02,461.73,615.09,Festival Sale,17,06-08-2024,09-08-2024,96151900,18
06-08-2024,Western Belt,Belts,1,1017.98,818.05,1007.85,Festival Sale,18,06-08-2024,11-08-2024,42033000,18
06-08-2024,Backpack Purse,Handbags,2,2468.64,1631.89,4967.9,Festival Sale,24,06-08-2024,10-08-2024,42022290,18
06-08-2024,Hair Clip Set,Hair Accessories,3,660.84,383.5,1974.3,Festival Sale,20,06-08-2024,08-08-2024,96151900,18
06-08-2024,Charm Bracelet,Jewelry,3,903.46,822.94,2741.04,Flash Sale,29,06-08-2024,10-08-2024,71131100,3
06-08-2024,Round Frame,Sunglasses,4,2182.04,1314.77,8663.28,No Promotion,0,06-08-2024,10-08-2024,90041000,12
06-08-2024,Winter Wool Scarf,Scarves,7,1854.49,1325.34,13222.16,Seasonal Offer,15,06-08-2024,07-08-2024,62143000,12
06-08-2024,Crossbody Bag,Handbags,3,2899.18,1523.64,8583.78,No Promotion,0,06-08-2024,07-08-2024,42022290,18
06-08-2024,Chain Belt,Belts,2,2631.1,1712.9,5244.74,No Promotion,0,06-08-2024,07-08-2024,42033000,18
06-08-2024,Headband,Hair Accessories,2,569.98,666.79,1160.46,Clearance Sale,50,06-08-2024,13-08-2024,96151900,18
06-08-2024,Western Belt,Belts,3,1366.1,869.12,4038.24,Seasonal Offer,12,06-08-2024,09-08-2024,42033000,18
06-08-2024,Fabric Belt,Belts,4,1410.5,1060.74,5558.04,Flash Sale,33,06-08-2024,07-08-2024,42033000,18
06-08-2024,Pearl Necklace,Jewelry,3,3490.22,2469.92,10324.95,Flash Sale,35,06-08-2024,12-08-2024,71131100,3
06-08-2024,Hair Clip Set,Hair Accessories,3,820.43,480.91,2434.59,Seasonal Offer,14,06-08-2024,12-08-2024,96151900,18
06-08-2024,Turban,Hair Accessories,2,1554.59,798.57,3087.2,No Promotion,0,06-08-2024,10-08-2024,96151900,18
06-08-2024,Statement Necklace,Jewelry,5,1536.56,1086.71,7714.6,Festival Sale,27,06-08-2024,10-08-2024,71131100,3
07-08-2024,Leather Belt,Belts,4,2186.46,1720.71,8874.92,Festival Sale,28,07-08-2024,14-08-2024,42033000,18
07-08-2024,Oversized Sunglasses,Sunglasses,4,3810.38,1851.16,15371.4,No Promotion,0,07-08-2024,08-08-2024,90041000,12
07-08-2024,Smart Watch,Watches,6,7495.69,5702.15,45250.92,Festival Sale,15,07-08-2024,08-08-2024,91021100,18
07-08-2024,Western Belt,Belts,5,996.28,670.24,5009.85,Festival Sale,29,07-08-2024,11-08-2024,42033000,18
07-08-2024,Fabric Belt,Belts,4,1105.54,763.54,4410.6,Festival Sale,15,07-08-2024,13-08-2024,42033000,18
07-08-2024,Turban,Hair Accessories,6,287.4,218.59,1744.74,Festival Sale,18,07-08-2024,09-08-2024,96151900,18
07-08-2024,Scrunchie Pack,Hair Accessories,5,590.45,412.8,2989.35,No Promotion,0,07-08-2024,09-08-2024,96151900,18
07-08-2024,Printed Scarf,Scarves,2,1189.35,707.22,2358.24,No Promotion,0,07-08-2024,08-08-2024,62143000,12
07-08-2024,Analog Watch,Watches,3,5705.21,3888.1,17459.58,Festival Sale,30,07-08-2024,14-08-2024,91021100,18
07-08-2024,Gold Plated Earrings,Jewelry,4,4003.28,2137.82,16240.8,No Promotion,0,07-08-2024,14-08-2024,71131100,3
07-08-2024,Silver Bracelet,Jewelry,4,2365.05,1468.5,9484.88,Seasonal Offer,19,07-08-2024,08-08-2024,71131100,3
07-08-2024,Round Frame,Sunglasses,3,1476.07,1510.3,4491.24,Clearance Sale,52,07-08-2024,12-08-2024,90041000,12
07-08-2024,Winter Wool Scarf,Scarves,5,1718.28,1086.09,8436.25,Festival Sale,25,07-08-2024,08-08-2024,62143000,12
07-08-2024,Pearl Necklace,Jewelry,4,991.57,1160,3939.48,Clearance Sale,58,07-08-2024,13-08-2024,71131100,3
07-08-2024,Winter Wool Scarf,Scarves,5,2057.73,1212.82,10316.4,No Promotion,0,07-08-2024,10-08-2024,62143000,12
07-08-2024,Smart Watch,Watches,4,4904.61,4581.25,19927.52,Clearance Sale,40,07-08-2024,13-08-2024,91021100,18
07-08-2024,Oversized Sunglasses,Sunglasses,4,2342.54,2023.11,9413.4,Seasonal Offer,19,07-08-2024,12-08-2024,90041000,12
07-08-2024,Leather Belt,Belts,1,2940.48,1598.59,2922.87,No Promotion,0,07-08-2024,14-08-2024,42033000,18
07-08-2024,Sports Sunglasses,Sunglasses,1,3142.38,2190.47,3084.54,No Promotion,0,07-08-2024,13-08-2024,90041000,12
07-08-2024,Shoulder Bag,Handbags,3,5068.1,3567.16,15220.92,Festival Sale,19,07-08-2024,09-08-2024,42022290,18
08-08-2024,Dress Watch,Watches,1,8729.63,4482.77,8662.96,Seasonal Offer,12,08-08-2024,10-08-2024,91021100,18
08-08-2024,Round Frame,Sunglasses,2,1652.68,2111.75,3346.14,Clearance Sale,45,08-08-2024,15-08-2024,90041000,12
08-08-2024,Sports Watch,Watches,1,8021.15,4140.45,7981.68,No Promotion,0,08-08-2024,14-08-2024,91021100,18
08-08-2024,Silk Scarf,Scarves,1,2213.22,1444.55,2236.56,No Promotion,0,08-08-2024,14-08-2024,62143000,12
08-08-2024,Sports Sunglasses,Sunglasses,2,4445.09,2424.16,8998.84,Seasonal Offer,13,08-08-2024,15-08-2024,90041000,12
08-08-2024,Fabric Belt,Belts,2,744.56,1067.38,1488.58,Clearance Sale,51,08-08-2024,12-08-2024,42033000,18
08-08-2024,Statement Necklace,Jewelry,3,4392.05,2509.9,13329.9,Seasonal Offer,11,08-08-2024,10-08-2024,71131100,3
08-08-2024,Pashmina Shawl,Scarves,4,680.41,460.48,2697.76,No Promotion,0,08-08-2024,12-08-2024,62143000,12
08-08-2024,Western Belt,Belts,1,1412.84,953.13,1388.55,No Promotion,0,08-08-2024,12-08-2024,42033000,18
08-08-2024,Crossbody Bag,Handbags,2,1766.98,1735.94,3549.06,Clearance Sale,53,08-08-2024,10-08-2024,42022290,18
08-08-2024,Crossbody Bag,Handbags,5,7637.36,3642.03,38459.95,No Promotion,0,08-08-2024,15-08-2024,42022290,18
09-08-2024,Winter Wool Scarf,Scarves,1,485.01,606.86,491.38,Clearance Sale,52,09-08-2024,14-08-2024,62143000,12
09-08-2024,Hair Pin Set,Hair Accessories,6,408.73,362.83,2463.18,Clearance Sale,43,09-08-2024,13-08-2024,96151900,18
09-08-2024,Waist Belt,Belts,8,1116.83,646.74,8913.36,No Promotion,0,09-08-2024,16-08-2024,42033000,18
09-08-2024,Pearl Necklace,Jewelry,3,2450.26,2499.87,7388.31,Clearance Sale,45,09-08-2024,16-08-2024,71131100,3
09-08-2024,Sports Watch,Watches,6,6227.88,2994.81,37184.22,No Promotion,0,09-08-2024,10-08-2024,91021100,18
09-08-2024,Pearl Necklace,Jewelry,3,2104.85,1461.38,6273.78,Festival Sale,26,09-08-2024,11-08-2024,71131100,3
09-08-2024,Sports Watch,Watches,6,4068.14,3662.39,24807.9,Festival Sale,20,09-08-2024,12-08-2024,91021100,18
09-08-2024,Sports Sunglasses,Sunglasses,1,3303.25,1768.93,3277.32,No Promotion,0,09-08-2024,11-08-2024,90041000,12
09-08-2024,Scrunchie Pack,Hair Accessories,4,1048.77,645.62,4128.96,Seasonal Offer,14,09-08-2024,14-08-2024,96151900,18
09-08-2024,Headband,Hair Accessories,4,470.12,331.32,1916.8,Festival Sale,28,09-08-2024,13-08-2024,96151900,18
09-08-2024,Aviator Sunglasses,Sunglasses,3,3332.73,2407.43,9977.7,Festival Sale,21,09-08-2024,15-08-2024,90041000,12
09-08-2024,Sports Watch,Watches,3,7418.04,4132.47,22162.05,No Promotion,0,09-08-2024,14-08-2024,91021100,18
09-08-2024,Cotton Scarf,Scarves,2,2378.61,1171.82,4717.62,No Promotion,0,09-08-2024,13-08-2024,62143000,12
09-08-2024,Hair Clip Set,Hair Accessories,9,796.85,500.9,7204.59,No Promotion,0,09-08-2024,13-08-2024,96151900,18
09-08-2024,Digital Watch,Watches,4,6219.44,3183.47,24564.6,No Promotion,0,09-08-2024,11-08-2024,91021100,18
10-08-2024,Sports Watch,Watches,2,8065.37,3871.7,16105.04,No Promotion,0,10-08-2024,13-08-2024,91021100,18
10-08-2024,Aviator Sunglasses,Sunglasses,3,852.36,1227.45,2566.44,Clearance Sale,52,10-08-2024,17-08-2024,90041000,12
10-08-2024,Winter Wool Scarf,Scarves,5,830.02,591.96,4114,Festival Sale,27,10-08-2024,12-08-2024,62143000,12
10-08-2024,Winter Wool Scarf,Scarves,3,1723.7,1407.95,5084.19,Festival Sale,19,10-08-2024,14-08-2024,62143000,12
10-08-2024,Cat Eye Sunglasses,Sunglasses,4,2407.08,2411.91,9509.64,Clearance Sale,44,10-08-2024,15-08-2024,90041000,12
10-08-2024,Charm Bracelet,Jewelry,3,2398.15,1526.72,7072.62,No Promotion,0,10-08-2024,16-08-2024,71131100,3
10-08-2024,Western Belt,Belts,7,1306.69,606.12,9233.28,No Promotion,0,10-08-2024,14-08-2024,42033000,18
10-08-2024,Sports Sunglasses,Sunglasses,1,2290.65,1616.71,2326.15,No Promotion,0,10-08-2024,13-08-2024,90041000,12
10-08-2024,Digital Watch,Watches,7,6748.65,4571.57,47175.73,No Promotion,0,10-08-2024,16-08-2024,91021100,18
10-08-2024,Gold Plated Earrings,Jewelry,4,5053.89,2823.15,20590.8,No Promotion,0,10-08-2024,11-08-2024,71131100,3
10-08-2024,Charm Bracelet,Jewelry,8,1702.68,1428.78,13526.96,Flash Sale,28,10-08-2024,14-08-2024,71131100,3
10-08-2024,Cat Eye Sunglasses,Sunglasses,7,2008.9,1581.25,14210.07,Festival Sale,19,10-08-2024,15-08-2024,90041000,12
10-08-2024,Charm Bracelet,Jewelry,2,4191.64,2024.53,8398.62,No Promotion,0,10-08-2024,12-08-2024,71131100,3
10-08-2024,Sports Watch,Watches,4,7537.56,5536.21,29963.8,Seasonal Offer,11,10-08-2024,13-08-2024,91021100,18
10-08-2024,Clutch Purse,Handbags,6,5985.36,3185.56,35936.46,No Promotion,0,10-08-2024,17-08-2024,42022290,18
10-08-2024,Shoulder Bag,Handbags,5,4806.57,2299.98,24289.3,No Promotion,0,10-08-2024,14-08-2024,42022290,18
10-08-2024,Smart Watch,Watches,4,3646.22,2389.19,14366.28,No Promotion,0,10-08-2024,13-08-2024,91021100,18
10-08-2024,Shoulder Bag,Handbags,1,3922.19,4320.91,3881.12,Clearance Sale,53,10-08-2024,16-08-2024,42022290,18
10-08-2024,Fabric Belt,Belts,1,1532.75,1119.73,1526.58,Festival Sale,25,10-08-2024,11-08-2024,42033000,18
10-08-2024,Cat Eye Sunglasses,Sunglasses,2,1663.72,1873.45,3301.22,Clearance Sale,56,10-08-2024,15-08-2024,90041000,12
10-08-2024,Smart Watch,Watches,4,7299.21,4792.74,29296.08,Flash Sale,26,10-08-2024,17-08-2024,91021100,18
10-08-2024,Turban,Hair Accessories,9,564.74,719.22,5108.04,Clearance Sale,45,10-08-2024,13-08-2024,96151900,18
12-08-2024,Leather Tote Bag,Handbags,4,2282.68,1803.35,9256.56,Festival Sale,18,12-08-2024,16-08-2024,42022290,18
12-08-2024,Digital Watch,Watches,1,6907.35,4712.14,6824.48,Flash Sale,31,12-08-2024,16-08-2024,91021100,18
12-08-2024,Fabric Belt,Belts,1,2173.75,1710.36,2184.14,Seasonal Offer,19,12-08-2024,19-08-2024,42033000,18
12-08-2024,Turban,Hair Accessories,3,1470.34,771.97,4377.36,No Promotion,0,12-08-2024,13-08-2024,96151900,18
12-08-2024,Leather Belt,Belts,3,1050.25,811.23,3176.16,Seasonal Offer,13,12-08-2024,16-08-2024,42033000,18
12-08-2024,Silver Bracelet,Jewelry,2,4569.34,2242.02,9031.74,No Promotion,0,12-08-2024,18-08-2024,71131100,3
12-08-2024,Western Belt,Belts,2,1934.47,1183.15,3931.02,No Promotion,0,12-08-2024,13-08-2024,42033000,18
12-08-2024,Shoulder Bag,Handbags,4,6824.41,4264.88,27161.8,Festival Sale,25,12-08-2024,19-08-2024,42022290,18
12-08-2024,Clutch Purse,Handbags,3,5813.99,4460.7,17229.99,Festival Sale,20,12-08-2024,19-08-2024,42022290,18
12-08-2024,Headband,Hair Accessories,1,996.42,761.05,990.07,Festival Sale,15,12-08-2024,15-08-2024,96151900,18
12-08-2024,Cat Eye Sunglasses,Sunglasses,2,2226.47,1828.88,4418.28,Seasonal Offer,15,12-08-2024,16-08-2024,90041000,12
12-08-2024,Winter Wool Scarf,Scarves,1,1019.13,646.78,1018.07,Festival Sale,27,12-08-2024,13-08-2024,62143000,12
13-08-2024,Leather Tote Bag,Handbags,3,7519.69,3771.72,22505.94,No Promotion,0,13-08-2024,19-08-2024,42022290,18
13-08-2024,Smart Watch,Watches,3,7413.34,4400.36,22633.02,Festival Sale,16,13-08-2024,18-08-2024,91021100,18
13-08-2024,Winter Wool Scarf,Scarves,6,724.06,500.37,4388.1,No Promotion,0,13-08-2024,18-08-2024,62143000,12
13-08-2024,Crossbody Bag,Handbags,1,1356.36,1651.58,1344.43,Clearance Sale,53,13-08-2024,17-08-2024,42022290,18
13-08-2024,Printed Scarf,Scarves,2,1007.75,559.02,1980.22,No Promotion,0,13-08-2024,18-08-2024,62143000,12
13-08-2024,Oversized Sunglasses,Sunglasses,6,2514.68,2098.7,15062.88,Seasonal Offer,17,13-08-2024,17-08-2024,90041000,12
13-08-2024,Oversized Sunglasses,Sunglasses,5,3612.08,2130.5,17898.9,No Promotion,0,13-08-2024,16-08-2024,90041000,12
13-08-2024,Pashmina Shawl,Scarves,1,2195.11,1353.46,2179.11,No Promotion,0,13-08-2024,17-08-2024,62143000,12
13-08-2024,Gold Plated Earrings,Jewelry,5,2345.94,1425.3,11500,Festival Sale,24,13-08-2024,14-08-2024,71131100,3
13-08-2024,Cat Eye Sunglasses,Sunglasses,4,2942.87,1645.71,11634.2,No Promotion,0,13-08-2024,18-08-2024,90041000,12
13-08-2024,Charm Bracelet,Jewelry,2,4999.88,2746.63,9948.96,No Promotion,0,13-08-2024,20-08-2024,71131100,3
13-08-2024,Scrunchie Pack,Hair Accessories,3,370.48,315.26,1128.81,Festival Sale,26,13-08-2024,14-08-2024,96151900,18
13-08-2024,Western Belt,Belts,5,1227.16,951.76,6169.7,Seasonal Offer,12,13-08-2024,14-08-2024,42033000,18
13-08-2024,Leather Belt,Belts,2,2940.16,1965.69,5939.54,No Promotion,0,13-08-2024,15-08-2024,42033000,18
13-08-2024,Cotton Scarf,Scarves,3,740.67,773.39,2191.02,Flash Sale,37,13-08-2024,16-08-2024,62143000,12
14-08-2024,Digital Watch,Watches,2,9812.18,5916.84,19666.7,Seasonal Offer,19,14-08-2024,17-08-2024,91021100,18
14-08-2024,Dress Watch,Watches,4,3847.1,4436.41,15366.72,Clearance Sale,49,14-08-2024,20-08-2024,91021100,18
14-08-2024,Analog Watch,Watches,3,11433.61,5996.85,33674.73,No Promotion,0,14-08-2024,17-08-2024,91021100,18
14-08-2024,Shoulder Bag,Handbags,1,4545.05,3829.86,4484.65,Festival Sale,25,14-08-2024,17-08-2024,42022290,18
14-08-2024,Dress Watch,Watches,1,3132.22,2464.39,3096.32,Festival Sale,25,14-08-2024,21-08-2024,91021100,18
14-08-2024,Winter Wool Scarf,Scarves,2,852.16,640.97,1729.06,Flash Sale,37,14-08-2024,21-08-2024,62143000,12
14-08-2024,Gold Plated Earrings,Jewelry,1,4484.37,2748.32,4571.64,Seasonal Offer,17,14-08-2024,19-08-2024,71131100,3
14-08-2024,Scrunchie Pack,Hair Accessories,6,1281.55,596.04,7806.24,No Promotion,0,14-08-2024,21-08-2024,96151900,18
14-08-2024,Charm Bracelet,Jewelry,4,4098.57,1860.16,16238.2,No Promotion,0,14-08-2024,18-08-2024,71131100,3
14-08-2024,Charm Bracelet,Jewelry,3,1577.83,995.23,4750.47,No Promotion,0,14-08-2024,19-08-2024,71131100,3
14-08-2024,Headband,Hair Accessories,1,314.18,293.45,319.06,Festival Sale,29,14-08-2024,19-08-2024,96151900,18
14-08-2024,Silver Bracelet,Jewelry,5,1058.85,1249.86,5244.1,Clearance Sale,42,14-08-2024,19-08-2024,71131100,3
14-08-2024,Chain Belt,Belts,4,3118.02,1925.53,12626.32,No Promotion,0,14-08-2024,20-08-2024,42033000,18
14-08-2024,Round Frame,Sunglasses,3,1787.13,1720.04,5342.37,Clearance Sale,45,14-08-2024,17-08-2024,90041000,12
14-08-2024,Cotton Scarf,Scarves,4,1478.54,867.47,5857.56,No Promotion,0,14-08-2024,16-08-2024,62143000,12
14-08-2024,Smart Watch,Watches,4,8681.34,4076.77,34575.92,No Promotion,0,14-08-2024,19-08-2024,91021100,18
14-08-2024,Scrunchie Pack,Hair Accessories,2,1533.93,717.82,3008.46,No Promotion,0,14-08-2024,18-08-2024,96151900,18
14-08-2024,Aviator Sunglasses,Sunglasses,1,2929.22,1844.22,2936.95,No Promotion,0,14-08-2024,18-08-2024,90041000,12
14-08-2024,Sports Sunglasses,Sunglasses,3,1842.13,1856.29,5568.3,Flash Sale,36,14-08-2024,15-08-2024,90041000,12
14-08-2024,Analog Watch,Watches,1,7731.08,3678.53,7824.6,No Promotion,0,14-08-2024,17-08-2024,91021100,18
14-08-2024,Turban,Hair Accessories,4,506.46,766.71,2025.52,Clearance Sale,57,14-08-2024,17-08-2024,96151900,18
14-08-2024,Cat Eye Sunglasses,Sunglasses,2,3142.59,1966.92,6197.8,Seasonal Offer,14,14-08-2024,17-08-2024,90041000,12
14-08-2024,Headband,Hair Accessories,4,740.92,474.47,2911.64,Festival Sale,30,14-08-2024,20-08-2024,96151900,18
15-08-2024,Winter Wool Scarf,Scarves,1,895.11,1170.43,878.52,Clearance Sale,50,15-08-2024,16-08-2024,62143000,12
15-08-2024,Backpack Purse,Handbags,3,4039.72,2321.63,12103.98,No Promotion,0,15-08-2024,19-08-2024,42022290,18
15-08-2024,Waist Belt,Belts,3,1114.25,757.82,3328.74,No Promotion,0,15-08-2024,20-08-2024,42033000,18
15-08-2024,Leather Tote Bag,Handbags,5,3656.83,2005.76,18224.7,No Promotion,0,15-08-2024,21-08-2024,42022290,18
15-08-2024,Digital Watch,Watches,2,5664.11,4928.83,11343.66,Flash Sale,32,15-08-2024,17-08-2024,91021100,18
15-08-2024,Digital Watch,Watches,2,6273.68,3833.33,12724.36,No Promotion,0,15-08-2024,16-08-2024,91021100,18
15-08-2024,Oversized Sunglasses,Sunglasses,4,2836.43,1791.6,11546.4,Festival Sale,16,15-08-2024,18-08-2024,90041000,12
15-08-2024,Fabric Belt,Belts,1,1917.71,1012.9,1922.58,No Promotion,0,15-08-2024,16-08-2024,42033000,18
15-08-2024,Silk Scarf,Scarves,2,1143.74,1011.86,2316.56,Flash Sale,32,15-08-2024,17-08-2024,62143000,12
15-08-2024,Western Belt,Belts,5,1709.2,1357.5,8415.85,Flash Sale,25,15-08-2024,21-08-2024,42033000,18
15-08-2024,Scrunchie Pack,Hair Accessories,6,1193.56,761.94,7087.2,No Promotion,0,15-08-2024,18-08-2024,96151900,18
15-08-2024,Smart Watch,Watches,2,4670,3074.11,9295.98,Festival Sale,15,15-08-2024,18-08-2024,91021100,18
15-08-2024,Western Belt,Belts,1,1797.49,1149.3,1830.63,No Promotion,0,15-08-2024,18-08-2024,42033000,18
15-08-2024,Chain Belt,Belts,2,2332.74,1443.31,4642.78,Seasonal Offer,14,15-08-2024,17-08-2024,42033000,18
15-08-2024,Pearl Necklace,Jewelry,2,3866.26,2000.71,7695.26,No Promotion,0,15-08-2024,16-08-2024,71131100,3
15-08-2024,Digital Watch,Watches,3,6705.54,4698.02,20165.64,Festival Sale,20,15-08-2024,22-08-2024,91021100,18
15-08-2024,Aviator Sunglasses,Sunglasses,1,1297.3,1399.64,1289.17,Clearance Sale,43,15-08-2024,21-08-2024,90041000,12
15-08-2024,Shoulder Bag,Handbags,3,6607.12,4029.79,19541.58,No Promotion,0,15-08-2024,16-08-2024,42022290,18
15-08-2024,Headband,Hair Accessories,1,737.95,437.32,730.41,No Promotion,0,15-08-2024,20-08-2024,96151900,18
15-08-2024,Silk Scarf,Scarves,4,1172.26,799.11,4694.04,No Promotion,0,15-08-2024,17-08-2024,62143000,12
15-08-2024,Pashmina Shawl,Scarves,5,871.72,469.46,4400.45,No Promotion,0,15-08-2024,17-08-2024,62143000,12
15-08-2024,Round Frame,Sunglasses,2,4554.8,2341.1,9117.68,No Promotion,0,15-08-2024,18-08-2024,90041000,12
15-08-2024,Scrunchie Pack,Hair Accessories,3,345.87,266.08,1019.43,Festival Sale,25,15-08-2024,20-08-2024,96151900,18
16-08-2024,Silk Scarf,Scarves,6,1933.29,1055.1,11453.16,No Promotion,0,16-08-2024,18-08-2024,62143000,12
16-08-2024,Cotton Scarf,Scarves,11,1558.97,1212.04,17479.33,Seasonal Offer,19,16-08-2024,20-08-2024,62143000,12
16-08-2024,Hair Pin Set,Hair Accessories,10,540.87,292.72,5348.2,No Promotion,0,16-08-2024,21-08-2024,96151900,18
16-08-2024,Hair Clip Set,Hair Accessories,3,449.19,253.71,1365.57,No Promotion,0,16-08-2024,22-08-2024,96151900,18
16-08-2024,Headband,Hair Accessories,6,313.58,310.71,1876.14,Clearance Sale,40,16-08-2024,19-08-2024,96151900,18
16-08-2024,Round Frame,Sunglasses,6,2391.48,1411.64,14175.06,No Promotion,0,16-08-2024,18-08-2024,90041000,12
16-08-2024,Smart Watch,Watches,2,3620.07,2007.07,7222.44,No Promotion,0,16-08-2024,23-08-2024,91021100,18
16-08-2024,Cat Eye Sunglasses,Sunglasses,6,2695.33,1803.63,16234.44,No Promotion,0,16-08-2024,22-08-2024,90041000,12
16-08-2024,Pearl Necklace,Jewelry,4,2129.78,2668.53,8580.48,Clearance Sale,51,16-08-2024,19-08-2024,71131100,3
16-08-2024,Shoulder Bag,Handbags,6,7762.48,3696.65,46940.82,No Promotion,0,16-08-2024,22-08-2024,42022290,18
16-08-2024,Western Belt,Belts,3,1258.33,1182.02,3724.71,Clearance Sale,44,16-08-2024,18-08-2024,42033000,18
16-08-2024,Dress Watch,Watches,6,6358.39,5038.32,37660.68,Festival Sale,28,16-08-2024,21-08-2024,91021100,18
16-08-2024,Digital Watch,Watches,8,5745.83,3748.03,45379.68,Festival Sale,23,16-08-2024,18-08-2024,91021100,18
16-08-2024,Round Frame,Sunglasses,12,3414.35,1917.44,41331.36,No Promotion,0,16-08-2024,22-08-2024,90041000,12
16-08-2024,Oversized Sunglasses,Sunglasses,1,3101.01,1840.71,3064.37,No Promotion,0,16-08-2024,23-08-2024,90041000,12
16-08-2024,Statement Necklace,Jewelry,10,2267.93,1093.45,23107.6,No Promotion,0,16-08-2024,17-08-2024,71131100,3
16-08-2024,Shoulder Bag,Handbags,3,2771.23,1876.46,8412.48,Festival Sale,26,16-08-2024,22-08-2024,42022290,18
16-08-2024,Gold Plated Earrings,Jewelry,9,1906.51,1276.35,17148.6,No Promotion,0,16-08-2024,22-08-2024,71131100,3
16-08-2024,Fabric Belt,Belts,6,1301.51,947.98,7838.28,Festival Sale,16,16-08-2024,21-08-2024,42033000,18
16-08-2024,Digital Watch,Watches,2,8537.45,5949.47,17344.16,No Promotion,0,16-08-2024,23-08-2024,91021100,18
16-08-2024,Smart Watch,Watches,7,2269.81,1663.33,16185.4,Seasonal Offer,12,16-08-2024,21-08-2024,91021100,18
16-08-2024,Backpack Purse,Handbags,6,1959.46,1353.69,11704.74,No Promotion,0,16-08-2024,19-08-2024,42022290,18
16-08-2024,Round Frame,Sunglasses,7,2370.7,1745.88,16719.64,Festival Sale,25,16-08-2024,20-08-2024,90041000,12
16-08-2024,Silver Bracelet,Jewelry,8,2813.56,1559.98,22952.88,Seasonal Offer,11,16-08-2024,23-08-2024,71131100,3
17-08-2024,Hair Pin Set,Hair Accessories,5,740.27,591.83,3711.6,Seasonal Offer,19,17-08-2024,20-08-2024,96151900,18
17-08-2024,Gold Plated Earrings,Jewelry,4,5220.24,2501.84,21043.6,No Promotion,0,17-08-2024,19-08-2024,71131100,3
17-08-2024,Western Belt,Belts,2,1569.75,1009.12,3129.9,Seasonal Offer,15,17-08-2024,21-08-2024,42033000,18
17-08-2024,Shoulder Bag,Handbags,7,4054.78,3602.66,27903.75,Flash Sale,31,17-08-2024,19-08-2024,42022290,18
17-08-2024,Winter Wool Scarf,Scarves,1,663.25,762.65,668.39,Clearance Sale,52,17-08-2024,19-08-2024,62143000,12
17-08-2024,Turban,Hair Accessories,4,468.74,265.5,1838.4,Seasonal Offer,10,17-08-2024,21-08-2024,96151900,18
17-08-2024,Silk Scarf,Scarves,10,535.52,681.74,5445.4,Clearance Sale,54,17-08-2024,24-08-2024,62143000,12
17-08-2024,Winter Wool Scarf,Scarves,9,2221.09,1487.06,20324.52,Festival Sale,26,17-08-2024,20-08-2024,62143000,12
17-08-2024,Analog Watch,Watches,7,7042.86,4646.74,48883.59,No Promotion,0,17-08-2024,18-08-2024,91021100,18
17-08-2024,Aviator Sunglasses,Sunglasses,7,2981.29,1874.51,20663.51,No Promotion,0,17-08-2024,18-08-2024,90041000,12
17-08-2024,Cat Eye Sunglasses,Sunglasses,3,3580.41,2365.37,10774.47,Festival Sale,29,17-08-2024,19-08-2024,90041000,12
17-08-2024,Cotton Scarf,Scarves,2,2935.52,1434.94,5921.72,No Promotion,0,17-08-2024,18-08-2024,62143000,12
17-08-2024,Fabric Belt,Belts,7,2033.93,1442.09,14072.03,Seasonal Offer,19,17-08-2024,23-08-2024,42033000,18
17-08-2024,Oversized Sunglasses,Sunglasses,3,1880.77,1102.1,5541.18,No Promotion,0,17-08-2024,22-08-2024,90041000,12
17-08-2024,Dress Watch,Watches,4,3219.3,1778.03,12629.72,No Promotion,0,17-08-2024,24-08-2024,91021100,18
19-08-2024,Dress Watch,Watches,3,8811.11,5311.35,26291.94,No Promotion,0,19-08-2024,26-08-2024,91021100,18
19-08-2024,Hair Pin Set,Hair Accessories,4,860.11,661.5,3407.72,Festival Sale,28,19-08-2024,21-08-2024,96151900,18
19-08-2024,Silk Scarf,Scarves,4,1965,1195.92,7759.96,Seasonal Offer,14,19-08-2024,25-08-2024,62143000,12
19-08-2024,Digital Watch,Watches,3,7772.42,4178.03,23041.8,No Promotion,0,19-08-2024,20-08-2024,91021100,18
19-08-2024,Western Belt,Belts,3,2573.49,1514.32,7571.04,No Promotion,0,19-08-2024,26-08-2024,42033000,18
19-08-2024,Fabric Belt,Belts,3,1604.61,974.83,4754.79,No Promotion,0,19-08-2024,20-08-2024,42033000,18
19-08-2024,Statement Necklace,Jewelry,7,1151.14,881.07,8005.9,Festival Sale,19,19-08-2024,23-08-2024,71131100,3
19-08-2024,Winter Wool Scarf,Scarves,1,747.69,443.23,751.41,Seasonal Offer,10,19-08-2024,25-08-2024,62143000,12
19-08-2024,Headband,Hair Accessories,4,796.49,599.31,3173.52,Festival Sale,29,19-08-2024,23-08-2024,96151900,18
19-08-2024,Oversized Sunglasses,Sunglasses,5,833.46,1060.85,4104.85,Clearance Sale,48,19-08-2024,24-08-2024,90041000,12
19-08-2024,Turban,Hair Accessories,3,595.09,471.5,1799.28,Flash Sale,40,19-08-2024,21-08-2024,96151900,18
19-08-2024,Digital Watch,Watches,1,6272.16,5460.26,6392.17,Festival Sale,27,19-08-2024,21-08-2024,91021100,18
19-08-2024,Aviator Sunglasses,Sunglasses,4,1361.63,1400.13,5484.44,Clearance Sale,54,19-08-2024,26-08-2024,90041000,12
19-08-2024,Analog Watch,Watches,1,6467.88,3894.08,6350.96,No Promotion,0,19-08-2024,23-08-2024,91021100,18
19-08-2024,Charm Bracelet,Jewelry,1,1665.88,2260.56,1646.51,Clearance Sale,50,19-08-2024,22-08-2024,71131100,3
19-08-2024,Aviator Sunglasses,Sunglasses,2,1436.4,936.19,2909.2,Seasonal Offer,17,19-08-2024,20-08-2024,90041000,12
19-08-2024,Gold Plated Earrings,Jewelry,1,2134.06,2897.45,2176.55,Clearance Sale,53,19-08-2024,26-08-2024,71131100,3
19-08-2024,Cat Eye Sunglasses,Sunglasses,3,1503.54,1138.7,4480.32,Festival Sale,30,19-08-2024,20-08-2024,90041000,12
19-08-2024,Backpack Purse,Handbags,7,2352.66,1249.5,16416.75,No Promotion,0,19-08-2024,22-08-2024,42022290,18
19-08-2024,Pashmina Shawl,Scarves,4,799.01,1239.94,3250.24,Clearance Sale,55,19-08-2024,22-08-2024,62143000,12
19-08-2024,Backpack Purse,Handbags,5,4447.06,2752,21828.4,No Promotion,0,19-08-2024,25-08-2024,42022290,18
20-08-2024,Sports Sunglasses,Sunglasses,3,2682.25,1482.71,8009.01,No Promotion,0,20-08-2024,26-08-2024,90041000,12
20-08-2024,Digital Watch,Watches,3,3132.38,1921.19,9340.53,No Promotion,0,20-08-2024,24-08-2024,91021100,18
20-08-2024,Backpack Purse,Handbags,3,2817.44,1582.53,8334.45,No Promotion,0,20-08-2024,24-08-2024,42022290,18
20-08-2024,Turban,Hair Accessories,1,668.77,400.51,673.16,No Promotion,0,20-08-2024,25-08-2024,96151900,18
20-08-2024,Smart Watch,Watches,4,6686.27,3847.9,26682.92,No Promotion,0,20-08-2024,21-08-2024,91021100,18
20-08-2024,Silk Scarf,Scarves,1,723.31,609.21,721.11,Festival Sale,21,20-08-2024,21-08-2024,62143000,12
20-08-2024,Sports Sunglasses,Sunglasses,4,2238.47,1502.83,8789.56,No Promotion,0,20-08-2024,22-08-2024,90041000,12
20-08-2024,Leather Belt,Belts,6,2454.42,1402.13,14946.84,No Promotion,0,20-08-2024,24-08-2024,42033000,18
20-08-2024,Oversized Sunglasses,Sunglasses,4,4392.05,2472.14,17388.12,Seasonal Offer,10,20-08-2024,25-08-2024,90041000,12
20-08-2024,Sports Sunglasses,Sunglasses,1,2540.43,1596.85,2532.82,Festival Sale,27,20-08-2024,26-08-2024,90041000,12
20-08-2024,Sports Watch,Watches,3,7068.28,5790.31,20915.88,Festival Sale,27,20-08-2024,23-08-2024,91021100,18
20-08-2024,Charm Bracelet,Jewelry,5,1315.71,884.18,6492.35,Festival Sale,30,20-08-2024,24-08-2024,71131100,3
20-08-2024,Aviator Sunglasses,Sunglasses,1,1334.42,1736.07,1360.98,Clearance Sale,52,20-08-2024,27-08-2024,90041000,12
21-08-2024,Aviator Sunglasses,Sunglasses,4,1137.21,1398.82,4593.6,Clearance Sale,47,21-08-2024,28-08-2024,90041000,12
21-08-2024,Aviator Sunglasses,Sunglasses,3,1549.64,967.02,4709.04,No Promotion,0,21-08-2024,26-08-2024,90041000,12
21-08-2024,Analog Watch,Watches,2,5317.21,3934.14,10650.74,Festival Sale,24,21-08-2024,22-08-2024,91021100,18
21-08-2024,Shoulder Bag,Handbags,2,5851.57,2923.95,11516.44,No Promotion,0,21-08-2024,22-08-2024,42022290,18
21-08-2024,Western Belt,Belts,3,1109.3,627.19,3395.13,No Promotion,0,21-08-2024,24-08-2024,42033000,18
21-08-2024,Shoulder Bag,Handbags,4,2505.02,3062.39,10024.8,Clearance Sale,45,21-08-2024,26-08-2024,42022290,18
21-08-2024,Shoulder Bag,Handbags,3,6625.21,3660.86,19574.34,No Promotion,0,21-08-2024,26-08-2024,42022290,18
21-08-2024,Headband,Hair Accessories,2,508.07,250.68,999.1,No Promotion,0,21-08-2024,26-08-2024,96151900,18
21-08-2024,Digital Watch,Watches,7,4443.66,2861.73,30911.16,Festival Sale,29,21-08-2024,26-08-2024,91021100,18
21-08-2024,Cat Eye Sunglasses,Sunglasses,6,2260.39,1834.82,13385.76,Festival Sale,15,21-08-2024,25-08-2024,90041000,12
21-08-2024,Shoulder Bag,Handbags,6,2400.56,1355.17,14505.42,Festival Sale,18,21-08-2024,23-08-2024,42022290,18
21-08-2024,Oversized Sunglasses,Sunglasses,5,1828.57,1043.32,9221.8,Festival Sale,16,21-08-2024,26-08-2024,90041000,12
21-08-2024,Statement Necklace,Jewelry,2,1862.32,1468.9,3793.04,Clearance Sale,40,21-08-2024,23-08-2024,71131100,3
21-08-2024,Waist Belt,Belts,3,1659.46,874.83,4977.75,Seasonal Offer,10,21-08-2024,28-08-2024,42033000,18
21-08-2024,Hair Pin Set,Hair Accessories,3,215.81,263.52,648.57,Clearance Sale,48,21-08-2024,22-08-2024,96151900,18
21-08-2024,Oversized Sunglasses,Sunglasses,2,1479.17,1079.38,2973.58,Festival Sale,30,21-08-2024,22-08-2024,90041000,12
22-08-2024,Round Frame,Sunglasses,1,3231.09,2432.33,3281.85,Festival Sale,21,22-08-2024,24-08-2024,90041000,12
22-08-2024,Hair Clip Set,Hair Accessories,4,317.37,222.98,1283.32,No Promotion,0,22-08-2024,25-08-2024,96151900,18
22-08-2024,Hair Clip Set,Hair Accessories,6,362.78,215.26,2202.78,Festival Sale,22,22-08-2024,23-08-2024,96151900,18
22-08-2024,Silk Scarf,Scarves,2,1152.28,1294.99,2264.34,Clearance Sale,40,22-08-2024,23-08-2024,62143000,12
22-08-2024,Oversized Sunglasses,Sunglasses,7,2024.43,1351.35,13911.45,No Promotion,0,22-08-2024,25-08-2024,90041000,12
22-08-2024,Turban,Hair Accessories,1,968.22,745.81,987.84,Seasonal Offer,19,22-08-2024,27-08-2024,96151900,18
22-08-2024,Leather Belt,Belts,3,2166.69,1727.74,6586.86,Festival Sale,16,22-08-2024,24-08-2024,42033000,18
22-08-2024,Cat Eye Sunglasses,Sunglasses,1,1539.44,954.56,1515.87,Festival Sale,21,22-08-2024,26-08-2024,90041000,12
22-08-2024,Winter Wool Scarf,Scarves,4,1925.95,1341.89,7848.72,Seasonal Offer,14,22-08-2024,27-08-2024,62143000,12
22-08-2024,Waist Belt,Belts,2,2620.36,1497.61,5149.38,No Promotion,0,22-08-2024,28-08-2024,42033000,18
22-08-2024,Hair Clip Set,Hair Accessories,1,1119.84,629.94,1125.24,Seasonal Offer,18,22-08-2024,25-08-2024,96151900,18
22-08-2024,Sports Sunglasses,Sunglasses,5,1885.23,2236.63,9411.6,Clearance Sale,44,22-08-2024,23-08-2024,90041000,12
22-08-2024,Analog Watch,Watches,6,6444.33,4103.12,38262.18,Festival Sale,29,22-08-2024,29-08-2024,91021100,18
22-08-2024,Digital Watch,Watches,3,9956.43,5413.79,30178.44,No Promotion,0,22-08-2024,26-08-2024,91021100,18
22-08-2024,Headband,Hair Accessories,3,1025.61,559.11,3126.78,No Promotion,0,22-08-2024,27-08-2024,96151900,18
22-08-2024,Headband,Hair Accessories,6,718.39,578.56,4257.54,Seasonal Offer,17,22-08-2024,26-08-2024,96151900,18
22-08-2024,Sports Watch,Watches,1,3445.28,1813.39,3379.76,No Promotion,0,22-08-2024,29-08-2024,91021100,18
22-08-2024,Printed Scarf,Scarves,2,631.62,463.28,1255.26,Festival Sale,24,22-08-2024,26-08-2024,62143000,12
22-08-2024,Western Belt,Belts,3,2280.16,1529.11,6752.64,Festival Sale,19,22-08-2024,26-08-2024,42033000,18
22-08-2024,Western Belt,Belts,3,1956.84,1192.07,5768.7,Festival Sale,21,22-08-2024,26-08-2024,42033000,18
23-08-2024,Winter Wool Scarf,Scarves,5,1341.43,837.56,6780.75,No Promotion,0,23-08-2024,30-08-2024,62143000,12
23-08-2024,Fabric Belt,Belts,3,2363.95,1162.97,7134.54,No Promotion,0,23-08-2024,24-08-2024,42033000,18
23-08-2024,Silver Bracelet,Jewelry,1,3491.18,1789.86,3530.86,No Promotion,0,23-08-2024,30-08-2024,71131100,3
23-08-2024,Turban,Hair Accessories,2,918.71,456.35,1870.2,No Promotion,0,23-08-2024,24-08-2024,96151900,18
23-08-2024,Statement Necklace,Jewelry,3,1642.64,971.49,4882.56,Festival Sale,16,23-08-2024,25-08-2024,71131100,3
23-08-2024,Pearl Necklace,Jewelry,1,3165.81,2878.04,3211.33,Flash Sale,40,23-08-2024,25-08-2024,71131100,3
23-08-2024,Waist Belt,Belts,4,1543.53,1030.09,6276.36,No Promotion,0,23-08-2024,27-08-2024,42033000,18
23-08-2024,Winter Wool Scarf,Scarves,5,1310.91,731.07,6592.1,Seasonal Offer,16,23-08-2024,24-08-2024,62143000,12
23-08-2024,Scrunchie Pack,Hair Accessories,1,731.73,633.59,744.82,Festival Sale,20,23-08-2024,28-08-2024,96151900,18
23-08-2024,Fabric Belt,Belts,3,1012.25,726.73,3076.17,Festival Sale,28,23-08-2024,28-08-2024,42033000,18
23-08-2024,Headband,Hair Accessories,5,683.97,411.24,3479.7,No Promotion,0,23-08-2024,28-08-2024,96151900,18
23-08-2024,Leather Tote Bag,Handbags,4,4446.98,2913.11,17523.48,No Promotion,0,23-08-2024,30-08-2024,42022290,18
23-08-2024,Headband,Hair Accessories,3,1041.9,691.91,3091.11,Seasonal Offer,16,23-08-2024,24-08-2024,96151900,18
23-08-2024,Smart Watch,Watches,3,8202.85,3745.16,24259.68,No Promotion,0,23-08-2024,29-08-2024,91021100,18
23-08-2024,Winter Wool Scarf,Scarves,3,1066.08,1054.19,3151.8,Clearance Sale,45,23-08-2024,29-08-2024,62143000,12
23-08-2024,Turban,Hair Accessories,3,400.78,492.66,1181.34,Clearance Sale,58,23-08-2024,29-08-2024,96151900,18
23-08-2024,Scrunchie Pack,Hair Accessories,2,1128.77,621.66,2286.2,No Promotion,0,23-08-2024,29-08-2024,96151900,18
24-08-2024,Winter Wool Scarf,Scarves,6,1408.31,703.84,8316.78,No Promotion,0,24-08-2024,31-08-2024,62143000,12
24-08-2024,Silk Scarf,Scarves,8,972.53,582.13,7772.48,No Promotion,0,24-08-2024,25-08-2024,62143000,12
24-08-2024,Scrunchie Pack,Hair Accessories,2,255.12,290.35,517.14,Clearance Sale,40,24-08-2024,31-08-2024,96151900,18
24-08-2024,Silver Bracelet,Jewelry,4,2120.03,2143.41,8427.6,Clearance Sale,48,24-08-2024,27-08-2024,71131100,3
24-08-2024,Sports Sunglasses,Sunglasses,5,1707.01,1833.06,8594.5,Clearance Sale,47,24-08-2024,26-08-2024,90041000,12
24-08-2024,Western Belt,Belts,1,2462.7,1301.5,2508.2,No Promotion,0,24-08-2024,27-08-2024,42033000,18
24-08-2024,Waist Belt,Belts,6,1100.35,1420.06,6715.26,Clearance Sale,52,24-08-2024,28-08-2024,42033000,18
24-08-2024,Sports Watch,Watches,6,3706.48,3329.53,22306.92,Festival Sale,23,24-08-2024,28-08-2024,91021100,18
24-08-2024,Cat Eye Sunglasses,Sunglasses,3,3279.28,1979.14,9711.03,No Promotion,0,24-08-2024,29-08-2024,90041000,12
24-08-2024,Aviator Sunglasses,Sunglasses,3,1269.04,1935.31,3836.13,Clearance Sale,59,24-08-2024,29-08-2024,90041000,12
24-08-2024,Western Belt,Belts,2,1551.01,994.33,3069.34,Festival Sale,17,24-08-2024,26-08-2024,42033000,18
24-08-2024,Sports Sunglasses,Sunglasses,2,3340.35,2428.77,6801.56,Festival Sale,23,24-08-2024,28-08-2024,90041000,12
24-08-2024,Sports Watch,Watches,8,5838.2,4787.66,46904.96,Seasonal Offer,17,24-08-2024,30-08-2024,91021100,18
24-08-2024,Aviator Sunglasses,Sunglasses,2,1035.93,929.36,2103.2,Flash Sale,33,24-08-2024,29-08-2024,90041000,12
24-08-2024,Sports Watch,Watches,2,7046.43,3682.74,13890.86,No Promotion,0,24-08-2024,31-08-2024,91021100,18
24-08-2024,Oversized Sunglasses,Sunglasses,2,3108.76,2308.1,6103.28,Festival Sale,26,24-08-2024,28-08-2024,90041000,12
24-08-2024,Pearl Necklace,Jewelry,5,4348.47,2068.05,21895.1,No Promotion,0,24-08-2024,26-08-2024,71131100,3
24-08-2024,Cotton Scarf,Scarves,5,1043.46,682.36,5117.25,No Promotion,0,24-08-2024,29-08-2024,62143000,12
26-08-2024,Pearl Necklace,Jewelry,2,2456.31,2670.33,4863.54,Clearance Sale,43,26-08-2024,27-08-2024,71131100,3
26-08-2024,Winter Wool Scarf,Scarves,2,1781.86,1007.05,3636.26,No Promotion,0,26-08-2024,27-08-2024,62143000,12
26-08-2024,Turban,Hair Accessories,7,1034.27,535.61,7244.16,No Promotion,0,26-08-2024,27-08-2024,96151900,18
26-08-2024,Scrunchie Pack,Hair Accessories,2,947.3,733.96,1869.62,Seasonal Offer,10,26-08-2024,01-09-2024,96151900,18
26-08-2024,Pearl Necklace,Jewelry,2,4673.17,2746.39,9333.7,Seasonal Offer,13,26-08-2024,28-08-2024,71131100,3
26-08-2024,Leather Belt,Belts,3,680.69,734.02,2037.99,Clearance Sale,57,26-08-2024,30-08-2024,42033000,18
26-08-2024,Pashmina Shawl,Scarves,6,1201.34,628.8,7223.16,No Promotion,0,26-08-2024,29-08-2024,62143000,12
26-08-2024,Hair Clip Set,Hair Accessories,7,869.13,552.63,6109.53,No Promotion,0,26-08-2024,31-08-2024,96151900,18
26-08-2024,Cat Eye Sunglasses,Sunglasses,2,2327.08,2453.92,4743.84,Clearance Sale,56,26-08-2024,30-08-2024,90041000,12
26-08-2024,Leather Belt,Belts,1,1886.45,968.41,1877.31,No Promotion,0,26-08-2024,31-08-2024,42033000,18
26-08-2024,Sports Watch,Watches,5,3161.15,4689.28,15638.9,Clearance Sale,55,26-08-2024,01-09-2024,91021100,18
26-08-2024,Crossbody Bag,Handbags,1,4120.57,3337.81,4073.29,Festival Sale,19,26-08-2024,01-09-2024,42022290,18
27-08-2024,Printed Scarf,Scarves,5,1199.02,1075.98,5965.35,Festival Sale,25,27-08-2024,29-08-2024,62143000,12
27-08-2024,Pashmina Shawl,Scarves,4,372.94,482.92,1501.28,Clearance Sale,46,27-08-2024,01-09-2024,62143000,12
27-08-2024,Leather Tote Bag,Handbags,1,6829.48,4213.45,6962.43,No Promotion,0,27-08-2024,30-08-2024,42022290,18
27-08-2024,Crossbody Bag,Handbags,3,4341.98,3728.49,12822.93,Festival Sale,30,27-08-2024,30-08-2024,42022290,18
27-08-2024,Western Belt,Belts,1,1205.11,747.55,1208.54,No Promotion,0,27-08-2024,02-09-2024,42033000,18
27-08-2024,Pearl Necklace,Jewelry,2,1946.85,1893.69,3878,Flash Sale,35,27-08-2024,02-09-2024,71131100,3
27-08-2024,Statement Necklace,Jewelry,2,3458.89,2223.24,7003.34,No Promotion,0,27-08-2024,03-09-2024,71131100,3
27-08-2024,Scrunchie Pack,Hair Accessories,1,500.33,405,507.6,Seasonal Offer,18,27-08-2024,31-08-2024,96151900,18
27-08-2024,Statement Necklace,Jewelry,1,1732.13,1572.89,1761.24,Clearance Sale,47,27-08-2024,02-09-2024,71131100,3
27-08-2024,Oversized Sunglasses,Sunglasses,3,1238.27,1667.35,3670.95,Clearance Sale,55,27-08-2024,02-09-2024,90041000,12
27-08-2024,Hair Pin Set,Hair Accessories,4,711.5,406.3,2829.44,No Promotion,0,27-08-2024,30-08-2024,96151900,18
27-08-2024,Charm Bracelet,Jewelry,3,822.57,911.83,2455.8,Clearance Sale,57,27-08-2024,02-09-2024,71131100,3
27-08-2024,Backpack Purse,Handbags,4,2634.16,2971.54,10362.8,Clearance Sale,60,27-08-2024,01-09-2024,42022290,18
27-08-2024,Backpack Purse,Handbags,2,5191.74,3122.2,10527.2,Seasonal Offer,12,27-08-2024,02-09-2024,42022290,18
27-08-2024,Clutch Purse,Handbags,4,3448.83,2212.3,13979.72,Festival Sale,20,27-08-2024,02-09-2024,42022290,18
27-08-2024,Shoulder Bag,Handbags,5,1719.34,1284.44,8704.8,Festival Sale,29,27-08-2024,28-08-2024,42022290,18
27-08-2024,Sports Sunglasses,Sunglasses,4,1047.02,1001.21,4200.96,Flash Sale,38,27-08-2024,31-08-2024,90041000,12
27-08-2024,Dress Watch,Watches,3,5161.27,3724.94,15255.45,Festival Sale,19,27-08-2024,31-08-2024,91021100,18
27-08-2024,Hair Clip Set,Hair Accessories,8,207.79,213.26,1637.36,Clearance Sale,43,27-08-2024,28-08-2024,96151900,18
28-08-2024,Printed Scarf,Scarves,3,726,420.49,2170.14,Seasonal Offer,11,28-08-2024,29-08-2024,62143000,12
28-08-2024,Sports Watch,Watches,1,2512.88,1512.28,2497.08,No Promotion,0,28-08-2024,31-08-2024,91021100,18
28-08-2024,Charm Bracelet,Jewelry,3,3893.27,2222.92,11496.9,No Promotion,0,28-08-2024,02-09-2024,71131100,3
28-08-2024,Headband,Hair Accessories,3,379.35,386.24,1132.41,Clearance Sale,45,28-08-2024,30-08-2024,96151900,18
28-08-2024,Silver Bracelet,Jewelry,4,1711.29,2160.29,6919.96,Clearance Sale,45,28-08-2024,02-09-2024,71131100,3
28-08-2024,Western Belt,Belts,3,1332.2,990.02,3964.11,Seasonal Offer,17,28-08-2024,03-09-2024,42033000,18
28-08-2024,Scrunchie Pack,Hair Accessories,1,959.11,584.8,948.87,No Promotion,0,28-08-2024,29-08-2024,96151900,18
28-08-2024,Chain Belt,Belts,3,1596.01,1312.92,4762.26,Festival Sale,19,28-08-2024,31-08-2024,42033000,18
28-08-2024,Sports Sunglasses,Sunglasses,3,2566.69,1991.4,7770.45,Flash Sale,36,28-08-2024,29-08-2024,90041000,12
28-08-2024,Turban,Hair Accessories,2,1059.38,773.39,2127.28,Festival Sale,21,28-08-2024,01-09-2024,96151900,18
28-08-2024,Sports Watch,Watches,1,3856.41,2110.71,3860.95,Seasonal Offer,13,28-08-2024,30-08-2024,91021100,18
28-08-2024,Smart Watch,Watches,2,3509.43,4629.8,7119.88,Clearance Sale,60,28-08-2024,04-09-2024,91021100,18
28-08-2024,Fabric Belt,Belts,5,1111.56,676.66,5568.45,Seasonal Offer,16,28-08-2024,29-08-2024,42033000,18
28-08-2024,Cotton Scarf,Scarves,4,436.98,453.78,1771.92,Clearance Sale,54,28-08-2024,02-09-2024,62143000,12
28-08-2024,Backpack Purse,Handbags,4,1752.47,1539.29,7010.04,Clearance Sale,43,28-08-2024,03-09-2024,42022290,18
28-08-2024,Pearl Necklace,Jewelry,3,1092.35,1633.87,3337.02,Clearance Sale,53,28-08-2024,29-08-2024,71131100,3
28-08-2024,Cat Eye Sunglasses,Sunglasses,2,3670.09,1955.1,7210.8,Seasonal Offer,15,28-08-2024,29-08-2024,90041000,12
28-08-2024,Pearl Necklace,Jewelry,1,1722.06,887.08,1739.71,No Promotion,0,28-08-2024,03-09-2024,71131100,3
28-08-2024,Aviator Sunglasses,Sunglasses,1,2207.05,1293.73,2209.97,Festival Sale,21,28-08-2024,29-08-2024,90041000,12
28-08-2024,Winter Wool Scarf,Scarves,4,2423.63,1412.68,9879.16,Festival Sale,18,28-08-2024,03-09-2024,62143000,12
28-08-2024,Headband,Hair Accessories,3,574.91,563.37,1746.18,Clearance Sale,41,28-08-2024,01-09-2024,96151900,18
28-08-2024,Smart Watch,Watches,4,10422.61,5581.26,41370.64,No Promotion,0,28-08-2024,30-08-2024,91021100,18
28-08-2024,Clutch Purse,Handbags,3,4386.74,2232.82,13367.79,No Promotion,0,28-08-2024,03-09-2024,42022290,18
29-08-2024,Leather Tote Bag,Handbags,7,7855.57,4389.1,54708.57,No Promotion,0,29-08-2024,01-09-2024,42022290,18
29-08-2024,Digital Watch,Watches,4,2208.71,2069.09,9014.4,Clearance Sale,46,29-08-2024,31-08-2024,91021100,18
29-08-2024,Leather Belt,Belts,3,2296.19,1220.72,6898.23,No Promotion,0,29-08-2024,31-08-2024,42033000,18
29-08-2024,Winter Wool Scarf,Scarves,2,2238.81,1267.91,4438.32,Seasonal Offer,16,29-08-2024,01-09-2024,62143000,12
29-08-2024,Charm Bracelet,Jewelry,5,2673.72,1518.19,13144.45,No Promotion,0,29-08-2024,01-09-2024,71131100,3
29-08-2024,Clutch Purse,Handbags,5,5009.22,4313.2,25053.3,Festival Sale,24,29-08-2024,03-09-2024,42022290,18
29-08-2024,Winter Wool Scarf,Scarves,3,2060.84,1280.28,6099.45,No Promotion,0,29-08-2024,01-09-2024,62143000,12
29-08-2024,Backpack Purse,Handbags,10,2258.16,1851.45,22311.5,Flash Sale,29,29-08-2024,04-09-2024,42022290,18
29-08-2024,Silk Scarf,Scarves,3,1171.45,655.83,3543.3,Festival Sale,17,29-08-2024,31-08-2024,62143000,12
29-08-2024,Pashmina Shawl,Scarves,1,686.39,851.07,676.25,Clearance Sale,47,29-08-2024,31-08-2024,62143000,12
29-08-2024,Cotton Scarf,Scarves,2,1522.49,808.8,3027.98,No Promotion,0,29-08-2024,03-09-2024,62143000,12
29-08-2024,Sports Watch,Watches,6,8779.27,5822.67,53523,No Promotion,0,29-08-2024,02-09-2024,91021100,18
29-08-2024,Sports Sunglasses,Sunglasses,5,2299.86,1392.24,11300.8,No Promotion,0,29-08-2024,31-08-2024,90041000,12
29-08-2024,Headband,Hair Accessories,4,229.63,404.44,930.56,Clearance Sale,60,29-08-2024,05-09-2024,96151900,18
29-08-2024,Chain Belt,Belts,1,2988.43,1711.14,2991.98,No Promotion,0,29-08-2024,30-08-2024,42033000,18
29-08-2024,Leather Tote Bag,Handbags,2,2801.38,1640.55,5610.3,No Promotion,0,29-08-2024,04-09-2024,42022290,18
30-08-2024,Sports Sunglasses,Sunglasses,5,2488.43,1525.71,12380.15,No Promotion,0,30-08-2024,05-09-2024,90041000,12
30-08-2024,Hair Clip Set,Hair Accessories,5,1097.67,755.82,5452.35,No Promotion,0,30-08-2024,31-08-2024,96151900,18
30-08-2024,Smart Watch,Watches,3,1538.76,1562.17,4666.14,Clearance Sale,53,30-08-2024,04-09-2024,91021100,18
30-08-2024,Sports Watch,Watches,5,5676.84,4360.83,28552.75,Flash Sale,38,30-08-2024,04-09-2024,91021100,18
30-08-2024,Sports Sunglasses,Sunglasses,2,2786.66,1832.42,5653.7,Flash Sale,25,30-08-2024,31-08-2024,90041000,12
30-08-2024,Western Belt,Belts,1,653.08,667.22,663,Clearance Sale,51,30-08-2024,05-09-2024,42033000,18
30-08-2024,Fabric Belt,Belts,7,1773.81,1353.39,12257.28,Flash Sale,37,30-08-2024,04-09-2024,42033000,18
30-08-2024,Turban,Hair Accessories,8,790.96,543.26,6264.88,Seasonal Offer,12,30-08-2024,03-09-2024,96151900,18
30-08-2024,Statement Necklace,Jewelry,3,4572.96,2680.73,13750.41,No Promotion,0,30-08-2024,02-09-2024,71131100,3
30-08-2024,Printed Scarf,Scarves,4,2209.3,1171.4,8982.4,No Promotion,0,30-08-2024,05-09-2024,62143000,12
30-08-2024,Cotton Scarf,Scarves,5,754.17,438.83,3778.4,Festival Sale,21,30-08-2024,03-09-2024,62143000,12
30-08-2024,Charm Bracelet,Jewelry,4,2846.66,1756.94,11481.04,Festival Sale,15,30-08-2024,04-09-2024,71131100,3
30-08-2024,Fabric Belt,Belts,5,1229.26,1303.13,6078.7,Flash Sale,34,30-08-2024,03-09-2024,42033000,18
30-08-2024,Clutch Purse,Handbags,5,9671.79,4675.01,49152,No Promotion,0,30-08-2024,31-08-2024,42022290,18
30-08-2024,Pashmina Shawl,Scarves,6,708.8,588.77,4261.08,Festival Sale,21,30-08-2024,01-09-2024,62143000,12
30-08-2024,Fabric Belt,Belts,5,1315.13,1439.76,6551.7,Clearance Sale,50,30-08-2024,06-09-2024,42033000,18
31-08-2024,Crossbody Bag,Handbags,4,8575.38,4695.63,33647.76,No Promotion,0,31-08-2024,05-09-2024,42022290,18
31-08-2024,Printed Scarf,Scarves,3,723.16,884.05,2205.69,Clearance Sale,46,31-08-2024,04-09-2024,62143000,12
31-08-2024,Leather Tote Bag,Handbags,3,4452.86,3118.53,13568.1,Seasonal Offer,19,31-08-2024,05-09-2024,42022290,18
31-08-2024,Round Frame,Sunglasses,3,1674.95,1142.95,4928.64,No Promotion,0,31-08-2024,05-09-2024,90041000,12
31-08-2024,Hair Pin Set,Hair Accessories,9,1097.34,780.32,9913.5,No Promotion,0,31-08-2024,03-09-2024,96151900,18
31-08-2024,Pashmina Shawl,Scarves,9,1931.89,872.5,17219.16,No Promotion,0,31-08-2024,04-09-2024,62143000,12
31-08-2024,Analog Watch,Watches,7,3074.37,2408.98,21279.3,Clearance Sale,42,31-08-2024,07-09-2024,91021100,18
31-08-2024,Backpack Purse,Handbags,6,5531.86,3539.9,33439.2,No Promotion,0,31-08-2024,03-09-2024,42022290,18
02-09-2024,Analog Watch,Watches,2,6054.12,4031.14,12248.22,No Promotion,0,02-09-2024,07-09-2024,91021100,18
02-09-2024,Smart Watch,Watches,6,4773.84,3025.09,28901.88,Festival Sale,17,02-09-2024,07-09-2024,91021100,18
02-09-2024,Western Belt,Belts,7,2203.41,1713.81,15262.45,Seasonal Offer,11,02-09-2024,09-09-2024,42033000,18
02-09-2024,Sports Watch,Watches,3,11945.35,5404.6,35354.55,No Promotion,0,02-09-2024,07-09-2024,91021100,18
02-09-2024,Silk Scarf,Scarves,2,2312.27,1132.56,4587.92,No Promotion,0,02-09-2024,05-09-2024,62143000,12
02-09-2024,Pashmina Shawl,Scarves,2,1991.74,1264.41,3992.86,No Promotion,0,02-09-2024,05-09-2024,62143000,12
02-09-2024,Leather Belt,Belts,6,1043.64,866.79,6321.9,Festival Sale,18,02-09-2024,07-09-2024,42033000,18
02-09-2024,Round Frame,Sunglasses,5,1670.41,1915.91,8377.1,Clearance Sale,51,02-09-2024,05-09-2024,90041000,12
02-09-2024,Digital Watch,Watches,2,7272.71,4843.84,14308.18,Festival Sale,18,02-09-2024,07-09-2024,91021100,18
02-09-2024,Oversized Sunglasses,Sunglasses,2,4631.37,2316.99,9130.1,No Promotion,0,02-09-2024,05-09-2024,90041000,12
02-09-2024,Fabric Belt,Belts,3,1944.88,1977.97,5876.16,Clearance Sale,46,02-09-2024,09-09-2024,42033000,18
02-09-2024,Winter Wool Scarf,Scarves,3,2038.29,1236.23,6157.26,No Promotion,0,02-09-2024,07-09-2024,62143000,12
02-09-2024,Statement Necklace,Jewelry,2,4336.04,2991.37,8576.04,Seasonal Offer,20,02-09-2024,04-09-2024,71131100,3
02-09-2024,Waist Belt,Belts,2,2060.87,1243.8,4133.88,No Promotion,0,02-09-2024,04-09-2024,42033000,18
02-09-2024,Statement Necklace,Jewelry,5,2527.32,1367.18,12599.95,No Promotion,0,02-09-2024,06-09-2024,71131100,3
03-09-2024,Round Frame,Sunglasses,2,2848.73,1847.23,5715.22,No Promotion,0,03-09-2024,10-09-2024,90041000,12
03-09-2024,Scrunchie Pack,Hair Accessories,1,868.66,439.57,877.71,No Promotion,0,03-09-2024,10-09-2024,96151900,18
03-09-2024,Winter Wool Scarf,Scarves,8,1739.39,973.99,14090.48,No Promotion,0,03-09-2024,06-09-2024,62143000,12
03-09-2024,Pearl Necklace,Jewelry,6,1202.86,1486.15,7322.76,Clearance Sale,45,03-09-2024,06-09-2024,71131100,3
03-09-2024,Pashmina Shawl,Scarves,1,1961.24,1211.11,2000.33,Festival Sale,17,03-09-2024,08-09-2024,62143000,12
03-09-2024,Round Frame,Sunglasses,4,2107.57,1466.28,8504.92,Festival Sale,22,03-09-2024,09-09-2024,90041000,12
03-09-2024,Charm Bracelet,Jewelry,3,1912,1990.05,5812.41,Clearance Sale,55,03-09-2024,10-09-2024,71131100,3
03-09-2024,Leather Tote Bag,Handbags,5,7715.56,3917.92,38954.95,No Promotion,0,03-09-2024,10-09-2024,42022290,18
03-09-2024,Cotton Scarf,Scarves,1,1992.71,1404,2027.11,No Promotion,0,03-09-2024,07-09-2024,62143000,12
03-09-2024,Sports Sunglasses,Sunglasses,4,3327.3,1825.06,13394.08,No Promotion,0,03-09-2024,06-09-2024,90041000,12
03-09-2024,Smart Watch,Watches,1,4410.03,3582.8,4406.51,Festival Sale,22,03-09-2024,10-09-2024,91021100,18
03-09-2024,Charm Bracelet,Jewelry,5,3428.47,2277.36,16842.85,No Promotion,0,03-09-2024,06-09-2024,71131100,3
03-09-2024,Dress Watch,Watches,4,8520.02,5324.02,34289.84,Festival Sale,21,03-09-2024,08-09-2024,91021100,18
03-09-2024,Pearl Necklace,Jewelry,1,5612.77,2652.31,5720.07,No Promotion,0,03-09-2024,08-09-2024,71131100,3
03-09-2024,Hair Pin Set,Hair Accessories,1,787.15,700.37,791.51,Festival Sale,24,03-09-2024,10-09-2024,96151900,18
04-09-2024,Statement Necklace,Jewelry,4,1315.72,1809.77,5196.92,Clearance Sale,55,04-09-2024,09-09-2024,71131100,3
04-09-2024,Clutch Purse,Handbags,2,1530.31,1967.35,3080.32,Clearance Sale,60,04-09-2024,08-09-2024,42022290,18
04-09-2024,Cotton Scarf,Scarves,4,1534.61,1255.08,6190,Festival Sale,30,04-09-2024,09-09-2024,62143000,12
04-09-2024,Scrunchie Pack,Hair Accessories,3,385.27,256.72,1136.76,Festival Sale,17,04-09-2024,06-09-2024,96151900,18
04-09-2024,Western Belt,Belts,4,1617.65,1431.4,6523.52,Clearance Sale,43,04-09-2024,11-09-2024,42033000,18
04-09-2024,Western Belt,Belts,2,1429.03,1629.87,2805.3,Flash Sale,40,04-09-2024,06-09-2024,42033000,18
04-09-2024,Fabric Belt,Belts,3,1770.92,1842.61,5243.01,Clearance Sale,41,04-09-2024,06-09-2024,42033000,18
04-09-2024,Leather Belt,Belts,1,2315.56,1685.04,2298.62,Festival Sale,29,04-09-2024,09-09-2024,42033000,18
04-09-2024,Silk Scarf,Scarves,6,637.69,440.82,3811.14,Festival Sale,25,04-09-2024,09-09-2024,62143000,12
04-09-2024,Pearl Necklace,Jewelry,8,1824.63,2329.67,14759.52,Clearance Sale,60,04-09-2024,06-09-2024,71131100,3
04-09-2024,Chain Belt,Belts,2,3550.02,1841.37,7035.2,No Promotion,0,04-09-2024,09-09-2024,42033000,18
05-09-2024,Digital Watch,Watches,4,12248.79,5665.24,49296.6,No Promotion,0,05-09-2024,07-09-2024,91021100,18
05-09-2024,Hair Pin Set,Hair Accessories,2,1282.85,602.12,2567.18,No Promotion,0,05-09-2024,07-09-2024,96151900,18
05-09-2024,Turban,Hair Accessories,2,1058.33,739.33,2150.72,No Promotion,0,05-09-2024,07-09-2024,96151900,18
05-09-2024,Chain Belt,Belts,4,929.81,1104.93,3749.8,Clearance Sale,54,05-09-2024,09-09-2024,42033000,18
05-09-2024,Statement Necklace,Jewelry,3,2676.52,1674.18,8020.23,No Promotion,0,05-09-2024,06-09-2024,71131100,3
05-09-2024,Leather Tote Bag,Handbags,3,8921.89,4786.81,26799.93,Seasonal Offer,12,05-09-2024,12-09-2024,42022290,18
05-09-2024,Winter Wool Scarf,Scarves,3,615.84,627.08,1859.16,Clearance Sale,51,05-09-2024,12-09-2024,62143000,12
05-09-2024,Dress Watch,Watches,7,10303.48,4726.66,72205.42,No Promotion,0,05-09-2024,11-09-2024,91021100,18
06-09-2024,Pashmina Shawl,Scarves,3,1746.69,841.35,5189.22,No Promotion,0,06-09-2024,11-09-2024,62143000,12
06-09-2024,Western Belt,Belts,5,1739.39,1669.6,8711.1,Flash Sale,30,06-09-2024,11-09-2024,42033000,18
06-09-2024,Hair Pin Set,Hair Accessories,7,984.31,457.47,6888.49,No Promotion,0,06-09-2024,13-09-2024,96151900,18
06-09-2024,Clutch Purse,Handbags,2,7356.61,3674.28,14595.78,No Promotion,0,06-09-2024,10-09-2024,42022290,18
06-09-2024,Leather Tote Bag,Handbags,9,10652.46,4781.32,94579.74,No Promotion,0,06-09-2024,10-09-2024,42022290,18
06-09-2024,Western Belt,Belts,6,3252.16,1846.12,19492.02,Festival Sale,19,06-09-2024,08-09-2024,42033000,18
06-09-2024,Crossbody Bag,Handbags,5,2288.2,1907.29,11239.5,Festival Sale,28,06-09-2024,09-09-2024,42022290,18
06-09-2024,Crossbody Bag,Handbags,3,4160.58,3595.58,12555.33,Seasonal Offer,20,06-09-2024,10-09-2024,42022290,18
06-09-2024,Sports Sunglasses,Sunglasses,6,1118.1,1151.77,6775.68,Clearance Sale,50,06-09-2024,10-09-2024,90041000,12
06-09-2024,Silk Scarf,Scarves,1,556.85,640.22,552.58,Clearance Sale,55,06-09-2024,07-09-2024,62143000,12
07-09-2024,Oversized Sunglasses,Sunglasses,5,1736.31,1325.31,8795.65,Seasonal Offer,10,07-09-2024,14-09-2024,90041000,12
07-09-2024,Printed Scarf,Scarves,2,914.9,505.72,1800.98,Festival Sale,15,07-09-2024,12-09-2024,62143000,12
07-09-2024,Round Frame,Sunglasses,7,2825.37,2004.05,19867.75,Festival Sale,26,07-09-2024,12-09-2024,90041000,12
07-09-2024,Aviator Sunglasses,Sunglasses,2,1963.64,1534.58,3896.4,Flash Sale,29,07-09-2024,11-09-2024,90041000,12
07-09-2024,Silk Scarf,Scarves,6,759.57,547.49,4544.64,Seasonal Offer,11,07-09-2024,14-09-2024,62143000,12
07-09-2024,Hair Pin Set,Hair Accessories,1,512.91,271.63,522.22,No Promotion,0,07-09-2024,09-09-2024,96151900,18
07-09-2024,Dress Watch,Watches,8,6487.96,3524.39,51473.2,No Promotion,0,07-09-2024,11-09-2024,91021100,18
07-09-2024,Oversized Sunglasses,Sunglasses,3,1491.7,1011.9,4423.77,Flash Sale,32,07-09-2024,14-09-2024,90041000,12
07-09-2024,Digital Watch,Watches,7,5291.28,3299.25,36337.7,No Promotion,0,07-09-2024,12-09-2024,91021100,18
07-09-2024,Sports Sunglasses,Sunglasses,1,1933.62,1024.11,1940.13,No Promotion,0,07-09-2024,12-09-2024,90041000,12
07-09-2024,Clutch Purse,Handbags,3,1840.76,2232.28,5521.62,Clearance Sale,48,07-09-2024,10-09-2024,42022290,18
07-09-2024,Pearl Necklace,Jewelry,5,3547.99,1849.57,17477.85,Seasonal Offer,12,07-09-2024,10-09-2024,71131100,3
07-09-2024,Printed Scarf,Scarves,5,1422.02,1044.72,7176.35,Festival Sale,17,07-09-2024,09-09-2024,62143000,12
07-09-2024,Statement Necklace,Jewelry,3,2003.51,1284.81,6086.22,No Promotion,0,07-09-2024,13-09-2024,71131100,3
07-09-2024,Gold Plated Earrings,Jewelry,9,3121.08,2106.96,28508.31,Flash Sale,25,07-09-2024,11-09-2024,71131100,3
07-09-2024,Hair Pin Set,Hair Accessories,5,1086.72,728.02,5331.6,No Promotion,0,07-09-2024,14-09-2024,96151900,18
07-09-2024,Chain Belt,Belts,1,2906.03,1831.33,2932.97,No Promotion,0,07-09-2024,13-09-2024,42033000,18
07-09-2024,Crossbody Bag,Handbags,9,1930.33,1705.09,17195.94,Flash Sale,37,07-09-2024,13-09-2024,42022290,18
07-09-2024,Statement Necklace,Jewelry,5,1587.29,1090.74,7952.45,No Promotion,0,07-09-2024,14-09-2024,71131100,3
07-09-2024,Round Frame,Sunglasses,6,1202.14,1173.43,7288.5,Clearance Sale,44,07-09-2024,09-09-2024,90041000,12
07-09-2024,Scrunchie Pack,Hair Accessories,3,832.27,583.81,2456.19,No Promotion,0,07-09-2024,10-09-2024,96151900,18
07-09-2024,Scrunchie Pack,Hair Accessories,8,475.78,472.56,3811.76,Clearance Sale,52,07-09-2024,10-09-2024,96151900,18
09-09-2024,Cat Eye Sunglasses,Sunglasses,3,1954.01,922.89,5846.61,No Promotion,0,09-09-2024,12-09-2024,90041000,12
09-09-2024,Scrunchie Pack,Hair Accessories,2,395.21,263.99,799.3,Seasonal Offer,18,09-09-2024,16-09-2024,96151900,18
09-09-2024,Charm Bracelet,Jewelry,1,2939.47,1995.19,2960.29,Seasonal Offer,18,09-09-2024,16-09-2024,71131100,3
09-09-2024,Shoulder Bag,Handbags,4,3482.05,2086.18,13791.56,No Promotion,0,09-09-2024,14-09-2024,42022290,18
09-09-2024,Hair Clip Set,Hair Accessories,1,1571.62,798.09,1581.55,No Promotion,0,09-09-2024,13-09-2024,96151900,18
09-09-2024,Leather Belt,Belts,1,1052.22,931.6,1051.97,Festival Sale,20,09-09-2024,16-09-2024,42033000,18
09-09-2024,Silver Bracelet,Jewelry,2,2058.39,1141.13,4181.28,No Promotion,0,09-09-2024,16-09-2024,71131100,3
09-09-2024,Waist Belt,Belts,4,2475.18,1989.16,9764,Flash Sale,36,09-09-2024,11-09-2024,42033000,18
10-09-2024,Gold Plated Earrings,Jewelry,4,2547.44,2239.19,10093.84,Festival Sale,27,10-09-2024,16-09-2024,71131100,3
10-09-2024,Statement Necklace,Jewelry,2,4651.28,2258.88,9206.54,No Promotion,0,10-09-2024,12-09-2024,71131100,3
10-09-2024,Silver Bracelet,Jewelry,4,3906.31,2345.17,15829,Festival Sale,19,10-09-2024,17-09-2024,71131100,3
10-09-2024,Silk Scarf,Scarves,6,851.63,660,5110.8,Festival Sale,22,10-09-2024,16-09-2024,62143000,12
10-09-2024,Clutch Purse,Handbags,3,2245.47,1272.81,6866.16,Seasonal Offer,16,10-09-2024,15-09-2024,42022290,18
10-09-2024,Pearl Necklace,Jewelry,5,2049.33,2885.37,10323,Clearance Sale,49,10-09-2024,14-09-2024,71131100,3
10-09-2024,Silk Scarf,Scarves,2,1039.27,694.31,2091.26,No Promotion,0,10-09-2024,12-09-2024,62143000,12
10-09-2024,Scrunchie Pack,Hair Accessories,3,1075.08,726.48,3172.74,Festival Sale,20,10-09-2024,12-09-2024,96151900,18
10-09-2024,Scrunchie Pack,Hair Accessories,2,616.32,757.13,1208.82,Clearance Sale,51,10-09-2024,15-09-2024,96151900,18
10-09-2024,Hair Clip Set,Hair Accessories,4,574.53,458.56,2287.36,Clearance Sale,43,10-09-2024,14-09-2024,96151900,18
10-09-2024,Oversized Sunglasses,Sunglasses,3,3492.93,2119.08,10471.77,Seasonal Offer,18,10-09-2024,15-09-2024,90041000,12
10-09-2024,Scrunchie Pack,Hair Accessories,5,941.54,505.05,4719,No Promotion,0,10-09-2024,12-09-2024,96151900,18
10-09-2024,Shoulder Bag,Handbags,4,9598.22,4974.41,39147.16,No Promotion,0,10-09-2024,14-09-2024,42022290,18
10-09-2024,Analog Watch,Watches,5,4716.12,5077,23300.9,Clearance Sale,41,10-09-2024,11-09-2024,91021100,18
10-09-2024,Cat Eye Sunglasses,Sunglasses,3,1821.51,1494.9,5427.24,Festival Sale,21,10-09-2024,14-09-2024,90041000,12
10-09-2024,Fabric Belt,Belts,4,2486.38,1730.17,9886.48,Festival Sale,30,10-09-2024,15-09-2024,42033000,18
10-09-2024,Headband,Hair Accessories,3,884.86,593.07,2622.18,Festival Sale,29,10-09-2024,11-09-2024,96151900,18
11-09-2024,Waist Belt,Belts,6,2191.17,1465.44,12925.68,No Promotion,0,11-09-2024,17-09-2024,42033000,18
11-09-2024,Hair Clip Set,Hair Accessories,3,328.97,257.35,991.29,Seasonal Offer,18,11-09-2024,17-09-2024,96151900,18
11-09-2024,Fabric Belt,Belts,1,1373.81,972.76,1377.87,No Promotion,0,11-09-2024,17-09-2024,42033000,18
11-09-2024,Sports Watch,Watches,5,4367.23,2422.88,21428.9,No Promotion,0,11-09-2024,15-09-2024,91021100,18
11-09-2024,Crossbody Bag,Handbags,1,4404.34,3614.86,4375.56,Festival Sale,30,11-09-2024,14-09-2024,42022290,18
11-09-2024,Chain Belt,Belts,1,3667.42,1972.14,3616.59,No Promotion,0,11-09-2024,14-09-2024,42033000,18
11-09-2024,Backpack Purse,Handbags,2,6322.61,3746.41,12787.64,Seasonal Offer,15,11-09-2024,14-09-2024,42022290,18
11-09-2024,Cotton Scarf,Scarves,3,976.22,851.34,2950.26,Seasonal Offer,18,11-09-2024,17-09-2024,62143000,12
11-09-2024,Fabric Belt,Belts,1,1170.01,1323.63,1175.11,Clearance Sale,44,11-09-2024,13-09-2024,42033000,18
11-09-2024,Crossbody Bag,Handbags,3,2850.79,2085.04,8615.46,Festival Sale,24,11-09-2024,16-09-2024,42022290,18
11-09-2024,Waist Belt,Belts,4,2763.27,1652.19,10885.76,Festival Sale,18,11-09-2024,16-09-2024,42033000,18
11-09-2024,Crossbody Bag,Handbags,1,2405.25,1433.73,2404.14,Festival Sale,23,11-09-2024,14-09-2024,42022290,18
11-09-2024,Western Belt,Belts,3,1380.66,1596.26,4068.15,Clearance Sale,56,11-09-2024,17-09-2024,42033000,18
11-09-2024,Round Frame,Sunglasses,2,5211.1,2393.06,10497.22,No Promotion,0,11-09-2024,16-09-2024,90041000,12
11-09-2024,Scrunchie Pack,Hair Accessories,3,734.2,354.44,2244.15,No Promotion,0,11-09-2024,18-09-2024,96151900,18
12-09-2024,Hair Pin Set,Hair Accessories,1,344.64,475.18,349.7,Clearance Sale,60,12-09-2024,13-09-2024,96151900,18
12-09-2024,Round Frame,Sunglasses,1,2182.87,1344.34,2207.86,No Promotion,0,12-09-2024,17-09-2024,90041000,12
12-09-2024,Aviator Sunglasses,Sunglasses,3,3832.12,1838.83,11432.34,No Promotion,0,12-09-2024,16-09-2024,90041000,12
12-09-2024,Silver Bracelet,Jewelry,3,686.97,931.85,2087.55,Clearance Sale,53,12-09-2024,13-09-2024,71131100,3
12-09-2024,Round Frame,Sunglasses,3,845.12,1215.23,2547.45,Clearance Sale,58,12-09-2024,17-09-2024,90041000,12
12-09-2024,Hair Clip Set,Hair Accessories,4,1165.09,701.57,4605.92,Festival Sale,17,12-09-2024,19-09-2024,96151900,18
12-09-2024,Silk Scarf,Scarves,5,1824.35,1191.93,9260.75,No Promotion,0,12-09-2024,14-09-2024,62143000,12
12-09-2024,Hair Clip Set,Hair Accessories,1,808.39,685.18,822.19,Festival Sale,21,12-09-2024,14-09-2024,96151900,18
12-09-2024,Oversized Sunglasses,Sunglasses,4,1377.22,1202.67,5500.08,Clearance Sale,47,12-09-2024,17-09-2024,90041000,12
12-09-2024,Cotton Scarf,Scarves,4,2000.12,1310.11,7937.6,Festival Sale,25,12-09-2024,18-09-2024,62143000,12
12-09-2024,Waist Belt,Belts,4,1814.87,915.47,7142.08,No Promotion,0,12-09-2024,15-09-2024,42033000,18
12-09-2024,Leather Belt,Belts,1,2672.23,1418.09,2655.03,No Promotion,0,12-09-2024,13-09-2024,42033000,18
12-09-2024,Gold Plated Earrings,Jewelry,2,6046.65,2884.64,11881.26,No Promotion,0,12-09-2024,13-09-2024,71131100,3
12-09-2024,Pashmina Shawl,Scarves,5,1825.37,1273.06,9221.1,No Promotion,0,12-09-2024,16-09-2024,62143000,12
13-09-2024,Pashmina Shawl,Scarves,2,1857.27,1062.64,3738.2,No Promotion,0,13-09-2024,17-09-2024,62143000,12
13-09-2024,Western Belt,Belts,7,1640.79,1079.19,11331.74,No Promotion,0,13-09-2024,17-09-2024,42033000,18
13-09-2024,Headband,Hair Accessories,3,1104.87,652.37,3273.87,Festival Sale,22,13-09-2024,20-09-2024,96151900,18
13-09-2024,Round Frame,Sunglasses,1,1548.23,1036.8,1538.09,Festival Sale,25,13-09-2024,15-09-2024,90041000,12
13-09-2024,Sports Sunglasses,Sunglasses,5,2172.08,1182.91,10857.8,No Promotion,0,13-09-2024,15-09-2024,90041000,12
13-09-2024,Charm Bracelet,Jewelry,5,4520.04,2337.31,23044.75,No Promotion,0,13-09-2024,19-09-2024,71131100,3
13-09-2024,Digital Watch,Watches,3,3191.65,2887.35,9659.79,Clearance Sale,40,13-09-2024,19-09-2024,91021100,18
13-09-2024,Turban,Hair Accessories,3,1101.66,580.11,3350.76,No Promotion,0,13-09-2024,20-09-2024,96151900,18
13-09-2024,Pashmina Shawl,Scarves,8,899.28,801.93,7325.76,Flash Sale,35,13-09-2024,19-09-2024,62143000,12
13-09-2024,Analog Watch,Watches,6,7527.17,5180.91,44669.7,Seasonal Offer,18,13-09-2024,19-09-2024,91021100,18
13-09-2024,Headband,Hair Accessories,7,439.84,406,3124.94,Festival Sale,30,13-09-2024,14-09-2024,96151900,18
13-09-2024,Printed Scarf,Scarves,3,960.05,628.12,2896.68,Seasonal Offer,11,13-09-2024,15-09-2024,62143000,12
13-09-2024,Sports Watch,Watches,1,7187.1,4360.9,7052.41,Seasonal Offer,17,13-09-2024,20-09-2024,91021100,18
13-09-2024,Winter Wool Scarf,Scarves,3,801.79,754.07,2414.13,Festival Sale,27,13-09-2024,17-09-2024,62143000,12
13-09-2024,Crossbody Bag,Handbags,3,5621.96,4134.65,17111.25,Seasonal Offer,14,13-09-2024,16-09-2024,42022290,18
14-09-2024,Hair Pin Set,Hair Accessories,2,1289.54,777.52,2559.66,Festival Sale,24,14-09-2024,18-09-2024,96151900,18
14-09-2024,Pearl Necklace,Jewelry,8,1679.37,927.67,13270.4,No Promotion,0,14-09-2024,16-09-2024,71131100,3
14-09-2024,Headband,Hair Accessories,3,549.13,362.48,1662.06,No Promotion,0,14-09-2024,19-09-2024,96151900,18
14-09-2024,Silk Scarf,Scarves,2,1093.56,818.48,2160.38,Festival Sale,19,14-09-2024,17-09-2024,62143000,12
14-09-2024,Digital Watch,Watches,1,7261.8,3712.69,7328.78,No Promotion,0,14-09-2024,16-09-2024,91021100,18
14-09-2024,Turban,Hair Accessories,2,455.62,237.44,904.26,No Promotion,0,14-09-2024,20-09-2024,96151900,18
14-09-2024,Sports Sunglasses,Sunglasses,5,3288.25,1931.95,16691.75,Festival Sale,21,14-09-2024,17-09-2024,90041000,12
14-09-2024,Oversized Sunglasses,Sunglasses,7,2914.59,1944.57,20461.21,No Promotion,0,14-09-2024,21-09-2024,90041000,12
14-09-2024,Silk Scarf,Scarves,1,2077.68,1222.19,2075.98,Festival Sale,17,14-09-2024,21-09-2024,62143000,12
14-09-2024,Sports Sunglasses,Sunglasses,2,3355.27,2445.16,6650.6,Festival Sale,17,14-09-2024,15-09-2024,90041000,12
14-09-2024,Fabric Belt,Belts,4,2855.44,1494,11353.64,No Promotion,0,14-09-2024,16-09-2024,42033000,18
14-09-2024,Gold Plated Earrings,Jewelry,1,2600.33,1404.4,2564.09,No Promotion,0,14-09-2024,18-09-2024,71131100,3
14-09-2024,Digital Watch,Watches,6,9320.19,4988.45,56636.34,No Promotion,0,14-09-2024,16-09-2024,91021100,18
14-09-2024,Pashmina Shawl,Scarves,1,757.83,516.72,752.97,Festival Sale,22,14-09-2024,17-09-2024,62143000,12
14-09-2024,Pashmina Shawl,Scarves,7,773.91,507.94,5499.27,Festival Sale,28,14-09-2024,15-09-2024,62143000,12
16-09-2024,Scrunchie Pack,Hair Accessories,5,913.3,565.03,4570.5,Seasonal Offer,11,16-09-2024,19-09-2024,96151900,18
16-09-2024,Leather Tote Bag,Handbags,5,2748.06,1877.54,13726.8,No Promotion,0,16-09-2024,18-09-2024,42022290,18
16-09-2024,Sports Watch,Watches,1,4768.07,3445.35,4859.97,Flash Sale,27,16-09-2024,19-09-2024,91021100,18
16-09-2024,Statement Necklace,Jewelry,2,4230.54,2421.18,8609.04,No Promotion,0,16-09-2024,19-09-2024,71131100,3
16-09-2024,Hair Clip Set,Hair Accessories,1,361.35,211.61,356.51,No Promotion,0,16-09-2024,22-09-2024,96151900,18
16-09-2024,Gold Plated Earrings,Jewelry,4,3251.35,2848.12,13117.28,Clearance Sale,43,16-09-2024,23-09-2024,71131100,3
16-09-2024,Pearl Necklace,Jewelry,3,1088.22,1139.24,3284.88,Flash Sale,39,16-09-2024,17-09-2024,71131100,3
16-09-2024,Sports Watch,Watches,3,7711.76,4765.69,23006.07,No Promotion,0,16-09-2024,23-09-2024,91021100,18
16-09-2024,Pashmina Shawl,Scarves,2,1355.64,1371.12,2741.92,Clearance Sale,42,16-09-2024,17-09-2024,62143000,12
16-09-2024,Silver Bracelet,Jewelry,5,2628.73,1526.16,13307.15,No Promotion,0,16-09-2024,18-09-2024,71131100,3
16-09-2024,Hair Clip Set,Hair Accessories,3,503.06,288.93,1513.92,No Promotion,0,16-09-2024,20-09-2024,96151900,18
16-09-2024,Scrunchie Pack,Hair Accessories,1,823.04,470.33,837.82,No Promotion,0,16-09-2024,19-09-2024,96151900,18
16-09-2024,Chain Belt,Belts,2,2305.8,1122.74,4535.94,No Promotion,0,16-09-2024,23-09-2024,42033000,18
16-09-2024,Western Belt,Belts,1,2849.89,1961.74,2800.59,Festival Sale,25,16-09-2024,17-09-2024,42033000,18
16-09-2024,Shoulder Bag,Handbags,3,6970.43,4037.94,20954.7,No Promotion,0,16-09-2024,17-09-2024,42022290,18
16-09-2024,Digital Watch,Watches,4,12643.04,5954.23,51167.24,No Promotion,0,16-09-2024,18-09-2024,91021100,18
16-09-2024,Dress Watch,Watches,4,4264.98,2584.44,17080.04,No Promotion,0,16-09-2024,20-09-2024,91021100,18
16-09-2024,Western Belt,Belts,1,1204.36,663.42,1223.95,Seasonal Offer,14,16-09-2024,22-09-2024,42033000,18
16-09-2024,Winter Wool Scarf,Scarves,4,1795.04,1058.77,7209.64,No Promotion,0,16-09-2024,17-09-2024,62143000,12
16-09-2024,Pashmina Shawl,Scarves,5,1886.01,1050.04,9593.65,No Promotion,0,16-09-2024,21-09-2024,62143000,12
16-09-2024,Silk Scarf,Scarves,4,851.33,695.38,3377.48,Clearance Sale,43,16-09-2024,18-09-2024,62143000,12
16-09-2024,Pearl Necklace,Jewelry,1,4411.61,2528.79,4451.55,No Promotion,0,16-09-2024,23-09-2024,71131100,3
16-09-2024,Backpack Purse,Handbags,2,2527,1276.88,5049.82,No Promotion,0,16-09-2024,17-09-2024,42022290,18
16-09-2024,Round Frame,Sunglasses,1,3757.21,2342.66,3831.77,Seasonal Offer,20,16-09-2024,23-09-2024,90041000,12
17-09-2024,Smart Watch,Watches,5,4448.09,3345.62,22218.55,Festival Sale,17,17-09-2024,24-09-2024,91021100,18
17-09-2024,Digital Watch,Watches,3,7970.78,5121.87,24397.08,Seasonal Offer,20,17-09-2024,18-09-2024,91021100,18
17-09-2024,Printed Scarf,Scarves,2,1066.95,892.3,2098.22,Festival Sale,23,17-09-2024,18-09-2024,62143000,12
17-09-2024,Cotton Scarf,Scarves,2,1108.77,1111.24,2217.44,Clearance Sale,53,17-09-2024,19-09-2024,62143000,12
17-09-2024,Pashmina Shawl,Scarves,5,2184.2,1312.18,11098.55,Seasonal Offer,15,17-09-2024,19-09-2024,62143000,12
17-09-2024,Digital Watch,Watches,2,5343.6,3883.22,10755.58,Festival Sale,19,17-09-2024,18-09-2024,91021100,18
17-09-2024,Headband,Hair Accessories,5,853.84,705.81,4348.15,Seasonal Offer,20,17-09-2024,18-09-2024,96151900,18
17-09-2024,Headband,Hair Accessories,2,1017.3,715.68,2032.08,Flash Sale,34,17-09-2024,23-09-2024,96151900,18
17-09-2024,Pearl Necklace,Jewelry,2,945.65,967.68,1920.3,Clearance Sale,48,17-09-2024,24-09-2024,71131100,3
17-09-2024,Digital Watch,Watches,2,10288.74,5863.14,20599.64,Seasonal Offer,12,17-09-2024,21-09-2024,91021100,18
17-09-2024,Statement Necklace,Jewelry,3,5510.82,2905.03,16662.09,No Promotion,0,17-09-2024,22-09-2024,71131100,3
17-09-2024,Sports Sunglasses,Sunglasses,1,4750.63,2415.26,4701.44,No Promotion,0,17-09-2024,20-09-2024,90041000,12
17-09-2024,Digital Watch,Watches,3,2855.27,4473.68,8571.9,Clearance Sale,55,17-09-2024,21-09-2024,91021100,18
17-09-2024,Leather Belt,Belts,3,2086.67,1010.66,6174.03,No Promotion,0,17-09-2024,24-09-2024,42033000,18
17-09-2024,Cotton Scarf,Scarves,4,607.4,594.76,2387.44,Clearance Sale,50,17-09-2024,22-09-2024,62143000,12
17-09-2024,Turban,Hair Accessories,1,1755.13,787.89,1722.77,No Promotion,0,17-09-2024,21-09-2024,96151900,18
17-09-2024,Cat Eye Sunglasses,Sunglasses,2,2525.49,1927.13,5099.9,Flash Sale,35,17-09-2024,24-09-2024,90041000,12
17-09-2024,Headband,Hair Accessories,3,376.81,419.78,1118.46,Clearance Sale,50,17-09-2024,22-09-2024,96151900,18
17-09-2024,Dress Watch,Watches,2,6297.18,4800.23,12625.62,Festival Sale,27,17-09-2024,18-09-2024,91021100,18
17-09-2024,Western Belt,Belts,1,984.82,647.3,987.74,No Promotion,0,17-09-2024,18-09-2024,42033000,18
17-09-2024,Statement Necklace,Jewelry,2,4228.94,2179.89,8335.12,No Promotion,0,17-09-2024,24-09-2024,71131100,3
17-09-2024,Pearl Necklace,Jewelry,1,2714.71,1556.97,2753.74,Festival Sale,17,17-09-2024,20-09-2024,71131100,3
18-09-2024,Winter Wool Scarf,Scarves,1,1221.72,745.97,1222.81,No Promotion,0,18-09-2024,24-09-2024,62143000,12
18-09-2024,Sports Sunglasses,Sunglasses,1,4713.3,2238.15,4695.85,No Promotion,0,18-09-2024,20-09-2024,90041000,12
18-09-2024,Sports Sunglasses,Sunglasses,3,4318.54,2086.84,13184.43,No Promotion,0,18-09-2024,24-09-2024,90041000,12
18-09-2024,Gold Plated Earrings,Jewelry,1,2640.59,1187.26,2602.64,No Promotion,0,18-09-2024,22-09-2024,71131100,3
18-09-2024,Charm Bracelet,Jewelry,6,3777.86,2492.35,22836.78,No Promotion,0,18-09-2024,20-09-2024,71131100,3
18-09-2024,Chain Belt,Belts,5,2507.81,1278.35,12460.9,No Promotion,0,18-09-2024,25-09-2024,42033000,18
18-09-2024,Statement Necklace,Jewelry,2,2827.82,1992.12,5560.42,Festival Sale,26,18-09-2024,20-09-2024,71131100,3
18-09-2024,Clutch Purse,Handbags,5,6431.94,3662.26,31879.45,Festival Sale,15,18-09-2024,21-09-2024,42022290,18
18-09-2024,Aviator Sunglasses,Sunglasses,3,2459.58,1618.02,7266.54,No Promotion,0,18-09-2024,25-09-2024,90041000,12
18-09-2024,Fabric Belt,Belts,3,1150.71,1257.78,3512.61,Clearance Sale,43,18-09-2024,25-09-2024,42033000,18
18-09-2024,Analog Watch,Watches,3,3879.05,3279.27,11640.54,Festival Sale,17,18-09-2024,22-09-2024,91021100,18
18-09-2024,Backpack Purse,Handbags,3,1306.38,2115.04,3909,Clearance Sale,59,18-09-2024,22-09-2024,42022290,18
18-09-2024,Sports Watch,Watches,2,5925.45,3000.31,11761.96,No Promotion,0,18-09-2024,25-09-2024,91021100,18
19-09-2024,Shoulder Bag,Handbags,5,3416.84,3266.67,17350.1,Clearance Sale,44,19-09-2024,21-09-2024,42022290,18
19-09-2024,Silk Scarf,Scarves,6,384.16,565.8,2290.62,Clearance Sale,53,19-09-2024,26-09-2024,62143000,12
19-09-2024,Dress Watch,Watches,2,7809.42,5196.33,15843.18,Seasonal Offer,14,19-09-2024,24-09-2024,91021100,18
19-09-2024,Fabric Belt,Belts,3,496.21,724.3,1514.82,Clearance Sale,54,19-09-2024,22-09-2024,42033000,18
19-09-2024,Smart Watch,Watches,1,5969.53,3081.58,5976.86,No Promotion,0,19-09-2024,22-09-2024,91021100,18
19-09-2024,Silk Scarf,Scarves,3,2526.56,1339.2,7549.38,No Promotion,0,19-09-2024,25-09-2024,62143000,12
19-09-2024,Pearl Necklace,Jewelry,2,2669.35,1502.25,5242.64,No Promotion,0,19-09-2024,20-09-2024,71131100,3
19-09-2024,Waist Belt,Belts,5,1975.54,1581.27,9799.85,Seasonal Offer,18,19-09-2024,25-09-2024,42033000,18
19-09-2024,Western Belt,Belts,6,3134.13,1695.67,18736.26,No Promotion,0,19-09-2024,22-09-2024,42033000,18
19-09-2024,Gold Plated Earrings,Jewelry,3,1384.05,1028.1,4200.09,Festival Sale,25,19-09-2024,24-09-2024,71131100,3
20-09-2024,Sports Sunglasses,Sunglasses,1,2899.18,1743.65,2940.1,No Promotion,0,20-09-2024,26-09-2024,90041000,12
20-09-2024,Backpack Purse,Handbags,1,2419.96,1223.07,2409.62,No Promotion,0,20-09-2024,24-09-2024,42022290,18
20-09-2024,Analog Watch,Watches,1,6570,5198.56,6643.62,Festival Sale,27,20-09-2024,23-09-2024,91021100,18
20-09-2024,Fabric Belt,Belts,2,1144.39,1396.55,2270.02,Clearance Sale,56,20-09-2024,22-09-2024,42033000,18
20-09-2024,Hair Pin Set,Hair Accessories,4,1225.98,735.55,4980.72,Festival Sale,16,20-09-2024,25-09-2024,96151900,18
20-09-2024,Fabric Belt,Belts,4,1602.54,787.48,6451.56,No Promotion,0,20-09-2024,22-09-2024,42033000,18
20-09-2024,Charm Bracelet,Jewelry,3,1129.97,1974.57,3353.28,Clearance Sale,60,20-09-2024,21-09-2024,71131100,3
20-09-2024,Aviator Sunglasses,Sunglasses,7,2375.84,2226.53,16413.53,Clearance Sale,48,20-09-2024,24-09-2024,90041000,12
20-09-2024,Pashmina Shawl,Scarves,3,677.32,442.02,2044.62,Flash Sale,28,20-09-2024,27-09-2024,62143000,12
20-09-2024,Leather Belt,Belts,5,1840.73,1133.01,9312.9,Festival Sale,15,20-09-2024,21-09-2024,42033000,18
20-09-2024,Chain Belt,Belts,3,2499.86,1551.24,7364.61,No Promotion,0,20-09-2024,23-09-2024,42033000,18
20-09-2024,Chain Belt,Belts,1,2178.56,1842.31,2156.04,Festival Sale,22,20-09-2024,25-09-2024,42033000,18
20-09-2024,Analog Watch,Watches,8,8177.72,4483.27,64628,No Promotion,0,20-09-2024,26-09-2024,91021100,18
20-09-2024,Dress Watch,Watches,4,7467.29,4771.35,30204.12,Festival Sale,26,20-09-2024,27-09-2024,91021100,18
20-09-2024,Shoulder Bag,Handbags,1,2727.2,2040.63,2735.47,Seasonal Offer,16,20-09-2024,25-09-2024,42022290,18
20-09-2024,Hair Clip Set,Hair Accessories,5,283.87,282.96,1444.3,Clearance Sale,52,20-09-2024,21-09-2024,96151900,18
20-09-2024,Gold Plated Earrings,Jewelry,3,2231.34,1720.99,6800.28,Festival Sale,25,20-09-2024,22-09-2024,71131100,3
20-09-2024,Scrunchie Pack,Hair Accessories,8,988.99,677.37,8001.2,Festival Sale,20,20-09-2024,27-09-2024,96151900,18
20-09-2024,Oversized Sunglasses,Sunglasses,5,1686,987.62,8496.9,No Promotion,0,20-09-2024,27-09-2024,90041000,12
20-09-2024,Pashmina Shawl,Scarves,5,937.31,1266.67,4595.15,Clearance Sale,60,20-09-2024,25-09-2024,62143000,12
20-09-2024,Silver Bracelet,Jewelry,7,2046.48,1722.95,14370.16,Festival Sale,18,20-09-2024,27-09-2024,71131100,3
20-09-2024,Smart Watch,Watches,3,7323.09,4873.86,21796.74,Flash Sale,31,20-09-2024,21-09-2024,91021100,18
21-09-2024,Round Frame,Sunglasses,4,2919.67,1891.78,11492.76,Festival Sale,17,21-09-2024,22-09-2024,90041000,12
21-09-2024,Analog Watch,Watches,13,3300.55,2895.9,43347.46,Festival Sale,19,21-09-2024,22-09-2024,91021100,18
21-09-2024,Leather Belt,Belts,2,1330.05,673.78,2698.44,No Promotion,0,21-09-2024,28-09-2024,42033000,18
21-09-2024,Charm Bracelet,Jewelry,8,5586.28,2627.84,45153.92,No Promotion,0,21-09-2024,28-09-2024,71131100,3
21-09-2024,Oversized Sunglasses,Sunglasses,5,1461.94,957.12,7199.55,Seasonal Offer,20,21-09-2024,25-09-2024,90041000,12
21-09-2024,Scrunchie Pack,Hair Accessories,2,1082.72,517.8,2151.18,No Promotion,0,21-09-2024,26-09-2024,96151900,18
21-09-2024,Round Frame,Sunglasses,8,1767.46,2418.18,14167.28,Clearance Sale,60,21-09-2024,22-09-2024,90041000,12
21-09-2024,Fabric Belt,Belts,2,2598.32,1620.33,5130.9,No Promotion,0,21-09-2024,24-09-2024,42033000,18
21-09-2024,Chain Belt,Belts,2,1192.18,781.62,2409.74,No Promotion,0,21-09-2024,28-09-2024,42033000,18
21-09-2024,Dress Watch,Watches,5,6057.74,3710.53,30608.05,Festival Sale,25,21-09-2024,28-09-2024,91021100,18
21-09-2024,Leather Tote Bag,Handbags,2,3793.36,2298.33,7566.38,Festival Sale,25,21-09-2024,22-09-2024,42022290,18
21-09-2024,Sports Sunglasses,Sunglasses,6,911.66,1352.21,5407.2,Clearance Sale,53,21-09-2024,28-09-2024,90041000,12
21-09-2024,Dress Watch,Watches,4,3794.69,4504.08,15326.16,Clearance Sale,48,21-09-2024,27-09-2024,91021100,18
21-09-2024,Charm Bracelet,Jewelry,2,1758.74,1214.9,3558.76,Festival Sale,25,21-09-2024,22-09-2024,71131100,3
21-09-2024,Scrunchie Pack,Hair Accessories,2,436.77,572.72,874.46,Clearance Sale,53,21-09-2024,23-09-2024,96151900,18
21-09-2024,Western Belt,Belts,3,1151.44,733.13,3505.62,No Promotion,0,21-09-2024,26-09-2024,42033000,18
21-09-2024,Charm Bracelet,Jewelry,4,2890.22,2313.58,11447.4,Festival Sale,23,21-09-2024,26-09-2024,71131100,3
21-09-2024,Shoulder Bag,Handbags,3,3946.7,3884.65,11803.59,Festival Sale,29,21-09-2024,26-09-2024,42022290,18
23-09-2024,Crossbody Bag,Handbags,3,4864.61,2986.46,14586.51,Festival Sale,25,23-09-2024,28-09-2024,42022290,18
23-09-2024,Backpack Purse,Handbags,3,3401.8,2273.52,10055.67,No Promotion,0,23-09-2024,30-09-2024,42022290,18
23-09-2024,Waist Belt,Belts,4,3130.43,1924.53,12406.32,Seasonal Offer,17,23-09-2024,27-09-2024,42033000,18
23-09-2024,Cotton Scarf,Scarves,3,957.56,1077.31,2913.57,Clearance Sale,57,23-09-2024,24-09-2024,62143000,12
23-09-2024,Smart Watch,Watches,3,4914.63,2293.96,14790.96,No Promotion,0,23-09-2024,27-09-2024,91021100,18
23-09-2024,Clutch Purse,Handbags,1,1061.66,1506.36,1069.3,Clearance Sale,51,23-09-2024,30-09-2024,42022290,18
23-09-2024,Fabric Belt,Belts,6,3375.91,1692.75,20013.66,No Promotion,0,23-09-2024,29-09-2024,42033000,18
23-09-2024,Smart Watch,Watches,2,5946.07,3049.08,11788.86,No Promotion,0,23-09-2024,28-09-2024,91021100,18
23-09-2024,Round Frame,Sunglasses,3,3371.78,2112.53,10126.68,No Promotion,0,23-09-2024,30-09-2024,90041000,12
23-09-2024,Printed Scarf,Scarves,5,1012.64,724.75,4998.5,Flash Sale,28,23-09-2024,27-09-2024,62143000,12
23-09-2024,Sports Watch,Watches,3,5510.3,4640.59,16590.57,Festival Sale,17,23-09-2024,26-09-2024,91021100,18
24-09-2024,Headband,Hair Accessories,2,834.98,622.97,1649.92,Flash Sale,34,24-09-2024,28-09-2024,96151900,18
24-09-2024,Cat Eye Sunglasses,Sunglasses,4,3083.33,2176.78,12568.56,Festival Sale,26,24-09-2024,29-09-2024,90041000,12
24-09-2024,Digital Watch,Watches,4,2376.7,2124.11,9647.8,Flash Sale,32,24-09-2024,27-09-2024,91021100,18
24-09-2024,Printed Scarf,Scarves,6,1404.22,714.71,8339.94,No Promotion,0,24-09-2024,29-09-2024,62143000,12
24-09-2024,Backpack Purse,Handbags,2,10069.31,4795.4,20454.12,No Promotion,0,24-09-2024,30-09-2024,42022290,18
24-09-2024,Round Frame,Sunglasses,2,2511.74,2455.85,4986.82,Flash Sale,36,24-09-2024,26-09-2024,90041000,12
24-09-2024,Scrunchie Pack,Hair Accessories,1,715.48,533.12,709.14,Seasonal Offer,17,24-09-2024,25-09-2024,96151900,18
24-09-2024,Winter Wool Scarf,Scarves,2,1820.18,1400.48,3616.9,Festival Sale,28,24-09-2024,25-09-2024,62143000,12
24-09-2024,Analog Watch,Watches,2,5533.49,2896.78,10927.88,No Promotion,0,24-09-2024,28-09-2024,91021100,18
25-09-2024,Western Belt,Belts,4,909.09,725.3,3634.68,Festival Sale,15,25-09-2024,26-09-2024,42033000,18
25-09-2024,Waist Belt,Belts,1,1882.55,1068.17,1853.12,No Promotion,0,25-09-2024,28-09-2024,42033000,18
25-09-2024,Printed Scarf,Scarves,4,1247.7,1136.75,4976.96,Clearance Sale,43,25-09-2024,02-10-2024,62143000,12
25-09-2024,Cat Eye Sunglasses,Sunglasses,3,2716.64,2023.04,8147.34,Seasonal Offer,14,25-09-2024,26-09-2024,90041000,12
25-09-2024,Cat Eye Sunglasses,Sunglasses,4,1033.21,965.7,4131.28,Clearance Sale,45,25-09-2024,02-10-2024,90041000,12
25-09-2024,Hair Pin Set,Hair Accessories,1,512.66,310.26,504.35,Festival Sale,15,25-09-2024,28-09-2024,96151900,18
25-09-2024,Silver Bracelet,Jewelry,4,1774.17,1142.85,7170.2,No Promotion,0,25-09-2024,27-09-2024,71131100,3
25-09-2024,Leather Tote Bag,Handbags,6,5454.9,3659.38,32476.02,Seasonal Offer,15,25-09-2024,01-10-2024,42022290,18
25-09-2024,Leather Tote Bag,Handbags,3,10428.53,4837.59,31611.03,No Promotion,0,25-09-2024,27-09-2024,42022290,18
25-09-2024,Sports Watch,Watches,2,5009.79,4211.85,10185.74,Clearance Sale,45,25-09-2024,26-09-2024,91021100,18
25-09-2024,Leather Belt,Belts,6,1561.76,1041.62,9203.52,No Promotion,0,25-09-2024,29-09-2024,42033000,18
26-09-2024,Smart Watch,Watches,2,3197.65,2030.82,6491.44,Flash Sale,26,26-09-2024,27-09-2024,91021100,18
26-09-2024,Shoulder Bag,Handbags,1,6808.29,4910.61,6757.96,Flash Sale,31,26-09-2024,29-09-2024,42022290,18
26-09-2024,Sports Sunglasses,Sunglasses,2,2395.52,2113.38,4805.54,Festival Sale,27,26-09-2024,30-09-2024,90041000,12
26-09-2024,Analog Watch,Watches,2,7847.58,5056.44,15486.34,Festival Sale,22,26-09-2024,29-09-2024,91021100,18
26-09-2024,Dress Watch,Watches,1,1972.7,1633.38,1951.38,Festival Sale,21,26-09-2024,03-10-2024,91021100,18
26-09-2024,Scrunchie Pack,Hair Accessories,4,1002.89,763.91,4069.56,Seasonal Offer,13,26-09-2024,02-10-2024,96151900,18
26-09-2024,Shoulder Bag,Handbags,3,3054.01,2384.17,9173.85,Flash Sale,30,26-09-2024,27-09-2024,42022290,18
26-09-2024,Clutch Purse,Handbags,3,2435.18,2973.36,7446.27,Clearance Sale,59,26-09-2024,01-10-2024,42022290,18
27-09-2024,Fabric Belt,Belts,1,3450.19,1968.87,3459.94,No Promotion,0,27-09-2024,30-09-2024,42033000,18
27-09-2024,Printed Scarf,Scarves,8,1017.32,700.48,8073.92,No Promotion,0,27-09-2024,04-10-2024,62143000,12
27-09-2024,Smart Watch,Watches,7,8162.5,5838.91,57756.3,No Promotion,0,27-09-2024,03-10-2024,91021100,18
27-09-2024,Cotton Scarf,Scarves,1,1308.44,769.14,1292.41,No Promotion,0,27-09-2024,29-09-2024,62143000,12
27-09-2024,Winter Wool Scarf,Scarves,5,2478.45,1241.54,12617.75,No Promotion,0,27-09-2024,28-09-2024,62143000,12
27-09-2024,Western Belt,Belts,5,573.56,652.16,2922.2,Clearance Sale,42,27-09-2024,01-10-2024,42033000,18
27-09-2024,Pashmina Shawl,Scarves,3,804.07,735.93,2458.68,Clearance Sale,41,27-09-2024,01-10-2024,62143000,12
27-09-2024,Backpack Purse,Handbags,1,6419.48,4048.81,6476.47,No Promotion,0,27-09-2024,03-10-2024,42022290,18
27-09-2024,Gold Plated Earrings,Jewelry,7,3309.89,2823.86,23199.75,Festival Sale,26,27-09-2024,02-10-2024,71131100,3
27-09-2024,Fabric Belt,Belts,4,2367.76,1875.8,9622.12,Festival Sale,25,27-09-2024,28-09-2024,42033000,18
28-09-2024,Charm Bracelet,Jewelry,6,3572.49,2062.5,21017.34,No Promotion,0,28-09-2024,05-10-2024,71131100,3
28-09-2024,Waist Belt,Belts,10,959.61,1071.91,9408.1,Clearance Sale,59,28-09-2024,29-09-2024,42033000,18
28-09-2024,Round Frame,Sunglasses,5,3059.72,2013.72,15286.5,Seasonal Offer,16,28-09-2024,05-10-2024,90041000,12
28-09-2024,Crossbody Bag,Handbags,3,2703.23,2233.57,8087.7,Clearance Sale,42,28-09-2024,02-10-2024,42022290,18
28-09-2024,Round Frame,Sunglasses,7,2888.81,2015.11,19882.24,No Promotion,0,28-09-2024,02-10-2024,90041000,12
28-09-2024,Silk Scarf,Scarves,6,1065.47,998.46,6324.54,Festival Sale,25,28-09-2024,02-10-2024,62143000,12
28-09-2024,Oversized Sunglasses,Sunglasses,1,2366.79,2126.33,2398.65,Flash Sale,40,28-09-2024,02-10-2024,90041000,12
28-09-2024,Leather Tote Bag,Handbags,4,5726.9,2752.54,22642.68,No Promotion,0,28-09-2024,03-10-2024,42022290,18
28-09-2024,Western Belt,Belts,1,2760.93,1861.31,2790.97,No Promotion,0,28-09-2024,02-10-2024,42033000,18
28-09-2024,Printed Scarf,Scarves,6,840.59,654.6,5057.64,Festival Sale,28,28-09-2024,04-10-2024,62143000,12
28-09-2024,Printed Scarf,Scarves,5,974.94,490.67,4868.35,No Promotion,0,28-09-2024,02-10-2024,62143000,12
28-09-2024,Statement Necklace,Jewelry,4,1562.72,1752.53,6197.08,Flash Sale,38,28-09-2024,03-10-2024,71131100,3
28-09-2024,Cotton Scarf,Scarves,7,1640.14,1105.22,11643.94,No Promotion,0,28-09-2024,03-10-2024,62143000,12
30-09-2024,Fabric Belt,Belts,2,862.5,611.74,1754.74,Festival Sale,22,30-09-2024,06-10-2024,42033000,18
30-09-2024,Digital Watch,Watches,2,3271.53,1833.33,6448.62,Seasonal Offer,15,30-09-2024,01-10-2024,91021100,18
30-09-2024,Western Belt,Belts,3,1526.03,1274.91,4519.02,Festival Sale,26,30-09-2024,01-10-2024,42033000,18
30-09-2024,Round Frame,Sunglasses,1,3235,2322.04,3231.99,Festival Sale,30,30-09-2024,05-10-2024,90041000,12
30-09-2024,Pashmina Shawl,Scarves,2,1083.25,774.54,2152.52,Seasonal Offer,16,30-09-2024,07-10-2024,62143000,12
30-09-2024,Chain Belt,Belts,2,820.17,1182.61,1626.08,Clearance Sale,59,30-09-2024,03-10-2024,42033000,18
30-09-2024,Statement Necklace,Jewelry,7,4218.33,2596.54,29556.03,No Promotion,0,30-09-2024,02-10-2024,71131100,3
30-09-2024,Clutch Purse,Handbags,5,10085.97,4695.7,50924.35,No Promotion,0,30-09-2024,04-10-2024,42022290,18
30-09-2024,Statement Necklace,Jewelry,4,1529.81,1861.59,6123.8,Clearance Sale,55,30-09-2024,07-10-2024,71131100,3
30-09-2024,Round Frame,Sunglasses,2,1036.77,900.18,2036.82,Festival Sale,22,30-09-2024,06-10-2024,90041000,12
30-09-2024,Cat Eye Sunglasses,Sunglasses,5,4756.01,2220.74,23463,No Promotion,0,30-09-2024,04-10-2024,90041000,12
01-10-2024,Pearl Necklace,Jewelry,3,3422.81,2146.64,10282.59,Festival Sale,24,01-10-2024,02-10-2024,71131100,3
01-10-2024,Round Frame,Sunglasses,3,1632.35,1304.24,4951.41,Festival Sale,30,01-10-2024,05-10-2024,90041000,12
01-10-2024,Aviator Sunglasses,Sunglasses,4,4348.88,2359.8,17128.56,Seasonal Offer,14,01-10-2024,02-10-2024,90041000,12
01-10-2024,Leather Belt,Belts,2,2960.72,1948.14,5888.88,No Promotion,0,01-10-2024,04-10-2024,42033000,18
01-10-2024,Clutch Purse,Handbags,1,2687.24,1758.25,2697.52,Festival Sale,23,01-10-2024,02-10-2024,42022290,18
01-10-2024,Winter Wool Scarf,Scarves,6,2064.99,1424.07,12585.42,Seasonal Offer,15,01-10-2024,07-10-2024,62143000,12
01-10-2024,Printed Scarf,Scarves,3,541.36,460.05,1607.88,Clearance Sale,43,01-10-2024,08-10-2024,62143000,12
01-10-2024,Western Belt,Belts,4,2249.83,1547.74,9065.68,Seasonal Offer,19,01-10-2024,04-10-2024,42033000,18
01-10-2024,Digital Watch,Watches,6,6678.35,4257.61,39900.42,Seasonal Offer,20,01-10-2024,05-10-2024,91021100,18
01-10-2024,Winter Wool Scarf,Scarves,6,2205.03,1437.68,13193.46,No Promotion,0,01-10-2024,05-10-2024,62143000,12
01-10-2024,Shoulder Bag,Handbags,1,9539.94,4694.56,9464.37,No Promotion,0,01-10-2024,06-10-2024,42022290,18
01-10-2024,Leather Tote Bag,Handbags,3,4231.35,3104.25,12674.97,Festival Sale,29,01-10-2024,08-10-2024,42022290,18
01-10-2024,Silver Bracelet,Jewelry,3,2105.53,1418.94,6283.8,No Promotion,0,01-10-2024,02-10-2024,71131100,3
01-10-2024,Statement Necklace,Jewelry,13,1948.97,1173.61,25767.95,Seasonal Offer,12,01-10-2024,05-10-2024,71131100,3
01-10-2024,Sports Watch,Watches,6,6201.91,5658.96,36967.08,Festival Sale,24,01-10-2024,07-10-2024,91021100,18
01-10-2024,Round Frame,Sunglasses,7,1373.66,2034.32,9734.69,Clearance Sale,56,01-10-2024,05-10-2024,90041000,12
01-10-2024,Waist Belt,Belts,6,2711.18,1774.34,16337.7,Seasonal Offer,14,01-10-2024,05-10-2024,42033000,18
02-10-2024,Scrunchie Pack,Hair Accessories,7,469.06,650.52,3281.74,Clearance Sale,59,02-10-2024,05-10-2024,96151900,18
02-10-2024,Shoulder Bag,Handbags,5,3470.49,4229,17223.7,Clearance Sale,51,02-10-2024,08-10-2024,42022290,18
02-10-2024,Pearl Necklace,Jewelry,6,1773.73,1012.57,10540.2,Seasonal Offer,18,02-10-2024,05-10-2024,71131100,3
02-10-2024,Charm Bracelet,Jewelry,20,2398.54,1980.56,47580.8,Festival Sale,16,02-10-2024,08-10-2024,71131100,3
02-10-2024,Winter Wool Scarf,Scarves,2,804.98,1164.88,1636.46,Clearance Sale,50,02-10-2024,07-10-2024,62143000,12
02-10-2024,Sports Sunglasses,Sunglasses,5,2550.8,1468.37,12811.95,Seasonal Offer,20,02-10-2024,06-10-2024,90041000,12
02-10-2024,Hair Clip Set,Hair Accessories,4,659.09,363.16,2659.68,No Promotion,0,02-10-2024,05-10-2024,96151900,18
02-10-2024,Charm Bracelet,Jewelry,12,2017.71,937.42,24311.28,No Promotion,0,02-10-2024,04-10-2024,71131100,3
02-10-2024,Fabric Belt,Belts,7,1645.62,1853.06,11452.07,Clearance Sale,47,02-10-2024,04-10-2024,42033000,18
02-10-2024,Aviator Sunglasses,Sunglasses,3,2479.79,1524.72,7531.89,No Promotion,0,02-10-2024,03-10-2024,90041000,12
02-10-2024,Round Frame,Sunglasses,5,1147.19,956.55,5735.45,Festival Sale,26,02-10-2024,07-10-2024,90041000,12
02-10-2024,Turban,Hair Accessories,5,1228.73,798.54,6050.5,Festival Sale,19,02-10-2024,06-10-2024,96151900,18
02-10-2024,Cotton Scarf,Scarves,4,1063.62,863.82,4215.52,Festival Sale,27,02-10-2024,08-10-2024,62143000,12
03-10-2024,Leather Tote Bag,Handbags,5,5783.01,4303.11,28656.7,Flash Sale,36,03-10-2024,07-10-2024,42022290,18
03-10-2024,Leather Belt,Belts,3,1063.27,852.62,3145.92,Festival Sale,21,03-10-2024,09-10-2024,42033000,18
03-10-2024,Printed Scarf,Scarves,2,2206.44,1442.1,4430.74,No Promotion,0,03-10-2024,05-10-2024,62143000,12
03-10-2024,Scrunchie Pack,Hair Accessories,6,952.21,654.69,5654.58,Seasonal Offer,16,03-10-2024,07-10-2024,96151900,18
03-10-2024,Statement Necklace,Jewelry,11,1837.54,1211.56,20576.16,No Promotion,0,03-10-2024,08-10-2024,71131100,3
03-10-2024,Silk Scarf,Scarves,5,729.32,626.15,3712.45,Flash Sale,27,03-10-2024,04-10-2024,62143000,12
03-10-2024,Leather Tote Bag,Handbags,7,4438.37,2439.92,31279.01,No Promotion,0,03-10-2024,06-10-2024,42022290,18
03-10-2024,Backpack Purse,Handbags,4,4611.98,3945.96,18674.36,Flash Sale,37,03-10-2024,09-10-2024,42022290,18
03-10-2024,Digital Watch,Watches,4,6077.16,3285.34,24290.64,No Promotion,0,03-10-2024,08-10-2024,91021100,18
03-10-2024,Smart Watch,Watches,7,4443.08,2558.78,31500.7,No Promotion,0,03-10-2024,06-10-2024,91021100,18
03-10-2024,Silk Scarf,Scarves,7,908.59,468.33,6241.41,No Promotion,0,03-10-2024,06-10-2024,62143000,12
03-10-2024,Aviator Sunglasses,Sunglasses,4,1335.92,1090.73,5269.68,Clearance Sale,44,03-10-2024,04-10-2024,90041000,12
03-10-2024,Waist Belt,Belts,4,1990.54,1310.55,7811.4,Festival Sale,23,03-10-2024,09-10-2024,42033000,18
03-10-2024,Scrunchie Pack,Hair Accessories,3,361.32,374.21,1070.79,Clearance Sale,41,03-10-2024,10-10-2024,96151900,18
03-10-2024,Dress Watch,Watches,4,7539.67,4881.38,29624.12,No Promotion,0,03-10-2024,09-10-2024,91021100,18
03-10-2024,Sports Sunglasses,Sunglasses,6,2176,1548.56,13125.24,Festival Sale,20,03-10-2024,07-10-2024,90041000,12
03-10-2024,Analog Watch,Watches,8,4259.28,2074.77,34077.12,No Promotion,0,03-10-2024,04-10-2024,91021100,18
03-10-2024,Oversized Sunglasses,Sunglasses,8,4743.73,2444.53,38348.96,No Promotion,0,03-10-2024,08-10-2024,90041000,12
03-10-2024,Aviator Sunglasses,Sunglasses,2,2320.66,1424.73,4616.24,No Promotion,0,03-10-2024,04-10-2024,90041000,12
04-10-2024,Fabric Belt,Belts,3,1291.48,1068.31,3830.28,Flash Sale,27,04-10-2024,05-10-2024,42033000,18
04-10-2024,Statement Necklace,Jewelry,27,3656.57,2850.62,98732.25,Festival Sale,19,04-10-2024,09-10-2024,71131100,3
04-10-2024,Waist Belt,Belts,2,2959.54,1708.59,5967.68,No Promotion,0,04-10-2024,07-10-2024,42033000,18
04-10-2024,Pearl Necklace,Jewelry,11,2773.85,2415.4,30503,Seasonal Offer,19,04-10-2024,07-10-2024,71131100,3
04-10-2024,Western Belt,Belts,4,2105.53,1301.37,8572,Seasonal Offer,16,04-10-2024,11-10-2024,42033000,18
04-10-2024,Oversized Sunglasses,Sunglasses,10,2552.25,1187.02,25298.7,No Promotion,0,04-10-2024,11-10-2024,90041000,12
04-10-2024,Silver Bracelet,Jewelry,15,2579.69,2327.85,38770.35,Clearance Sale,46,04-10-2024,06-10-2024,71131100,3
04-10-2024,Dress Watch,Watches,15,5370.66,3713.59,79296.75,Festival Sale,18,04-10-2024,08-10-2024,91021100,18
04-10-2024,Turban,Hair Accessories,12,661.14,368.23,7801.56,Seasonal Offer,15,04-10-2024,11-10-2024,96151900,18
04-10-2024,Chain Belt,Belts,5,1937.32,1098.03,9833.9,No Promotion,0,04-10-2024,11-10-2024,42033000,18
04-10-2024,Silver Bracelet,Jewelry,12,4964.41,2260.35,58413.72,No Promotion,0,04-10-2024,09-10-2024,71131100,3
04-10-2024,Dress Watch,Watches,4,11254.83,5822.48,44188.88,Seasonal Offer,10,04-10-2024,11-10-2024,91021100,18
04-10-2024,Silver Bracelet,Jewelry,3,1187.16,1025.69,3543.45,Clearance Sale,42,04-10-2024,08-10-2024,71131100,3
04-10-2024,Oversized Sunglasses,Sunglasses,9,3173.66,2303.1,28195.92,Flash Sale,26,04-10-2024,08-10-2024,90041000,12
04-10-2024,Pearl Necklace,Jewelry,15,612.31,816.14,9365.1,Clearance Sale,49,04-10-2024,05-10-2024,71131100,3
04-10-2024,Waist Belt,Belts,11,756.97,676.43,8172.89,Clearance Sale,43,04-10-2024,05-10-2024,42033000,18
04-10-2024,Crossbody Bag,Handbags,3,2140.95,1395.69,6434.1,No Promotion,0,04-10-2024,10-10-2024,42022290,18
04-10-2024,Digital Watch,Watches,23,2987.87,2385.19,67612.87,Seasonal Offer,12,04-10-2024,07-10-2024,91021100,18
04-10-2024,Sports Watch,Watches,12,7376.6,4899.22,88927.8,No Promotion,0,04-10-2024,10-10-2024,91021100,18
04-10-2024,Dress Watch,Watches,5,7102.76,3615.75,35109.1,No Promotion,0,04-10-2024,10-10-2024,91021100,18
04-10-2024,Pashmina Shawl,Scarves,2,1120.87,1205.93,2249.12,Clearance Sale,45,04-10-2024,07-10-2024,62143000,12
04-10-2024,Silver Bracelet,Jewelry,15,3289.02,2344.16,49607.7,Flash Sale,26,04-10-2024,08-10-2024,71131100,3
04-10-2024,Leather Tote Bag,Handbags,14,4288.96,2633.08,58991.24,Seasonal Offer,16,04-10-2024,06-10-2024,42022290,18
04-10-2024,Fabric Belt,Belts,4,1402.25,1933.35,5564.68,Clearance Sale,58,04-10-2024,09-10-2024,42033000,18
04-10-2024,Winter Wool Scarf,Scarves,8,1265.43,600.36,9987.6,No Promotion,0,04-10-2024,10-10-2024,62143000,12
05-10-2024,Pearl Necklace,Jewelry,16,3304.94,2769.94,52787.52,Festival Sale,16,05-10-2024,06-10-2024,71131100,3
05-10-2024,Digital Watch,Watches,11,4810.54,4277.86,52045.07,Festival Sale,21,05-10-2024,10-10-2024,91021100,18
05-10-2024,Winter Wool Scarf,Scarves,6,2063.38,1165.51,12262.56,No Promotion,0,05-10-2024,12-10-2024,62143000,12
05-10-2024,Winter Wool Scarf,Scarves,3,1309.54,1292.19,3997.02,Flash Sale,29,05-10-2024,11-10-2024,62143000,12
05-10-2024,Leather Belt,Belts,5,1554.54,1137.3,7690.6,Festival Sale,29,05-10-2024,12-10-2024,42033000,18
05-10-2024,Round Frame,Sunglasses,3,1645.88,970.4,5034.57,Seasonal Offer,13,05-10-2024,06-10-2024,90041000,12
05-10-2024,Hair Clip Set,Hair Accessories,16,812.74,411.97,12834.88,No Promotion,0,05-10-2024,12-10-2024,96151900,18
05-10-2024,Pearl Necklace,Jewelry,10,1266.66,800.54,12752.4,Festival Sale,22,05-10-2024,12-10-2024,71131100,3
05-10-2024,Western Belt,Belts,5,2030.96,1645.14,10115.05,Festival Sale,19,05-10-2024,12-10-2024,42033000,18
05-10-2024,Sports Watch,Watches,13,4927.78,3415.77,63428.43,No Promotion,0,05-10-2024,11-10-2024,91021100,18
05-10-2024,Cat Eye Sunglasses,Sunglasses,5,1406.38,956.56,6993.6,No Promotion,0,05-10-2024,08-10-2024,90041000,12
05-10-2024,Digital Watch,Watches,9,7335.84,4577.62,65570.49,No Promotion,0,05-10-2024,06-10-2024,91021100,18
05-10-2024,Backpack Purse,Handbags,8,8106.94,4399.85,63852.64,No Promotion,0,05-10-2024,12-10-2024,42022290,18
05-10-2024,Scrunchie Pack,Hair Accessories,4,340.66,504.85,1369.56,Clearance Sale,55,05-10-2024,07-10-2024,96151900,18
05-10-2024,Printed Scarf,Scarves,12,646.74,439.67,7746.24,No Promotion,0,05-10-2024,11-10-2024,62143000,12
05-10-2024,Pashmina Shawl,Scarves,2,1070.06,571.06,2168.32,No Promotion,0,05-10-2024,07-10-2024,62143000,12
05-10-2024,Printed Scarf,Scarves,9,1522.41,930.05,13719.51,No Promotion,0,05-10-2024,06-10-2024,62143000,12
05-10-2024,Printed Scarf,Scarves,8,1702.77,986.13,13815.52,Festival Sale,15,05-10-2024,07-10-2024,62143000,12
05-10-2024,Turban,Hair Accessories,10,1188.67,694.02,11823.5,Festival Sale,22,05-10-2024,11-10-2024,96151900,18
05-10-2024,Chain Belt,Belts,2,871.04,741.11,1754.42,Clearance Sale,43,05-10-2024,12-10-2024,42033000,18
05-10-2024,Cotton Scarf,Scarves,11,2706.89,1343.71,29354.27,No Promotion,0,05-10-2024,10-10-2024,62143000,12
05-10-2024,Cotton Scarf,Scarves,8,1321.9,736.32,10641.76,No Promotion,0,05-10-2024,09-10-2024,62143000,12
05-10-2024,Western Belt,Belts,6,3406.74,1584.3,20616.24,No Promotion,0,05-10-2024,09-10-2024,42033000,18
05-10-2024,Analog Watch,Watches,7,7609.82,5160.54,53287.36,No Promotion,0,05-10-2024,12-10-2024,91021100,18
05-10-2024,Leather Tote Bag,Handbags,6,3221.5,2882.18,19583.34,Festival Sale,28,05-10-2024,06-10-2024,42022290,18
07-10-2024,Waist Belt,Belts,2,3471.24,1866.79,7025.72,No Promotion,0,07-10-2024,12-10-2024,42033000,18
07-10-2024,Western Belt,Belts,4,1525.75,1183.74,6034.64,Festival Sale,28,07-10-2024,12-10-2024,42033000,18
07-10-2024,Pashmina Shawl,Scarves,8,1858.61,939.54,14870.56,No Promotion,0,07-10-2024,10-10-2024,62143000,12
07-10-2024,Hair Pin Set,Hair Accessories,2,442.14,213.95,894.8,No Promotion,0,07-10-2024,12-10-2024,96151900,18
07-10-2024,Sports Sunglasses,Sunglasses,9,2670.74,1800.5,24495.66,No Promotion,0,07-10-2024,13-10-2024,90041000,12
07-10-2024,Statement Necklace,Jewelry,4,4660.95,2634.89,18668.84,No Promotion,0,07-10-2024,09-10-2024,71131100,3
07-10-2024,Gold Plated Earrings,Jewelry,14,1969.29,1310,27305.04,No Promotion,0,07-10-2024,12-10-2024,71131100,3
07-10-2024,Hair Clip Set,Hair Accessories,6,1362.63,793.57,8224.74,No Promotion,0,07-10-2024,10-10-2024,96151900,18
07-10-2024,Cat Eye Sunglasses,Sunglasses,4,2635.5,1958.39,10649.36,Flash Sale,33,07-10-2024,08-10-2024,90041000,12
07-10-2024,Waist Belt,Belts,8,1724.95,1377.97,13857.04,Seasonal Offer,16,07-10-2024,11-10-2024,42033000,18
07-10-2024,Hair Clip Set,Hair Accessories,2,553.28,266.22,1086.6,No Promotion,0,07-10-2024,13-10-2024,96151900,18
07-10-2024,Charm Bracelet,Jewelry,19,2596.82,2262.96,49491.77,Festival Sale,30,07-10-2024,13-10-2024,71131100,3
07-10-2024,Waist Belt,Belts,3,2743.63,1656.35,8310.78,Seasonal Offer,14,07-10-2024,14-10-2024,42033000,18
07-10-2024,Leather Belt,Belts,3,2810.99,1689.55,8409.69,No Promotion,0,07-10-2024,10-10-2024,42033000,18
07-10-2024,Cotton Scarf,Scarves,4,915.47,1036.35,3616.92,Clearance Sale,49,07-10-2024,14-10-2024,62143000,12
07-10-2024,Pashmina Shawl,Scarves,4,764.67,412.44,3118.24,No Promotion,0,07-10-2024,13-10-2024,62143000,12
07-10-2024,Round Frame,Sunglasses,6,2016.05,1157.15,12068.28,Festival Sale,16,07-10-2024,09-10-2024,90041000,12
07-10-2024,Pashmina Shawl,Scarves,5,593.07,414.81,2926,Festival Sale,15,07-10-2024,10-10-2024,62143000,12
07-10-2024,Headband,Hair Accessories,7,455.71,729.68,3226.65,Clearance Sale,58,07-10-2024,10-10-2024,96151900,18
07-10-2024,Leather Tote Bag,Handbags,2,3298.23,2810.98,6487.04,Clearance Sale,43,07-10-2024,13-10-2024,42022290,18
08-10-2024,Fabric Belt,Belts,5,2088.71,1142.19,10411.2,No Promotion,0,08-10-2024,15-10-2024,42033000,18
08-10-2024,Smart Watch,Watches,3,4262.47,2272.09,12778.86,No Promotion,0,08-10-2024,13-10-2024,91021100,18
08-10-2024,Silver Bracelet,Jewelry,20,3037.39,1817.79,59641.6,Seasonal Offer,10,08-10-2024,14-10-2024,71131100,3
08-10-2024,Cat Eye Sunglasses,Sunglasses,10,1993.83,2304.27,20238.1,Clearance Sale,40,08-10-2024,10-10-2024,90041000,12
08-10-2024,Waist Belt,Belts,5,2041.91,1904.03,10112.4,Clearance Sale,41,08-10-2024,14-10-2024,42033000,18
08-10-2024,Chain Belt,Belts,3,1346.36,985.45,3988.26,Festival Sale,30,08-10-2024,12-10-2024,42033000,18
08-10-2024,Pashmina Shawl,Scarves,8,2647.45,1459.97,21189.28,Festival Sale,17,08-10-2024,13-10-2024,62143000,12
08-10-2024,Oversized Sunglasses,Sunglasses,1,3791.67,2495.9,3868.03,Seasonal Offer,18,08-10-2024,14-10-2024,90041000,12
08-10-2024,Aviator Sunglasses,Sunglasses,7,2451.02,1485.68,17140.48,No Promotion,0,08-10-2024,15-10-2024,90041000,12
08-10-2024,Silk Scarf,Scarves,12,1571.1,828.09,19118.16,Seasonal Offer,11,08-10-2024,09-10-2024,62143000,12
08-10-2024,Digital Watch,Watches,10,8836.85,4429.88,88147.9,No Promotion,0,08-10-2024,15-10-2024,91021100,18
08-10-2024,Analog Watch,Watches,4,4075.58,5242.38,16148.2,Clearance Sale,60,08-10-2024,09-10-2024,91021100,18
08-10-2024,Scrunchie Pack,Hair Accessories,6,353.4,261.32,2117.76,Seasonal Offer,17,08-10-2024,12-10-2024,96151900,18
09-10-2024,Crossbody Bag,Handbags,6,5191.58,3351.46,30987.36,No Promotion,0,09-10-2024,11-10-2024,42022290,18
09-10-2024,Leather Belt,Belts,7,1877.43,1696.81,13353.55,Festival Sale,21,09-10-2024,12-10-2024,42033000,18
09-10-2024,Pearl Necklace,Jewelry,6,1891.72,996.79,11536.26,No Promotion,0,09-10-2024,12-10-2024,71131100,3
09-10-2024,Hair Clip Set,Hair Accessories,2,481.31,409.33,949.3,Seasonal Offer,18,09-10-2024,11-10-2024,96151900,18
09-10-2024,Turban,Hair Accessories,4,1204.08,560.69,4904.72,No Promotion,0,09-10-2024,14-10-2024,96151900,18
09-10-2024,Western Belt,Belts,10,2301.39,1512.14,23214.2,No Promotion,0,09-10-2024,11-10-2024,42033000,18
09-10-2024,Turban,Hair Accessories,4,889.69,692.42,3497.52,Seasonal Offer,18,09-10-2024,11-10-2024,96151900,18
09-10-2024,Sports Watch,Watches,4,5221.54,3364.27,20920.6,No Promotion,0,09-10-2024,15-10-2024,91021100,18
09-10-2024,Turban,Hair Accessories,6,1126.58,548.45,6712.62,No Promotion,0,09-10-2024,15-10-2024,96151900,18
09-10-2024,Dress Watch,Watches,2,5291.54,3215.74,10702.22,No Promotion,0,09-10-2024,16-10-2024,91021100,18
09-10-2024,Sports Watch,Watches,3,8535.83,5737.44,25844.73,Festival Sale,21,09-10-2024,16-10-2024,91021100,18
09-10-2024,Winter Wool Scarf,Scarves,6,1086.04,681.52,6513.9,No Promotion,0,09-10-2024,11-10-2024,62143000,12
10-10-2024,Leather Belt,Belts,7,1457.22,788.17,10144.47,Festival Sale,15,10-10-2024,13-10-2024,42033000,18
10-10-2024,Printed Scarf,Scarves,5,555.1,563.65,2725.3,Clearance Sale,55,10-10-2024,17-10-2024,62143000,12
10-10-2024,Silk Scarf,Scarves,7,2036.36,1413.16,14212.24,Festival Sale,22,10-10-2024,12-10-2024,62143000,12
10-10-2024,Aviator Sunglasses,Sunglasses,7,3792.06,2137.71,26980.45,No Promotion,0,10-10-2024,14-10-2024,90041000,12
10-10-2024,Pearl Necklace,Jewelry,6,3745.68,2169.09,22594.38,No Promotion,0,10-10-2024,17-10-2024,71131100,3
10-10-2024,Hair Clip Set,Hair Accessories,1,1093.95,785.75,1105.26,Seasonal Offer,15,10-10-2024,14-10-2024,96151900,18
10-10-2024,Pearl Necklace,Jewelry,23,3610.56,1919.68,83866.74,Seasonal Offer,13,10-10-2024,13-10-2024,71131100,3
10-10-2024,Oversized Sunglasses,Sunglasses,2,2447.44,1548.83,4893.82,No Promotion,0,10-10-2024,16-10-2024,90041000,12
10-10-2024,Cotton Scarf,Scarves,6,959.79,1008.59,5801.28,Clearance Sale,51,10-10-2024,14-10-2024,62143000,12
10-10-2024,Pashmina Shawl,Scarves,6,1125.91,794.76,6812.88,No Promotion,0,10-10-2024,15-10-2024,62143000,12
10-10-2024,Clutch Purse,Handbags,4,6570.96,4763.79,25800.84,Festival Sale,18,10-10-2024,12-10-2024,42022290,18
10-10-2024,Pashmina Shawl,Scarves,6,1435.42,883.07,8583.72,No Promotion,0,10-10-2024,15-10-2024,62143000,12
11-10-2024,Pashmina Shawl,Scarves,5,686.62,457.43,3466.15,Festival Sale,15,11-10-2024,13-10-2024,62143000,12
11-10-2024,Statement Necklace,Jewelry,17,2011.22,1522.84,34499.97,Festival Sale,19,11-10-2024,16-10-2024,71131100,3
11-10-2024,Turban,Hair Accessories,10,523.2,443.45,5167.7,Festival Sale,27,11-10-2024,13-10-2024,96151900,18
11-10-2024,Cotton Scarf,Scarves,7,1109.94,770.1,7651.28,Seasonal Offer,13,11-10-2024,18-10-2024,62143000,12
11-10-2024,Silver Bracelet,Jewelry,16,1658.92,1106.91,26353.92,No Promotion,0,11-10-2024,12-10-2024,71131100,3
11-10-2024,Pearl Necklace,Jewelry,10,4156.54,2159.42,41679.7,No Promotion,0,11-10-2024,17-10-2024,71131100,3
11-10-2024,Smart Watch,Watches,10,4050.25,3963.24,40078.4,Festival Sale,29,11-10-2024,17-10-2024,91021100,18
11-10-2024,Headband,Hair Accessories,7,357.77,261.7,2461.34,Seasonal Offer,10,11-10-2024,18-10-2024,96151900,18
12-10-2024,Cotton Scarf,Scarves,3,1348.08,999.43,4098.96,Seasonal Offer,18,12-10-2024,18-10-2024,62143000,12
12-10-2024,Pearl Necklace,Jewelry,13,2334.35,1082.47,29913.78,No Promotion,0,12-10-2024,14-10-2024,71131100,3
12-10-2024,Oversized Sunglasses,Sunglasses,4,3749.06,2058.53,14789.88,No Promotion,0,12-10-2024,14-10-2024,90041000,12
12-10-2024,Winter Wool Scarf,Scarves,7,889.37,433.55,6258.98,No Promotion,0,12-10-2024,13-10-2024,62143000,12
12-10-2024,Hair Pin Set,Hair Accessories,2,392.79,392.67,792.18,Festival Sale,28,12-10-2024,13-10-2024,96151900,18
12-10-2024,Backpack Purse,Handbags,5,3263.54,2661.08,16275.2,Festival Sale,20,12-10-2024,15-10-2024,42022290,18
12-10-2024,Analog Watch,Watches,7,2847.36,2337.85,20114.71,Festival Sale,28,12-10-2024,16-10-2024,91021100,18
12-10-2024,Shoulder Bag,Handbags,9,6505.66,3530.52,59393.43,No Promotion,0,12-10-2024,15-10-2024,42022290,18
12-10-2024,Headband,Hair Accessories,1,497.62,392.99,488.76,Festival Sale,19,12-10-2024,19-10-2024,96151900,18
12-10-2024,Backpack Purse,Handbags,3,3035.78,2782.54,9110.49,Clearance Sale,45,12-10-2024,17-10-2024,42022290,18
14-10-2024,Clutch Purse,Handbags,6,3342.08,2895.66,20074.74,Clearance Sale,45,14-10-2024,16-10-2024,42022290,18
14-10-2024,Round Frame,Sunglasses,4,2165.72,1208.89,8794.4,No Promotion,0,14-10-2024,16-10-2024,90041000,12
14-10-2024,Hair Clip Set,Hair Accessories,6,635.82,614.49,3814.26,Festival Sale,27,14-10-2024,15-10-2024,96151900,18
14-10-2024,Backpack Purse,Handbags,4,9407.23,4576.84,37266.92,No Promotion,0,14-10-2024,18-10-2024,42022290,18
14-10-2024,Charm Bracelet,Jewelry,5,5481.64,2985.62,27687.25,No Promotion,0,14-10-2024,21-10-2024,71131100,3
14-10-2024,Oversized Sunglasses,Sunglasses,5,4182.36,2484.16,21022.05,Festival Sale,19,14-10-2024,17-10-2024,90041000,12
14-10-2024,Western Belt,Belts,2,2704.07,1635.48,5478.5,Festival Sale,21,14-10-2024,17-10-2024,42033000,18
14-10-2024,Pearl Necklace,Jewelry,23,1017.46,1464.26,23537.97,Clearance Sale,57,14-10-2024,18-10-2024,71131100,3
14-10-2024,Dress Watch,Watches,4,7881.37,5242.99,31076.4,No Promotion,0,14-10-2024,19-10-2024,91021100,18
14-10-2024,Digital Watch,Watches,5,5214.52,4814.03,26349.75,Clearance Sale,41,14-10-2024,21-10-2024,91021100,18
14-10-2024,Silk Scarf,Scarves,4,1253.82,816.38,5111.48,Festival Sale,27,14-10-2024,19-10-2024,62143000,12
14-10-2024,Headband,Hair Accessories,8,290.62,235.82,2321.6,Festival Sale,21,14-10-2024,15-10-2024,96151900,18
14-10-2024,Sports Sunglasses,Sunglasses,1,3758.03,1805.62,3746.12,No Promotion,0,14-10-2024,20-10-2024,90041000,12
14-10-2024,Aviator Sunglasses,Sunglasses,10,2094.23,1891,21086.6,Festival Sale,29,14-10-2024,18-10-2024,90041000,12
14-10-2024,Headband,Hair Accessories,10,846.85,569.83,8420.8,Flash Sale,25,14-10-2024,16-10-2024,96151900,18
14-10-2024,Chain Belt,Belts,9,1278.03,1464.86,11718.9,Clearance Sale,44,14-10-2024,17-10-2024,42033000,18
14-10-2024,Scrunchie Pack,Hair Accessories,8,241.45,220.69,1944,Festival Sale,26,14-10-2024,17-10-2024,96151900,18
14-10-2024,Pashmina Shawl,Scarves,6,1810.6,1218.2,11020.26,No Promotion,0,14-10-2024,18-10-2024,62143000,12
14-10-2024,Hair Pin Set,Hair Accessories,6,978.44,466.66,5934.78,No Promotion,0,14-10-2024,16-10-2024,96151900,18
14-10-2024,Dress Watch,Watches,9,5156.86,3679.47,46630.8,No Promotion,0,14-10-2024,19-10-2024,91021100,18
14-10-2024,Pashmina Shawl,Scarves,7,1796.57,986.39,12579.28,Seasonal Offer,17,14-10-2024,16-10-2024,62143000,12
14-10-2024,Analog Watch,Watches,5,5536.54,2989.84,28140.6,No Promotion,0,14-10-2024,16-10-2024,91021100,18
15-10-2024,Silver Bracelet,Jewelry,6,3118.42,1939.06,19013.76,Seasonal Offer,13,15-10-2024,20-10-2024,71131100,3
15-10-2024,Oversized Sunglasses,Sunglasses,3,1268.32,1011.15,3778.65,Festival Sale,25,15-10-2024,18-10-2024,90041000,12
15-10-2024,Dress Watch,Watches,5,7464.7,5033.72,37467.2,No Promotion,0,15-10-2024,18-10-2024,91021100,18
15-10-2024,Crossbody Bag,Handbags,3,5222.27,3267.21,15872.19,No Promotion,0,15-10-2024,21-10-2024,42022290,18
15-10-2024,Silk Scarf,Scarves,6,750.22,408.69,4549.56,No Promotion,0,15-10-2024,19-10-2024,62143000,12
15-10-2024,Leather Tote Bag,Handbags,9,3530.21,2709.16,31494.69,Festival Sale,20,15-10-2024,22-10-2024,42022290,18
15-10-2024,Fabric Belt,Belts,5,1458.34,1106.03,7424.8,Seasonal Offer,13,15-10-2024,19-10-2024,42033000,18
15-10-2024,Hair Pin Set,Hair Accessories,4,173.03,230.1,691.88,Clearance Sale,47,15-10-2024,18-10-2024,96151900,18
15-10-2024,Silver Bracelet,Jewelry,12,4778.1,2918.54,57659.4,No Promotion,0,15-10-2024,22-10-2024,71131100,3
15-10-2024,Scrunchie Pack,Hair Accessories,7,396.56,282.68,2741.83,Festival Sale,23,15-10-2024,20-10-2024,96151900,18
15-10-2024,Pashmina Shawl,Scarves,10,1151.51,751.9,11383,No Promotion,0,15-10-2024,20-10-2024,62143000,12
15-10-2024,Smart Watch,Watches,4,7073.28,5563.41,28080.6,Festival Sale,16,15-10-2024,16-10-2024,91021100,18
15-10-2024,Silk Scarf,Scarves,4,2587.33,1229.56,10397.24,No Promotion,0,15-10-2024,19-10-2024,62143000,12
15-10-2024,Crossbody Bag,Handbags,5,4478.03,3162.15,22273.25,No Promotion,0,15-10-2024,16-10-2024,42022290,18
15-10-2024,Waist Belt,Belts,7,2634.01,1499.79,18335.52,Festival Sale,17,15-10-2024,16-10-2024,42033000,18
15-10-2024,Pearl Necklace,Jewelry,5,4447.38,2691.74,22387.15,No Promotion,0,15-10-2024,17-10-2024,71131100,3
15-10-2024,Cat Eye Sunglasses,Sunglasses,6,1585.84,1235.49,9372.6,Flash Sale,31,15-10-2024,17-10-2024,90041000,12
15-10-2024,Clutch Purse,Handbags,7,4807.1,4488,33009.48,Festival Sale,28,15-10-2024,16-10-2024,42022290,18
15-10-2024,Digital Watch,Watches,7,4105.1,3374.69,28950.6,Festival Sale,19,15-10-2024,19-10-2024,91021100,18
15-10-2024,Digital Watch,Watches,5,7294.86,5639.72,36040.05,Festival Sale,29,15-10-2024,19-10-2024,91021100,18
15-10-2024,Statement Necklace,Jewelry,6,2736.38,2207.65,16417.68,Festival Sale,16,15-10-2024,17-10-2024,71131100,3
15-10-2024,Gold Plated Earrings,Jewelry,6,3110.02,2038.32,18687.3,Seasonal Offer,10,15-10-2024,21-10-2024,71131100,3
16-10-2024,Hair Pin Set,Hair Accessories,3,1161.94,633.81,3501.72,No Promotion,0,16-10-2024,17-10-2024,96151900,18
16-10-2024,Backpack Purse,Handbags,5,1744.75,2463.81,8796.95,Clearance Sale,55,16-10-2024,18-10-2024,42022290,18
16-10-2024,Winter Wool Scarf,Scarves,6,1361.53,816.58,8034.36,Festival Sale,18,16-10-2024,22-10-2024,62143000,12
16-10-2024,Dress Watch,Watches,6,3958.82,1790.13,23526.3,No Promotion,0,16-10-2024,21-10-2024,91021100,18
16-10-2024,Cat Eye Sunglasses,Sunglasses,6,1637.31,1804.43,9847.2,Clearance Sale,42,16-10-2024,17-10-2024,90041000,12
16-10-2024,Aviator Sunglasses,Sunglasses,4,3176.04,2471.52,12577.6,Festival Sale,18,16-10-2024,18-10-2024,90041000,12
16-10-2024,Shoulder Bag,Handbags,3,4363.13,4881.28,12975.93,Clearance Sale,51,16-10-2024,20-10-2024,42022290,18
16-10-2024,Headband,Hair Accessories,3,935.72,669,2833.53,Festival Sale,17,16-10-2024,17-10-2024,96151900,18
16-10-2024,Analog Watch,Watches,13,6226.05,2889.49,82001.01,No Promotion,0,16-10-2024,18-10-2024,91021100,18
16-10-2024,Oversized Sunglasses,Sunglasses,13,2123.18,1435.75,27235,No Promotion,0,16-10-2024,21-10-2024,90041000,12
16-10-2024,Oversized Sunglasses,Sunglasses,5,1697.65,1968.09,8383.8,Clearance Sale,57,16-10-2024,18-10-2024,90041000,12
16-10-2024,Shoulder Bag,Handbags,6,3842.88,3642.24,22607.94,Festival Sale,30,16-10-2024,21-10-2024,42022290,18
16-10-2024,Analog Watch,Watches,7,2393.84,1705.7,17085.32,No Promotion,0,16-10-2024,22-10-2024,91021100,18
17-10-2024,Oversized Sunglasses,Sunglasses,16,1685.84,1570.53,26929.92,Clearance Sale,43,17-10-2024,21-10-2024,90041000,12
17-10-2024,Statement Necklace,Jewelry,3,3248.34,1806.72,9667.17,Festival Sale,15,17-10-2024,23-10-2024,71131100,3
17-10-2024,Cat Eye Sunglasses,Sunglasses,8,1501.72,905.71,11974.24,Festival Sale,22,17-10-2024,23-10-2024,90041000,12
17-10-2024,Hair Clip Set,Hair Accessories,4,737.19,474.47,2924.16,No Promotion,0,17-10-2024,21-10-2024,96151900,18
17-10-2024,Shoulder Bag,Handbags,5,2275.85,1691.94,11546.8,Festival Sale,18,17-10-2024,21-10-2024,42022290,18
17-10-2024,Turban,Hair Accessories,2,430.05,334.89,877.6,Festival Sale,30,17-10-2024,19-10-2024,96151900,18
17-10-2024,Hair Clip Set,Hair Accessories,2,493.68,335.46,1003.7,No Promotion,0,17-10-2024,24-10-2024,96151900,18
17-10-2024,Winter Wool Scarf,Scarves,1,2441.29,1445.69,2453.06,No Promotion,0,17-10-2024,18-10-2024,62143000,12
17-10-2024,Smart Watch,Watches,9,11731.01,5377.63,106306.47,No Promotion,0,17-10-2024,23-10-2024,91021100,18
17-10-2024,Waist Belt,Belts,7,2439.37,1661.93,16823.87,No Promotion,0,17-10-2024,24-10-2024,42033000,18
17-10-2024,Oversized Sunglasses,Sunglasses,11,1510.5,1001.47,16896.99,No Promotion,0,17-10-2024,22-10-2024,90041000,12
17-10-2024,Silver Bracelet,Jewelry,2,3560.86,1896.65,7138.08,No Promotion,0,17-10-2024,20-10-2024,71131100,3
17-10-2024,Waist Belt,Belts,4,3038.21,1365.21,11934.28,No Promotion,0,17-10-2024,19-10-2024,42033000,18
17-10-2024,Waist Belt,Belts,7,1730.5,847.14,12112.1,No Promotion,0,17-10-2024,18-10-2024,42033000,18
17-10-2024,Crossbody Bag,Handbags,2,5516.86,3462.09,11198.38,Seasonal Offer,15,17-10-2024,18-10-2024,42022290,18
17-10-2024,Waist Belt,Belts,5,2412.68,1521.47,12164.95,No Promotion,0,17-10-2024,21-10-2024,42033000,18
17-10-2024,Crossbody Bag,Handbags,5,6789.87,4448.66,33778.05,Festival Sale,30,17-10-2024,23-10-2024,42022290,18
17-10-2024,Dress Watch,Watches,10,2403.58,1844.13,24514.3,Seasonal Offer,13,17-10-2024,23-10-2024,91021100,18
18-10-2024,Scrunchie Pack,Hair Accessories,1,655.57,459.95,643.52,Seasonal Offer,18,18-10-2024,19-10-2024,96151900,18
18-10-2024,Turban,Hair Accessories,3,733.21,594.71,2193.75,Festival Sale,25,18-10-2024,25-10-2024,96151900,18
18-10-2024,Winter Wool Scarf,Scarves,1,751.67,813.23,745.58,Clearance Sale,43,18-10-2024,24-10-2024,62143000,12
18-10-2024,Sports Sunglasses,Sunglasses,9,1844.5,1208.6,16601.22,Festival Sale,26,18-10-2024,19-10-2024,90041000,12
18-10-2024,Headband,Hair Accessories,3,625.13,309.44,1841.67,No Promotion,0,18-10-2024,21-10-2024,96151900,18
18-10-2024,Chain Belt,Belts,1,1467.97,1301.14,1462.75,Flash Sale,38,18-10-2024,22-10-2024,42033000,18
18-10-2024,Pearl Necklace,Jewelry,12,2687.25,2356.26,32039.4,Clearance Sale,48,18-10-2024,25-10-2024,71131100,3
18-10-2024,Oversized Sunglasses,Sunglasses,4,2934.93,1997.99,11572.68,No Promotion,0,18-10-2024,22-10-2024,90041000,12
19-10-2024,Smart Watch,Watches,8,3528.6,4602.31,27826.4,Clearance Sale,59,19-10-2024,22-10-2024,91021100,18
19-10-2024,Leather Belt,Belts,8,1340.33,1556.68,10928.88,Flash Sale,40,19-10-2024,23-10-2024,42033000,18
19-10-2024,Leather Belt,Belts,8,3238.93,1676.79,26138,No Promotion,0,19-10-2024,25-10-2024,42033000,18
19-10-2024,Printed Scarf,Scarves,6,834.08,634.41,5055.78,Festival Sale,21,19-10-2024,24-10-2024,62143000,12
19-10-2024,Dress Watch,Watches,5,8409.73,5521.2,42895.15,No Promotion,0,19-10-2024,25-10-2024,91021100,18
19-10-2024,Silver Bracelet,Jewelry,7,3669.56,2994.34,25305.56,Festival Sale,30,19-10-2024,20-10-2024,71131100,3
19-10-2024,Hair Clip Set,Hair Accessories,5,695.55,329.97,3503.35,No Promotion,0,19-10-2024,22-10-2024,96151900,18
19-10-2024,Pearl Necklace,Jewelry,6,2151.08,1393.31,12985.98,Festival Sale,29,19-10-2024,22-10-2024,71131100,3
19-10-2024,Scrunchie Pack,Hair Accessories,10,886.82,675.89,9012.5,Festival Sale,16,19-10-2024,23-10-2024,96151900,18
21-10-2024,Backpack Purse,Handbags,6,5305.91,2412.84,31223.82,No Promotion,0,21-10-2024,27-10-2024,42022290,18
21-10-2024,Silk Scarf,Scarves,12,1633.45,796.02,19348.92,No Promotion,0,21-10-2024,24-10-2024,62143000,12
21-10-2024,Sports Watch,Watches,6,4338.81,2759.66,25958.22,Festival Sale,18,21-10-2024,28-10-2024,91021100,18
21-10-2024,Silver Bracelet,Jewelry,9,1417.12,1054.42,12616.83,Seasonal Offer,12,21-10-2024,27-10-2024,71131100,3
21-10-2024,Cat Eye Sunglasses,Sunglasses,4,997.63,902.49,3946.76,Clearance Sale,45,21-10-2024,24-10-2024,90041000,12
21-10-2024,Sports Watch,Watches,5,4965.3,2557.83,24671.85,No Promotion,0,21-10-2024,23-10-2024,91021100,18
21-10-2024,Crossbody Bag,Handbags,3,2218.2,1496.21,6742.53,Festival Sale,22,21-10-2024,22-10-2024,42022290,18
21-10-2024,Digital Watch,Watches,5,4350.2,3371,21561,Festival Sale,24,21-10-2024,28-10-2024,91021100,18
21-10-2024,Oversized Sunglasses,Sunglasses,9,2438.34,1610.48,21884.13,Seasonal Offer,17,21-10-2024,25-10-2024,90041000,12
21-10-2024,Headband,Hair Accessories,7,692.39,463.79,4803.68,Festival Sale,26,21-10-2024,27-10-2024,96151900,18
21-10-2024,Chain Belt,Belts,10,2358.7,1368.28,23546.1,No Promotion,0,21-10-2024,28-10-2024,42033000,18
21-10-2024,Western Belt,Belts,2,3911.34,1844.61,7682.44,No Promotion,0,21-10-2024,26-10-2024,42033000,18
21-10-2024,Oversized Sunglasses,Sunglasses,6,4260.85,2101.62,25435.86,No Promotion,0,21-10-2024,28-10-2024,90041000,12
21-10-2024,Sports Watch,Watches,2,5916.76,4538.88,11798.74,Flash Sale,28,21-10-2024,22-10-2024,91021100,18
22-10-2024,Headband,Hair Accessories,6,900.07,552.97,5327.4,Seasonal Offer,10,22-10-2024,24-10-2024,96151900,18
22-10-2024,Silver Bracelet,Jewelry,3,4580.01,2464.26,13806.72,No Promotion,0,22-10-2024,23-10-2024,71131100,3
22-10-2024,Waist Belt,Belts,15,1193.73,716.89,18038.85,Festival Sale,17,22-10-2024,29-10-2024,42033000,18
22-10-2024,Aviator Sunglasses,Sunglasses,3,2063.97,1195.94,6191.13,Festival Sale,19,22-10-2024,27-10-2024,90041000,12
22-10-2024,Scrunchie Pack,Hair Accessories,2,725.96,411.82,1447.04,No Promotion,0,22-10-2024,25-10-2024,96151900,18
22-10-2024,Oversized Sunglasses,Sunglasses,5,3113.64,1967.53,15744.25,No Promotion,0,22-10-2024,25-10-2024,90041000,12
22-10-2024,Cotton Scarf,Scarves,4,1439.8,1155.53,5717.52,Flash Sale,31,22-10-2024,25-10-2024,62143000,12
22-10-2024,Smart Watch,Watches,3,2177.57,2357.67,6454.65,Clearance Sale,51,22-10-2024,25-10-2024,91021100,18
22-10-2024,Statement Necklace,Jewelry,19,2490.29,1889.56,47169.59,Festival Sale,21,22-10-2024,29-10-2024,71131100,3
22-10-2024,Fabric Belt,Belts,6,2313.91,1558.96,13870.74,Festival Sale,29,22-10-2024,29-10-2024,42033000,18
22-10-2024,Statement Necklace,Jewelry,3,1910.93,923.64,5780.28,No Promotion,0,22-10-2024,24-10-2024,71131100,3
22-10-2024,Statement Necklace,Jewelry,3,4016.51,2556.68,11855.31,No Promotion,0,22-10-2024,27-10-2024,71131100,3
22-10-2024,Oversized Sunglasses,Sunglasses,1,3363.45,1874.69,3329.56,No Promotion,0,22-10-2024,27-10-2024,90041000,12
22-10-2024,Dress Watch,Watches,7,6140.61,4402.49,43018.22,Seasonal Offer,11,22-10-2024,27-10-2024,91021100,18
22-10-2024,Silver Bracelet,Jewelry,4,3766.85,2672.74,14972.12,Seasonal Offer,16,22-10-2024,23-10-2024,71131100,3
22-10-2024,Smart Watch,Watches,3,5934.62,5719.71,17920.8,Flash Sale,40,22-10-2024,25-10-2024,91021100,18
22-10-2024,Pashmina Shawl,Scarves,8,2690.41,1309.61,21909.04,No Promotion,0,22-10-2024,27-10-2024,62143000,12
22-10-2024,Winter Wool Scarf,Scarves,5,1901.25,1141.25,9620.2,No Promotion,0,22-10-2024,26-10-2024,62143000,12
22-10-2024,Charm Bracelet,Jewelry,10,2785.4,1313.92,28330.5,No Promotion,0,22-10-2024,24-10-2024,71131100,3
22-10-2024,Aviator Sunglasses,Sunglasses,6,3942.27,2427.21,23645.88,Festival Sale,22,22-10-2024,26-10-2024,90041000,12
22-10-2024,Smart Watch,Watches,4,8300.8,4727.87,33041.88,Seasonal Offer,20,22-10-2024,29-10-2024,91021100,18
22-10-2024,Cat Eye Sunglasses,Sunglasses,3,1231.75,930.56,3713.01,Festival Sale,26,22-10-2024,25-10-2024,90041000,12
22-10-2024,Hair Pin Set,Hair Accessories,1,540.29,553.62,539.64,Clearance Sale,40,22-10-2024,26-10-2024,96151900,18
23-10-2024,Cat Eye Sunglasses,Sunglasses,3,3589.65,1788,10950.54,No Promotion,0,23-10-2024,30-10-2024,90041000,12
23-10-2024,Oversized Sunglasses,Sunglasses,3,3318.84,2194.75,9850.14,No Promotion,0,23-10-2024,29-10-2024,90041000,12
23-10-2024,Sports Watch,Watches,6,7675.23,3791.26,46928.4,No Promotion,0,23-10-2024,30-10-2024,91021100,18
23-10-2024,Printed Scarf,Scarves,3,1795.79,1151.91,5358.57,Festival Sale,24,23-10-2024,25-10-2024,62143000,12
23-10-2024,Backpack Purse,Handbags,8,2484.61,1426.8,19930,No Promotion,0,23-10-2024,26-10-2024,42022290,18
23-10-2024,Shoulder Bag,Handbags,2,2036.92,1413.43,4126.02,Festival Sale,18,23-10-2024,24-10-2024,42022290,18
23-10-2024,Pearl Necklace,Jewelry,1,1748.02,1047.65,1746.41,Festival Sale,18,23-10-2024,25-10-2024,71131100,3
23-10-2024,Leather Belt,Belts,2,889.74,659.81,1759.7,Festival Sale,17,23-10-2024,29-10-2024,42033000,18
23-10-2024,Dress Watch,Watches,3,3198.18,1853.37,9627.84,Festival Sale,18,23-10-2024,25-10-2024,91021100,18
23-10-2024,Cat Eye Sunglasses,Sunglasses,2,909.74,962.56,1829.16,Clearance Sale,56,23-10-2024,30-10-2024,90041000,12
23-10-2024,Leather Tote Bag,Handbags,12,2274.77,1214.34,27693.24,Seasonal Offer,13,23-10-2024,30-10-2024,42022290,18
23-10-2024,Oversized Sunglasses,Sunglasses,6,2641.72,1857.07,15790.56,Festival Sale,28,23-10-2024,29-10-2024,90041000,12
23-10-2024,Sports Sunglasses,Sunglasses,6,2913.93,2399.05,17257.14,Seasonal Offer,15,23-10-2024,24-10-2024,90041000,12
23-10-2024,Round Frame,Sunglasses,5,1283.52,1194.5,6401.9,Festival Sale,25,23-10-2024,27-10-2024,90041000,12
24-10-2024,Sports Sunglasses,Sunglasses,6,2242.79,1258.51,13639.44,No Promotion,0,24-10-2024,29-10-2024,90041000,12
24-10-2024,Sports Watch,Watches,7,4320.56,2660.23,30050.09,No Promotion,0,24-10-2024,26-10-2024,91021100,18
24-10-2024,Dress Watch,Watches,4,5189.26,3246.69,21154.64,No Promotion,0,24-10-2024,29-10-2024,91021100,18
24-10-2024,Oversized Sunglasses,Sunglasses,6,3988.62,2243.84,23612.4,Seasonal Offer,20,24-10-2024,30-10-2024,90041000,12
24-10-2024,Headband,Hair Accessories,3,829.03,500.75,2445.84,Seasonal Offer,16,24-10-2024,27-10-2024,96151900,18
24-10-2024,Leather Belt,Belts,6,2084.16,1230.07,12456.6,No Promotion,0,24-10-2024,26-10-2024,42033000,18
24-10-2024,Leather Belt,Belts,7,1666.31,1290.75,11488.75,Seasonal Offer,17,24-10-2024,29-10-2024,42033000,18
24-10-2024,Sports Sunglasses,Sunglasses,6,2786.56,1436.61,17001.9,No Promotion,0,24-10-2024,27-10-2024,90041000,12
24-10-2024,Silk Scarf,Scarves,6,910.18,458.4,5521.08,No Promotion,0,24-10-2024,30-10-2024,62143000,12
24-10-2024,Leather Tote Bag,Handbags,9,3348.19,2288.05,30355.56,Seasonal Offer,20,24-10-2024,27-10-2024,42022290,18
25-10-2024,Chain Belt,Belts,8,1660.15,840.93,13137.68,No Promotion,0,25-10-2024,29-10-2024,42033000,18
25-10-2024,Backpack Purse,Handbags,7,6020.76,4285.59,42171.92,No Promotion,0,25-10-2024,01-11-2024,42022290,18
25-10-2024,Cat Eye Sunglasses,Sunglasses,9,1482.02,1580.37,13419.54,Clearance Sale,46,25-10-2024,27-10-2024,90041000,12
25-10-2024,Leather Belt,Belts,1,1520.53,995.77,1541.62,Seasonal Offer,12,25-10-2024,01-11-2024,42033000,18
25-10-2024,Analog Watch,Watches,7,7903.83,4628.92,54647.74,No Promotion,0,25-10-2024,29-10-2024,91021100,18
25-10-2024,Digital Watch,Watches,18,7478.86,4611.04,137251.8,No Promotion,0,25-10-2024,29-10-2024,91021100,18
25-10-2024,Sports Watch,Watches,23,2501.33,1738.73,57907.56,No Promotion,0,25-10-2024,28-10-2024,91021100,18
25-10-2024,Round Frame,Sunglasses,8,2227.95,1725.01,18008.88,Festival Sale,15,25-10-2024,29-10-2024,90041000,12
25-10-2024,Shoulder Bag,Handbags,4,5914.75,3598.34,24015.36,Seasonal Offer,18,25-10-2024,01-11-2024,42022290,18
25-10-2024,Winter Wool Scarf,Scarves,11,1101.45,714.82,12276.99,Festival Sale,25,25-10-2024,31-10-2024,62143000,12
25-10-2024,Winter Wool Scarf,Scarves,8,1225.89,1294.71,9809.52,Clearance Sale,51,25-10-2024,01-11-2024,62143000,12
25-10-2024,Statement Necklace,Jewelry,16,3122.26,1888.01,50104.32,No Promotion,0,25-10-2024,28-10-2024,71131100,3
25-10-2024,Smart Watch,Watches,3,6293.53,3784.32,18866.73,Festival Sale,18,25-10-2024,28-10-2024,91021100,18
25-10-2024,Chain Belt,Belts,3,1696.94,1599.17,5044.89,Clearance Sale,49,25-10-2024,27-10-2024,42033000,18
25-10-2024,Silk Scarf,Scarves,4,1040.76,707.57,4098.72,Flash Sale,27,25-10-2024,26-10-2024,62143000,12
26-10-2024,Sports Sunglasses,Sunglasses,8,3297.81,2416.39,26791.36,Flash Sale,35,26-10-2024,31-10-2024,90041000,12
26-10-2024,Sports Sunglasses,Sunglasses,9,2133.64,1485.7,19528.74,Festival Sale,23,26-10-2024,30-10-2024,90041000,12
26-10-2024,Analog Watch,Watches,6,2488.48,2931.62,15038.94,Clearance Sale,53,26-10-2024,28-10-2024,91021100,18
26-10-2024,Scrunchie Pack,Hair Accessories,15,1087.48,567.25,16282.05,No Promotion,0,26-10-2024,29-10-2024,96151900,18
26-10-2024,Shoulder Bag,Handbags,27,2105.75,2638.11,57780,Clearance Sale,48,26-10-2024,02-11-2024,42022290,18
26-10-2024,Sports Watch,Watches,3,8059.87,5850.05,23972.52,Festival Sale,16,26-10-2024,28-10-2024,91021100,18
26-10-2024,Silver Bracelet,Jewelry,15,2477.5,1699.08,37079.25,Festival Sale,27,26-10-2024,01-11-2024,71131100,3
26-10-2024,Oversized Sunglasses,Sunglasses,1,2005.02,934.77,1985.29,No Promotion,0,26-10-2024,30-10-2024,90041000,12
26-10-2024,Pashmina Shawl,Scarves,11,1004.65,712.71,11114.29,Seasonal Offer,12,26-10-2024,01-11-2024,62143000,12
26-10-2024,Silk Scarf,Scarves,5,1425.03,957.79,7153.45,Festival Sale,28,26-10-2024,28-10-2024,62143000,12
26-10-2024,Sports Sunglasses,Sunglasses,18,3492.36,2105.91,62098.56,Festival Sale,23,26-10-2024,28-10-2024,90041000,12
26-10-2024,Shoulder Bag,Handbags,17,2818.48,3557.45,48364.83,Clearance Sale,54,26-10-2024,31-10-2024,42022290,18
26-10-2024,Aviator Sunglasses,Sunglasses,7,2313.15,1122.2,16269.19,No Promotion,0,26-10-2024,02-11-2024,90041000,12
26-10-2024,Backpack Purse,Handbags,2,8571.11,4433.65,17482.44,No Promotion,0,26-10-2024,30-10-2024,42022290,18
28-10-2024,Digital Watch,Watches,3,4459.95,3974.28,13350.3,Clearance Sale,49,28-10-2024,01-11-2024,91021100,18
28-10-2024,Scrunchie Pack,Hair Accessories,3,840.11,600.74,2485.38,Flash Sale,25,28-10-2024,03-11-2024,96151900,18
28-10-2024,Digital Watch,Watches,4,3417.25,2612.05,13932.08,Festival Sale,23,28-10-2024,04-11-2024,91021100,18
28-10-2024,Western Belt,Belts,11,631.97,970.08,6920.21,Clearance Sale,55,28-10-2024,02-11-2024,42033000,18
28-10-2024,Gold Plated Earrings,Jewelry,16,2582.3,1895.6,40753.6,Festival Sale,29,28-10-2024,04-11-2024,71131100,3
28-10-2024,Chain Belt,Belts,1,1043.9,655.86,1044.15,Festival Sale,23,28-10-2024,02-11-2024,42033000,18
28-10-2024,Cotton Scarf,Scarves,11,910.41,720.92,10089.97,Flash Sale,31,28-10-2024,02-11-2024,62143000,12
28-10-2024,Round Frame,Sunglasses,6,2506,1562.98,14743.14,No Promotion,0,28-10-2024,04-11-2024,90041000,12
28-10-2024,Analog Watch,Watches,1,7268.03,4554.81,7396.78,No Promotion,0,28-10-2024,30-10-2024,91021100,18
29-10-2024,Sports Sunglasses,Sunglasses,5,1651.64,1362.34,8355,Flash Sale,29,29-10-2024,30-10-2024,90041000,12
29-10-2024,Round Frame,Sunglasses,4,3567.13,1989.6,14052,No Promotion,0,29-10-2024,30-10-2024,90041000,12
29-10-2024,Dress Watch,Watches,1,4508.29,2683.61,4545.14,No Promotion,0,29-10-2024,01-11-2024,91021100,18
29-10-2024,Silver Bracelet,Jewelry,6,1906.15,958.89,11292.42,No Promotion,0,29-10-2024,04-11-2024,71131100,3
29-10-2024,Oversized Sunglasses,Sunglasses,1,991.05,924.42,997.71,Clearance Sale,43,29-10-2024,05-11-2024,90041000,12
29-10-2024,Fabric Belt,Belts,5,1337.9,1376.29,6607.05,Clearance Sale,56,29-10-2024,03-11-2024,42033000,18
29-10-2024,Smart Watch,Watches,8,2588.62,2834.31,20556.24,Clearance Sale,41,29-10-2024,04-11-2024,91021100,18
29-10-2024,Cotton Scarf,Scarves,11,1330.73,708.89,14656.51,No Promotion,0,29-10-2024,05-11-2024,62143000,12
29-10-2024,Oversized Sunglasses,Sunglasses,13,2963.91,1610.39,38495.47,No Promotion,0,29-10-2024,04-11-2024,90041000,12
29-10-2024,Pashmina Shawl,Scarves,2,907.34,663.15,1838.38,Festival Sale,28,29-10-2024,31-10-2024,62143000,12
29-10-2024,Western Belt,Belts,7,1297.59,1317.43,9224.88,Clearance Sale,48,29-10-2024,31-10-2024,42033000,18
29-10-2024,Clutch Purse,Handbags,2,2384.02,1387.3,4727.02,No Promotion,0,29-10-2024,05-11-2024,42022290,18
29-10-2024,Fabric Belt,Belts,3,1996.81,1162.76,5908.05,Festival Sale,23,29-10-2024,01-11-2024,42033000,18
29-10-2024,Western Belt,Belts,7,1671.04,1314.48,11594.31,Flash Sale,30,29-10-2024,02-11-2024,42033000,18
29-10-2024,Hair Clip Set,Hair Accessories,1,628.67,798.28,618.46,Clearance Sale,54,29-10-2024,30-10-2024,96151900,18
30-10-2024,Analog Watch,Watches,4,8229.96,5355.02,32414.08,Festival Sale,24,30-10-2024,04-11-2024,91021100,18
30-10-2024,Fabric Belt,Belts,5,883.9,821.56,4370.85,Festival Sale,29,30-10-2024,02-11-2024,42033000,18
30-10-2024,Aviator Sunglasses,Sunglasses,8,3088.72,2443.2,24322.4,Festival Sale,21,30-10-2024,05-11-2024,90041000,12
30-10-2024,Pearl Necklace,Jewelry,8,1195.69,1355.46,9694.56,Clearance Sale,48,30-10-2024,01-11-2024,71131100,3
30-10-2024,Silk Scarf,Scarves,5,778.97,476.34,3859.15,No Promotion,0,30-10-2024,05-11-2024,62143000,12
30-10-2024,Cat Eye Sunglasses,Sunglasses,13,1503.43,1176.33,19348.29,Clearance Sale,40,30-10-2024,02-11-2024,90041000,12
30-10-2024,Silver Bracelet,Jewelry,1,4343.95,2978.54,4404.92,Festival Sale,18,30-10-2024,05-11-2024,71131100,3
30-10-2024,Sports Sunglasses,Sunglasses,7,1846.66,1157.98,12718.23,No Promotion,0,30-10-2024,03-11-2024,90041000,12
30-10-2024,Pearl Necklace,Jewelry,11,2643.16,1827.91,29657.54,Seasonal Offer,11,30-10-2024,05-11-2024,71131100,3
30-10-2024,Dress Watch,Watches,16,3148.72,1642.99,50511.68,No Promotion,0,30-10-2024,01-11-2024,91021100,18
30-10-2024,Fabric Belt,Belts,2,1317.16,670.33,2685.72,No Promotion,0,30-10-2024,05-11-2024,42033000,18
30-10-2024,Round Frame,Sunglasses,4,3577.93,1863.07,14298.36,No Promotion,0,30-10-2024,04-11-2024,90041000,12
30-10-2024,Crossbody Bag,Handbags,4,3685.32,2526.02,14793.24,Seasonal Offer,12,30-10-2024,04-11-2024,42022290,18
30-10-2024,Backpack Purse,Handbags,6,8859.58,4582.38,52897.08,Seasonal Offer,11,30-10-2024,04-11-2024,42022290,18
31-10-2024,Sports Watch,Watches,16,4874.33,3352.86,77166.88,No Promotion,0,31-10-2024,01-11-2024,91021100,18
31-10-2024,Oversized Sunglasses,Sunglasses,2,1741.79,1263.03,3446.56,Festival Sale,23,31-10-2024,04-11-2024,90041000,12
31-10-2024,Digital Watch,Watches,10,9471.39,5372.35,93879.4,Festival Sale,16,31-10-2024,04-11-2024,91021100,18
31-10-2024,Aviator Sunglasses,Sunglasses,1,3547.81,2262.75,3605.22,No Promotion,0,31-10-2024,04-11-2024,90041000,12
31-10-2024,Leather Belt,Belts,6,2006.63,1547.71,12079.68,Flash Sale,35,31-10-2024,04-11-2024,42033000,18
31-10-2024,Charm Bracelet,Jewelry,14,2869.12,2376.14,39666.34,Festival Sale,29,31-10-2024,01-11-2024,71131100,3
31-10-2024,Hair Pin Set,Hair Accessories,4,576.85,301.14,2293.24,No Promotion,0,31-10-2024,01-11-2024,96151900,18
31-10-2024,Crossbody Bag,Handbags,7,2077.49,1581.77,14437.85,Festival Sale,19,31-10-2024,02-11-2024,42022290,18
31-10-2024,Chain Belt,Belts,10,1420.49,1816.96,14361.8,Clearance Sale,45,31-10-2024,04-11-2024,42033000,18
31-10-2024,Dress Watch,Watches,9,7156.32,5807.79,64860.75,Festival Sale,26,31-10-2024,05-11-2024,91021100,18
31-10-2024,Cat Eye Sunglasses,Sunglasses,8,3725.84,2280.91,29273.04,Festival Sale,15,31-10-2024,02-11-2024,90041000,12
31-10-2024,Cat Eye Sunglasses,Sunglasses,6,2187.8,1359.77,12947.16,No Promotion,0,31-10-2024,03-11-2024,90041000,12
31-10-2024,Waist Belt,Belts,3,3265.64,1972.55,9930,No Promotion,0,31-10-2024,06-11-2024,42033000,18
31-10-2024,Leather Tote Bag,Handbags,2,1449.08,1778.64,2892.98,Clearance Sale,56,31-10-2024,06-11-2024,42022290,18
31-10-2024,Shoulder Bag,Handbags,3,2644.49,1882.17,7936.47,Festival Sale,23,31-10-2024,06-11-2024,42022290,18
31-10-2024,Sports Sunglasses,Sunglasses,8,2064.19,1252.5,16550.8,No Promotion,0,31-10-2024,04-11-2024,90041000,12
01-11-2024,Silver Bracelet,Jewelry,10,2220.74,2161.56,22233.5,Festival Sale,28,01-11-2024,05-11-2024,71131100,3
01-11-2024,Backpack Purse,Handbags,9,3983.86,3707.89,35650.98,Festival Sale,24,01-11-2024,07-11-2024,42022290,18
01-11-2024,Aviator Sunglasses,Sunglasses,3,2447.62,1609.55,7208.16,Festival Sale,22,01-11-2024,07-11-2024,90041000,12
01-11-2024,Cotton Scarf,Scarves,2,1122.59,987.67,2211.98,Festival Sale,29,01-11-2024,07-11-2024,62143000,12
01-11-2024,Backpack Purse,Handbags,5,2768.09,1983.51,13635.85,Festival Sale,29,01-11-2024,05-11-2024,42022290,18
01-11-2024,Hair Pin Set,Hair Accessories,4,778.54,692.9,3089.04,Festival Sale,29,01-11-2024,07-11-2024,96151900,18
01-11-2024,Turban,Hair Accessories,12,484.01,318.61,5922.36,Festival Sale,23,01-11-2024,02-11-2024,96151900,18
01-11-2024,Aviator Sunglasses,Sunglasses,5,1893.44,1692.57,9489.8,Festival Sale,30,01-11-2024,03-11-2024,90041000,12
01-11-2024,Pearl Necklace,Jewelry,42,2908.44,2612.4,122100.3,Festival Sale,29,01-11-2024,08-11-2024,71131100,3
02-11-2024,Gold Plated Earrings,Jewelry,12,1093.59,848.39,12945.72,Festival Sale,25,02-11-2024,03-11-2024,71131100,3
02-11-2024,Charm Bracelet,Jewelry,8,2729.17,2545.86,21470.24,Festival Sale,26,02-11-2024,09-11-2024,71131100,3
02-11-2024,Shoulder Bag,Handbags,9,6655.79,4302.4,60018.48,Festival Sale,24,02-11-2024,05-11-2024,42022290,18
02-11-2024,Backpack Purse,Handbags,1,2590.12,1609.42,2610.96,Festival Sale,20,02-11-2024,05-11-2024,42022290,18
02-11-2024,Headband,Hair Accessories,11,352.2,270.82,3899.61,Festival Sale,31,02-11-2024,05-11-2024,96151900,18
02-11-2024,Chain Belt,Belts,10,2190.19,1697.26,21833.2,Festival Sale,28,02-11-2024,04-11-2024,42033000,18
02-11-2024,Smart Watch,Watches,6,4659.74,4096.99,28212.36,Festival Sale,25,02-11-2024,06-11-2024,91021100,18
02-11-2024,Leather Tote Bag,Handbags,5,5863.8,4689.06,28845.1,Festival Sale,33,02-11-2024,08-11-2024,42022290,18
02-11-2024,Analog Watch,Watches,5,3233.68,2252.47,16221.2,Festival Sale,26,02-11-2024,07-11-2024,91021100,18
02-11-2024,Shoulder Bag,Handbags,2,5806.17,3910.95,11389.08,Festival Sale,25,02-11-2024,04-11-2024,42022290,18
02-11-2024,Cat Eye Sunglasses,Sunglasses,11,2389.23,2406.5,26698.54,Festival Sale,33,02-11-2024,04-11-2024,90041000,12
02-11-2024,Backpack Purse,Handbags,4,3253.91,2539.45,13180.2,Festival Sale,21,02-11-2024,08-11-2024,42022290,18
02-11-2024,Scrunchie Pack,Hair Accessories,8,266.53,237.11,2131.28,Festival Sale,31,02-11-2024,09-11-2024,96151900,18
02-11-2024,Shoulder Bag,Handbags,9,3153.59,2072.15,27970.29,Festival Sale,29,02-11-2024,04-11-2024,42022290,18
02-11-2024,Sports Watch,Watches,4,4074.29,2638.23,16392.92,Festival Sale,27,02-11-2024,06-11-2024,91021100,18
02-11-2024,Oversized Sunglasses,Sunglasses,15,1737.08,1027.86,25709.1,Festival Sale,22,02-11-2024,04-11-2024,90041000,12
04-11-2024,Hair Pin Set,Hair Accessories,3,809.41,683.72,2435.49,Festival Sale,33,04-11-2024,11-11-2024,96151900,18
04-11-2024,Clutch Purse,Handbags,4,1504.75,1421.83,5935.2,Festival Sale,29,04-11-2024,06-11-2024,42022290,18
04-11-2024,Printed Scarf,Scarves,2,1717.15,1236.97,3465.14,Festival Sale,29,04-11-2024,05-11-2024,62143000,12
04-11-2024,Clutch Purse,Handbags,10,2296.07,1980.3,22986.5,Festival Sale,31,04-11-2024,08-11-2024,42022290,18
04-11-2024,Scrunchie Pack,Hair Accessories,4,781.59,672.61,3154.28,Festival Sale,23,04-11-2024,07-11-2024,96151900,18
04-11-2024,Pashmina Shawl,Scarves,2,1160.49,874.69,2347.72,Festival Sale,25,04-11-2024,10-11-2024,62143000,12
04-11-2024,Leather Tote Bag,Handbags,4,4912.95,3726.8,19714,Festival Sale,24,04-11-2024,07-11-2024,42022290,18
04-11-2024,Cotton Scarf,Scarves,2,1509.05,1126.18,3038.18,Festival Sale,29,04-11-2024,06-11-2024,62143000,12
04-11-2024,Pearl Necklace,Jewelry,14,3142.05,2744.44,43489.18,Festival Sale,27,04-11-2024,06-11-2024,71131100,3
04-11-2024,Hair Pin Set,Hair Accessories,8,422.92,378.62,3350.16,Festival Sale,32,04-11-2024,10-11-2024,96151900,18
04-11-2024,Headband,Hair Accessories,3,653.6,587.95,1971.96,Festival Sale,29,04-11-2024,05-11-2024,96151900,18
04-11-2024,Gold Plated Earrings,Jewelry,6,1870.92,1675.03,11008.74,Festival Sale,33,04-11-2024,09-11-2024,71131100,3
04-11-2024,Round Frame,Sunglasses,6,1337.17,1198.28,7873.8,Festival Sale,25,04-11-2024,07-11-2024,90041000,12
04-11-2024,Dress Watch,Watches,4,5851.21,4544.57,23020.08,Festival Sale,24,04-11-2024,11-11-2024,91021100,18
04-11-2024,Headband,Hair Accessories,6,1008.63,582.57,6030.9,Festival Sale,21,04-11-2024,10-11-2024,96151900,18
05-11-2024,Scrunchie Pack,Hair Accessories,9,1096.55,682.2,9903.69,Festival Sale,22,05-11-2024,06-11-2024,96151900,18
05-11-2024,Gold Plated Earrings,Jewelry,2,2967.07,1989.72,5978.86,Festival Sale,28,05-11-2024,06-11-2024,71131100,3
05-11-2024,Cat Eye Sunglasses,Sunglasses,6,2286.39,2126.87,13989.72,Festival Sale,27,05-11-2024,07-11-2024,90041000,12
05-11-2024,Silver Bracelet,Jewelry,10,2712.93,1665.39,26987,Festival Sale,25,05-11-2024,11-11-2024,71131100,3
05-11-2024,Chain Belt,Belts,2,1490.59,1526.88,2974.86,Festival Sale,34,05-11-2024,07-11-2024,42033000,18
05-11-2024,Scrunchie Pack,Hair Accessories,5,684.28,498.78,3403.7,Festival Sale,33,05-11-2024,10-11-2024,96151900,18
05-11-2024,Sports Watch,Watches,3,4584.46,3853.14,13711.71,Festival Sale,25,05-11-2024,10-11-2024,91021100,18
05-11-2024,Western Belt,Belts,4,1629.76,1459.21,6614.88,Festival Sale,23,05-11-2024,08-11-2024,42033000,18
05-11-2024,Pashmina Shawl,Scarves,5,1662.85,1099.32,8249.8,Festival Sale,30,05-11-2024,08-11-2024,62143000,12
05-11-2024,Pearl Necklace,Jewelry,7,1712.71,1297.81,12056.31,Festival Sale,26,05-11-2024,11-11-2024,71131100,3
05-11-2024,Sports Watch,Watches,3,2945.5,2138.69,8830.74,Festival Sale,30,05-11-2024,06-11-2024,91021100,18
05-11-2024,Waist Belt,Belts,3,1579.32,1466.94,4763.55,Festival Sale,32,05-11-2024,11-11-2024,42033000,18
05-11-2024,Turban,Hair Accessories,4,690.68,532.21,2816.56,Festival Sale,21,05-11-2024,10-11-2024,96151900,18
05-11-2024,Backpack Purse,Handbags,5,2513.24,1812.31,12379.75,Festival Sale,24,05-11-2024,11-11-2024,42022290,18
05-11-2024,Hair Pin Set,Hair Accessories,4,308.36,233.35,1251,Festival Sale,26,05-11-2024,08-11-2024,96151900,18
05-11-2024,Sports Sunglasses,Sunglasses,1,2137.26,1438.09,2130.26,Festival Sale,29,05-11-2024,07-11-2024,90041000,12
05-11-2024,Charm Bracelet,Jewelry,8,3291.54,2976.2,25934.88,Festival Sale,30,05-11-2024,12-11-2024,71131100,3
05-11-2024,Shoulder Bag,Handbags,3,3210.64,2141.34,9740.49,Festival Sale,26,05-11-2024,06-11-2024,42022290,18
05-11-2024,Statement Necklace,Jewelry,7,3046.16,2394.12,21398.44,Festival Sale,26,05-11-2024,09-11-2024,71131100,3
05-11-2024,Silk Scarf,Scarves,2,951.7,935.75,1912.76,Festival Sale,27,05-11-2024,07-11-2024,62143000,12
05-11-2024,Headband,Hair Accessories,2,731.37,564.42,1487.18,Festival Sale,28,05-11-2024,12-11-2024,96151900,18
05-11-2024,Hair Clip Set,Hair Accessories,2,333.74,229.2,669.52,Festival Sale,27,05-11-2024,10-11-2024,96151900,18
05-11-2024,Western Belt,Belts,3,1047.17,1011.08,3144.09,Festival Sale,26,05-11-2024,06-11-2024,42033000,18
05-11-2024,Dress Watch,Watches,11,3278.63,2978.41,36761.01,Festival Sale,24,05-11-2024,12-11-2024,91021100,18
05-11-2024,Winter Wool Scarf,Scarves,2,2051.34,1364.32,4104.62,Festival Sale,26,05-11-2024,07-11-2024,62143000,12
06-11-2024,Scrunchie Pack,Hair Accessories,6,782.53,550.57,4772.7,Festival Sale,32,06-11-2024,11-11-2024,96151900,18
06-11-2024,Hair Pin Set,Hair Accessories,4,1078.82,678.46,4248.6,Festival Sale,20,06-11-2024,10-11-2024,96151900,18
06-11-2024,Western Belt,Belts,12,1928.55,1595.01,23004.48,Festival Sale,34,06-11-2024,12-11-2024,42033000,18
06-11-2024,Silk Scarf,Scarves,2,918.69,768.83,1870.56,Festival Sale,32,06-11-2024,09-11-2024,62143000,12
06-11-2024,Turban,Hair Accessories,7,796.39,692.2,5502.77,Festival Sale,30,06-11-2024,08-11-2024,96151900,18
06-11-2024,Aviator Sunglasses,Sunglasses,11,1977.56,1314.81,21874.27,Festival Sale,31,06-11-2024,07-11-2024,90041000,12
06-11-2024,Crossbody Bag,Handbags,3,1629.28,1330.53,4942.08,Festival Sale,27,06-11-2024,10-11-2024,42022290,18
06-11-2024,Oversized Sunglasses,Sunglasses,4,2009.47,1198.11,8117.8,Festival Sale,22,06-11-2024,07-11-2024,90041000,12
06-11-2024,Scrunchie Pack,Hair Accessories,1,703.05,583.23,700.31,Festival Sale,32,06-11-2024,07-11-2024,96151900,18
06-11-2024,Chain Belt,Belts,12,1871.36,1179.59,22838.64,Festival Sale,24,06-11-2024,09-11-2024,42033000,18
06-11-2024,Oversized Sunglasses,Sunglasses,1,2957.09,2248.68,3010.22,Festival Sale,30,06-11-2024,10-11-2024,90041000,12
06-11-2024,Sports Watch,Watches,3,5908.7,5564.71,17636.16,Festival Sale,29,06-11-2024,09-11-2024,91021100,18
06-11-2024,Pearl Necklace,Jewelry,16,1385.49,1194.93,21748.64,Festival Sale,22,06-11-2024,09-11-2024,71131100,3
06-11-2024,Hair Pin Set,Hair Accessories,2,563.69,398.49,1128.12,Festival Sale,26,06-11-2024,09-11-2024,96151900,18
06-11-2024,Charm Bracelet,Jewelry,21,2622.49,2002.6,55264.02,Festival Sale,22,06-11-2024,11-11-2024,71131100,3
06-11-2024,Backpack Purse,Handbags,5,4207.93,3204.7,20669.9,Festival Sale,30,06-11-2024,09-11-2024,42022290,18
07-11-2024,Sports Watch,Watches,6,4864.01,3629.95,29489.58,Festival Sale,23,07-11-2024,13-11-2024,91021100,18
07-11-2024,Hair Pin Set,Hair Accessories,4,690.16,589.37,2789.6,Festival Sale,31,07-11-2024,14-11-2024,96151900,18
07-11-2024,Dress Watch,Watches,6,2741.22,2067.32,16185.06,Festival Sale,34,07-11-2024,13-11-2024,91021100,18
07-11-2024,Pashmina Shawl,Scarves,9,1271.41,810.84,11375.82,Festival Sale,20,07-11-2024,14-11-2024,62143000,12
07-11-2024,Crossbody Bag,Handbags,6,4074.97,2857.37,24894.12,Festival Sale,20,07-11-2024,14-11-2024,42022290,18
07-11-2024,Gold Plated Earrings,Jewelry,14,3815.03,2790.13,53041.24,Festival Sale,27,07-11-2024,14-11-2024,71131100,3
07-11-2024,Backpack Purse,Handbags,5,2084.27,1503.45,10289.65,Festival Sale,32,07-11-2024,12-11-2024,42022290,18
07-11-2024,Fabric Belt,Belts,5,1348.42,861.73,6803.6,Festival Sale,23,07-11-2024,13-11-2024,42033000,18
07-11-2024,Gold Plated Earrings,Jewelry,9,2811.23,2061.4,25420.14,Festival Sale,30,07-11-2024,09-11-2024,71131100,3
08-11-2024,Silk Scarf,Scarves,18,1342.93,1211.5,24468.66,Festival Sale,21,08-11-2024,15-11-2024,62143000,12
08-11-2024,Shoulder Bag,Handbags,2,3194.03,2232.76,6354.16,Festival Sale,20,08-11-2024,11-11-2024,42022290,18
08-11-2024,Scrunchie Pack,Hair Accessories,1,945.16,697.17,938.99,Festival Sale,28,08-11-2024,13-11-2024,96151900,18
08-11-2024,Sports Watch,Watches,12,7454.64,4549.49,91026.72,Festival Sale,21,08-11-2024,11-11-2024,91021100,18
08-11-2024,Hair Clip Set,Hair Accessories,4,719.57,635.71,2857.96,Festival Sale,28,08-11-2024,10-11-2024,96151900,18
08-11-2024,Sports Sunglasses,Sunglasses,9,2435.57,2230.38,21782.07,Festival Sale,31,08-11-2024,11-11-2024,90041000,12
08-11-2024,Waist Belt,Belts,13,2269.13,1791.42,30057.56,Festival Sale,20,08-11-2024,15-11-2024,42033000,18
08-11-2024,Charm Bracelet,Jewelry,10,2321.47,1891.2,23163.4,Festival Sale,22,08-11-2024,12-11-2024,71131100,3
08-11-2024,Leather Tote Bag,Handbags,7,4370.17,3635.77,30452.38,Festival Sale,28,08-11-2024,11-11-2024,42022290,18
08-11-2024,Pashmina Shawl,Scarves,8,827.65,825.37,6639.76,Festival Sale,34,08-11-2024,15-11-2024,62143000,12
08-11-2024,Cat Eye Sunglasses,Sunglasses,7,1700.44,1437.01,11714.99,Festival Sale,21,08-11-2024,13-11-2024,90041000,12
08-11-2024,Charm Bracelet,Jewelry,6,2610.42,2374.73,15770.76,Festival Sale,28,08-11-2024,10-11-2024,71131100,3
08-11-2024,Aviator Sunglasses,Sunglasses,4,2319.6,1653.72,9441.88,Festival Sale,34,08-11-2024,10-11-2024,90041000,12
08-11-2024,Pashmina Shawl,Scarves,25,1537.3,1132.38,38170,Festival Sale,31,08-11-2024,12-11-2024,62143000,12
08-11-2024,Analog Watch,Watches,11,4031.84,3057.72,44164.34,Festival Sale,23,08-11-2024,14-11-2024,91021100,18
08-11-2024,Headband,Hair Accessories,14,918.92,568.86,12618.06,Festival Sale,21,08-11-2024,09-11-2024,96151900,18
08-11-2024,Scrunchie Pack,Hair Accessories,2,218.41,203.37,441.56,Festival Sale,28,08-11-2024,15-11-2024,96151900,18
08-11-2024,Winter Wool Scarf,Scarves,9,990.85,900.44,8955.09,Festival Sale,23,08-11-2024,14-11-2024,62143000,12
08-11-2024,Chain Belt,Belts,6,1704.16,1752.45,10240.86,Festival Sale,34,08-11-2024,11-11-2024,42033000,18
08-11-2024,Statement Necklace,Jewelry,13,952.59,906.73,12207.13,Festival Sale,30,08-11-2024,14-11-2024,71131100,3
08-11-2024,Charm Bracelet,Jewelry,19,4020.74,2908.66,76656.07,Festival Sale,20,08-11-2024,09-11-2024,71131100,3
08-11-2024,Smart Watch,Watches,19,3998.3,2697.7,75149.56,Festival Sale,23,08-11-2024,09-11-2024,91021100,18
08-11-2024,Turban,Hair Accessories,9,918.19,634.65,8378.73,Festival Sale,25,08-11-2024,10-11-2024,96151900,18
09-11-2024,Digital Watch,Watches,14,3674.02,3072.26,51622.62,Festival Sale,21,09-11-2024,14-11-2024,91021100,18
09-11-2024,Oversized Sunglasses,Sunglasses,10,2619.5,2315.52,26561.6,Festival Sale,20,09-11-2024,10-11-2024,90041000,12
09-11-2024,Gold Plated Earrings,Jewelry,21,3472.47,2892.82,71633.31,Festival Sale,33,09-11-2024,12-11-2024,71131100,3
09-11-2024,Shoulder Bag,Handbags,16,3824.39,2350.68,61989.28,Festival Sale,20,09-11-2024,13-11-2024,42022290,18
09-11-2024,Smart Watch,Watches,6,7179.91,5433.66,43219.38,Festival Sale,21,09-11-2024,15-11-2024,91021100,18
09-11-2024,Shoulder Bag,Handbags,4,2939.71,2259.2,11958.68,Festival Sale,33,09-11-2024,15-11-2024,42022290,18
09-11-2024,Aviator Sunglasses,Sunglasses,9,1959.31,1323.13,17341.47,Festival Sale,33,09-11-2024,12-11-2024,90041000,12
09-11-2024,Gold Plated Earrings,Jewelry,15,1693.48,1667.44,25276.95,Festival Sale,33,09-11-2024,10-11-2024,71131100,3
09-11-2024,Pashmina Shawl,Scarves,2,2205.54,1416.55,4330.96,Festival Sale,24,09-11-2024,11-11-2024,62143000,12
09-11-2024,Hair Clip Set,Hair Accessories,3,847.02,628.1,2588.46,Festival Sale,20,09-11-2024,10-11-2024,96151900,18
09-11-2024,Hair Clip Set,Hair Accessories,16,928.59,689.26,15053.12,Festival Sale,26,09-11-2024,13-11-2024,96151900,18
09-11-2024,Leather Belt,Belts,4,1463.96,934.1,5884.08,Festival Sale,27,09-11-2024,14-11-2024,42033000,18
09-11-2024,Gold Plated Earrings,Jewelry,10,1479.52,1137.04,14723.7,Festival Sale,28,09-11-2024,16-11-2024,71131100,3
09-11-2024,Hair Pin Set,Hair Accessories,8,228.82,212.81,1843.12,Festival Sale,28,09-11-2024,13-11-2024,96151900,18
09-11-2024,Digital Watch,Watches,13,3083.87,3129.11,39753.35,Festival Sale,32,09-11-2024,10-11-2024,91021100,18
09-11-2024,Printed Scarf,Scarves,3,1471.62,1103.45,4474.8,Festival Sale,24,09-11-2024,12-11-2024,62143000,12
09-11-2024,Waist Belt,Belts,9,2066.72,1587.71,18525.87,Festival Sale,25,09-11-2024,12-11-2024,42033000,18
09-11-2024,Turban,Hair Accessories,16,794.21,621.03,12759.36,Festival Sale,30,09-11-2024,11-11-2024,96151900,18
09-11-2024,Fabric Belt,Belts,5,2060.36,1972.67,10298.4,Festival Sale,30,09-11-2024,11-11-2024,42033000,18
09-11-2024,Dress Watch,Watches,9,2454.85,1929.48,22032.27,Festival Sale,34,09-11-2024,12-11-2024,91021100,18
09-11-2024,Oversized Sunglasses,Sunglasses,8,1087.41,978.35,8855.2,Festival Sale,23,09-11-2024,12-11-2024,90041000,12
11-11-2024,Printed Scarf,Scarves,18,1782.85,1452.21,31556.16,Festival Sale,20,11-11-2024,16-11-2024,62143000,12
11-11-2024,Gold Plated Earrings,Jewelry,32,3411.77,2093.26,107941.44,Festival Sale,23,11-11-2024,15-11-2024,71131100,3
11-11-2024,Smart Watch,Watches,7,8337.38,4969.63,58496.34,Festival Sale,20,11-11-2024,17-11-2024,91021100,18
11-11-2024,Hair Clip Set,Hair Accessories,4,522.16,464.26,2084.68,Festival Sale,22,11-11-2024,16-11-2024,96151900,18
11-11-2024,Backpack Purse,Handbags,4,3833.92,3452.64,15627.88,Festival Sale,23,11-11-2024,13-11-2024,42022290,18
11-11-2024,Statement Necklace,Jewelry,4,3742.96,2335.57,14973.08,Festival Sale,24,11-11-2024,12-11-2024,71131100,3
11-11-2024,Cat Eye Sunglasses,Sunglasses,4,2468.8,2090.32,9904.4,Festival Sale,31,11-11-2024,17-11-2024,90041000,12
11-11-2024,Gold Plated Earrings,Jewelry,13,1335.46,1154.26,17448.6,Festival Sale,25,11-11-2024,18-11-2024,71131100,3
11-11-2024,Chain Belt,Belts,2,777.4,684.63,1535.44,Festival Sale,25,11-11-2024,14-11-2024,42033000,18
11-11-2024,Oversized Sunglasses,Sunglasses,3,2419.94,2332.4,7353.39,Festival Sale,34,11-11-2024,15-11-2024,90041000,12
11-11-2024,Turban,Hair Accessories,6,534.19,424.13,3247.2,Festival Sale,26,11-11-2024,15-11-2024,96151900,18
11-11-2024,Silver Bracelet,Jewelry,4,1706.74,1166.69,6821.04,Festival Sale,27,11-11-2024,15-11-2024,71131100,3
11-11-2024,Charm Bracelet,Jewelry,14,3543.47,2970.8,49239.96,Festival Sale,26,11-11-2024,16-11-2024,71131100,3
12-11-2024,Pearl Necklace,Jewelry,7,1393.82,1245.11,9946.72,Festival Sale,23,12-11-2024,14-11-2024,71131100,3
12-11-2024,Crossbody Bag,Handbags,2,3756.41,2461.08,7499.06,Festival Sale,28,12-11-2024,15-11-2024,42022290,18
12-11-2024,Silk Scarf,Scarves,4,498.5,502.91,2010.2,Festival Sale,33,12-11-2024,15-11-2024,62143000,12
12-11-2024,Leather Belt,Belts,6,2683.22,1728.37,15935.58,Festival Sale,29,12-11-2024,18-11-2024,42033000,18
12-11-2024,Cotton Scarf,Scarves,9,999.36,902.82,9005.49,Festival Sale,25,12-11-2024,17-11-2024,62143000,12
12-11-2024,Analog Watch,Watches,4,2155.3,1958.79,8507.52,Festival Sale,24,12-11-2024,14-11-2024,91021100,18
12-11-2024,Analog Watch,Watches,2,6040.22,3952.17,12130.42,Festival Sale,26,12-11-2024,15-11-2024,91021100,18
12-11-2024,Backpack Purse,Handbags,3,6585.55,4667.55,19501.5,Festival Sale,30,12-11-2024,13-11-2024,42022290,18
12-11-2024,Hair Pin Set,Hair Accessories,6,465.97,303.52,2771.82,Festival Sale,20,12-11-2024,17-11-2024,96151900,18
13-11-2024,Turban,Hair Accessories,2,1052.46,734.32,2077.64,Festival Sale,26,13-11-2024,16-11-2024,96151900,18
13-11-2024,Shoulder Bag,Handbags,7,5938.3,3849.3,41055.07,Festival Sale,24,13-11-2024,18-11-2024,42022290,18
13-11-2024,Chain Belt,Belts,5,2301.04,1837.83,11511.5,Festival Sale,30,13-11-2024,20-11-2024,42033000,18
13-11-2024,Sports Sunglasses,Sunglasses,4,1852.56,1408.26,7449.56,Festival Sale,29,13-11-2024,18-11-2024,90041000,12
13-11-2024,Aviator Sunglasses,Sunglasses,3,3303.19,1901.19,9805.56,Festival Sale,21,13-11-2024,14-11-2024,90041000,12
13-11-2024,Chain Belt,Belts,6,1941.23,1301.66,11712.24,Festival Sale,26,13-11-2024,19-11-2024,42033000,18
13-11-2024,Sports Watch,Watches,7,5215.68,3719.86,37119.39,Festival Sale,30,13-11-2024,15-11-2024,91021100,18
13-11-2024,Analog Watch,Watches,1,5856.86,5344.75,5773.98,Festival Sale,29,13-11-2024,18-11-2024,91021100,18
13-11-2024,Western Belt,Belts,6,2299.86,1957.12,13856.16,Festival Sale,25,13-11-2024,19-11-2024,42033000,18
13-11-2024,Statement Necklace,Jewelry,6,2286.2,1959.82,13921.8,Festival Sale,20,13-11-2024,19-11-2024,71131100,3
13-11-2024,Analog Watch,Watches,6,3077.33,1896.64,18356.4,Festival Sale,21,13-11-2024,15-11-2024,91021100,18
13-11-2024,Analog Watch,Watches,6,3079.79,2310.34,18195.06,Festival Sale,31,13-11-2024,20-11-2024,91021100,18
13-11-2024,Hair Clip Set,Hair Accessories,2,387.35,366.3,763.68,Festival Sale,34,13-11-2024,17-11-2024,96151900,18
13-11-2024,Aviator Sunglasses,Sunglasses,6,1665.27,1168.62,9969.9,Festival Sale,27,13-11-2024,15-11-2024,90041000,12
13-11-2024,Aviator Sunglasses,Sunglasses,4,1636.89,1452.27,6657.24,Festival Sale,26,13-11-2024,16-11-2024,90041000,12
13-11-2024,Oversized Sunglasses,Sunglasses,2,2689.29,2299.06,5336.62,Festival Sale,26,13-11-2024,19-11-2024,90041000,12
13-11-2024,Silk Scarf,Scarves,5,1021.67,841.51,5086.2,Festival Sale,21,13-11-2024,19-11-2024,62143000,12
13-11-2024,Aviator Sunglasses,Sunglasses,10,1512.53,1041.63,15302.7,Festival Sale,26,13-11-2024,16-11-2024,90041000,12
13-11-2024,Printed Scarf,Scarves,2,968.99,707.58,1907.42,Festival Sale,28,13-11-2024,16-11-2024,62143000,12
13-11-2024,Waist Belt,Belts,7,1883.66,1748.67,13407.31,Festival Sale,29,13-11-2024,17-11-2024,42033000,18
13-11-2024,Aviator Sunglasses,Sunglasses,11,3567.86,2284.27,39446.77,Festival Sale,24,13-11-2024,20-11-2024,90041000,12
13-11-2024,Scrunchie Pack,Hair Accessories,3,789.92,528.96,2408.82,Festival Sale,21,13-11-2024,15-11-2024,96151900,18
13-11-2024,Backpack Purse,Handbags,11,4590.16,2637.51,49673.25,Festival Sale,22,13-11-2024,19-11-2024,42022290,18
13-11-2024,Clutch Purse,Handbags,4,2608.38,2288.34,10631.08,Festival Sale,31,13-11-2024,14-11-2024,42022290,18
14-11-2024,Headband,Hair Accessories,3,790.34,537.92,2378.07,Festival Sale,25,14-11-2024,16-11-2024,96151900,18
14-11-2024,Fabric Belt,Belts,4,1806.58,1574.6,7123.24,Festival Sale,27,14-11-2024,16-11-2024,42033000,18
14-11-2024,Pashmina Shawl,Scarves,4,1297.11,996.62,5240.56,Festival Sale,26,14-11-2024,21-11-2024,62143000,12
14-11-2024,Round Frame,Sunglasses,4,1235.72,1041.93,5022.24,Festival Sale,27,14-11-2024,19-11-2024,90041000,12
14-11-2024,Dress Watch,Watches,9,6462.45,5045.29,59042.97,Festival Sale,33,14-11-2024,17-11-2024,91021100,18
14-11-2024,Winter Wool Scarf,Scarves,2,928,683.31,1863.08,Festival Sale,22,14-11-2024,17-11-2024,62143000,12
14-11-2024,Scrunchie Pack,Hair Accessories,3,498.3,452.67,1499.19,Festival Sale,26,14-11-2024,18-11-2024,96151900,18
14-11-2024,Printed Scarf,Scarves,1,1647.12,1345.78,1632.88,Festival Sale,25,14-11-2024,20-11-2024,62143000,12
14-11-2024,Leather Belt,Belts,3,2455.66,1739.52,7445.04,Festival Sale,30,14-11-2024,20-11-2024,42033000,18
14-11-2024,Sports Sunglasses,Sunglasses,10,1981.68,1558.92,19658.1,Festival Sale,25,14-11-2024,20-11-2024,90041000,12
14-11-2024,Crossbody Bag,Handbags,5,3464.1,3045.7,16981.55,Festival Sale,27,14-11-2024,17-11-2024,42022290,18
15-11-2024,Hair Pin Set,Hair Accessories,6,330.13,253.43,1952.34,Festival Sale,25,15-11-2024,22-11-2024,96151900,18
15-11-2024,Pearl Necklace,Jewelry,4,1537.85,1360.97,6118.24,Festival Sale,28,15-11-2024,17-11-2024,71131100,3
15-11-2024,Hair Pin Set,Hair Accessories,5,344.41,330.9,1692.25,Festival Sale,31,15-11-2024,22-11-2024,96151900,18
15-11-2024,Dress Watch,Watches,5,2987.99,1985,14652.1,Festival Sale,20,15-11-2024,22-11-2024,91021100,18
15-11-2024,Round Frame,Sunglasses,3,2680.15,1543.85,8017.92,Festival Sale,20,15-11-2024,16-11-2024,90041000,12
15-11-2024,Printed Scarf,Scarves,3,860.72,847.2,2605.74,Festival Sale,34,15-11-2024,20-11-2024,62143000,12
15-11-2024,Silk Scarf,Scarves,26,1321.22,1114.81,33790.9,Festival Sale,34,15-11-2024,17-11-2024,62143000,12
15-11-2024,Hair Clip Set,Hair Accessories,10,600.94,427.5,5927.8,Festival Sale,23,15-11-2024,21-11-2024,96151900,18
15-11-2024,Pashmina Shawl,Scarves,15,1119.52,1107.95,17076.6,Festival Sale,33,15-11-2024,21-11-2024,62143000,12
15-11-2024,Turban,Hair Accessories,4,784.26,558.24,3083.24,Festival Sale,20,15-11-2024,19-11-2024,96151900,18
15-11-2024,Chain Belt,Belts,2,2233.19,1533.66,4490.4,Festival Sale,33,15-11-2024,20-11-2024,42033000,18
15-11-2024,Dress Watch,Watches,5,8885,5825.6,44743.4,Festival Sale,30,15-11-2024,20-11-2024,91021100,18
15-11-2024,Waist Belt,Belts,10,1641.56,1582.77,16519.2,Festival Sale,29,15-11-2024,16-11-2024,42033000,18
15-11-2024,Silk Scarf,Scarves,7,1238.96,1109.28,8735.58,Festival Sale,29,15-11-2024,19-11-2024,62143000,12
15-11-2024,Leather Tote Bag,Handbags,5,2889.57,1988.86,14438.6,Festival Sale,23,15-11-2024,16-11-2024,42022290,18
15-11-2024,Hair Pin Set,Hair Accessories,15,604.16,483.8,9033.6,Festival Sale,24,15-11-2024,17-11-2024,96151900,18
15-11-2024,Smart Watch,Watches,4,4107.38,3731.09,16478.52,Festival Sale,26,15-11-2024,16-11-2024,91021100,18
15-11-2024,Sports Sunglasses,Sunglasses,7,2588.88,1867.54,18185.72,Festival Sale,22,15-11-2024,18-11-2024,90041000,12
15-11-2024,Gold Plated Earrings,Jewelry,12,1195.33,1044.73,14209.08,Festival Sale,33,15-11-2024,18-11-2024,71131100,3
15-11-2024,Sports Sunglasses,Sunglasses,20,2809.78,2043.79,57335.4,Festival Sale,21,15-11-2024,21-11-2024,90041000,12
15-11-2024,Cat Eye Sunglasses,Sunglasses,10,2477.36,1890.46,24338.5,Festival Sale,32,15-11-2024,16-11-2024,90041000,12
15-11-2024,Cotton Scarf,Scarves,8,1116.16,876.32,8853.36,Festival Sale,27,15-11-2024,21-11-2024,62143000,12
16-11-2024,Headband,Hair Accessories,10,521.4,427.3,5171.1,Festival Sale,23,16-11-2024,17-11-2024,96151900,18
16-11-2024,Statement Necklace,Jewelry,2,2336.49,2035.11,4687.62,Festival Sale,30,16-11-2024,21-11-2024,71131100,3
16-11-2024,Leather Tote Bag,Handbags,2,1847.88,1603.65,3628.16,Festival Sale,32,16-11-2024,18-11-2024,42022290,18
16-11-2024,Pashmina Shawl,Scarves,7,1036.68,925.6,7404.74,Festival Sale,22,16-11-2024,22-11-2024,62143000,12
16-11-2024,Silk Scarf,Scarves,18,1320.95,895.74,24186.78,Festival Sale,30,16-11-2024,23-11-2024,62143000,12
16-11-2024,Hair Pin Set,Hair Accessories,4,437.78,339.78,1730.08,Festival Sale,20,16-11-2024,18-11-2024,96151900,18
16-11-2024,Hair Pin Set,Hair Accessories,7,1110.98,792.37,7703.29,Festival Sale,27,16-11-2024,19-11-2024,96151900,18
16-11-2024,Turban,Hair Accessories,6,1224.02,733.95,7411.92,Festival Sale,21,16-11-2024,19-11-2024,96151900,18
16-11-2024,Pearl Necklace,Jewelry,23,4255.3,2865.21,97502.29,Festival Sale,24,16-11-2024,17-11-2024,71131100,3
16-11-2024,Hair Clip Set,Hair Accessories,6,834.02,590.18,4997.7,Festival Sale,32,16-11-2024,17-11-2024,96151900,18
16-11-2024,Statement Necklace,Jewelry,16,2970.81,2315.11,47481.44,Festival Sale,20,16-11-2024,18-11-2024,71131100,3
16-11-2024,Oversized Sunglasses,Sunglasses,8,2436.68,1500.55,19419.2,Festival Sale,24,16-11-2024,17-11-2024,90041000,12
16-11-2024,Chain Belt,Belts,7,1424.48,1002.02,9778.23,Festival Sale,27,16-11-2024,23-11-2024,42033000,18
16-11-2024,Digital Watch,Watches,2,2874.54,2522.35,5639.16,Festival Sale,32,16-11-2024,23-11-2024,91021100,18
16-11-2024,Charm Bracelet,Jewelry,17,1627.63,1320.29,27146.62,Festival Sale,25,16-11-2024,21-11-2024,71131100,3
16-11-2024,Crossbody Bag,Handbags,2,5434.82,4488.33,10848.52,Festival Sale,26,16-11-2024,22-11-2024,42022290,18
16-11-2024,Sports Watch,Watches,11,1910.66,1705.95,21171.26,Festival Sale,24,16-11-2024,20-11-2024,91021100,18
16-11-2024,Aviator Sunglasses,Sunglasses,10,2408.21,2065.76,24024.3,Festival Sale,27,16-11-2024,22-11-2024,90041000,12
16-11-2024,Analog Watch,Watches,2,6804.22,4109.95,13541.98,Festival Sale,22,16-11-2024,19-11-2024,91021100,18
16-11-2024,Clutch Purse,Handbags,6,3029.69,2183.05,18316.26,Festival Sale,33,16-11-2024,20-11-2024,42022290,18
16-11-2024,Gold Plated Earrings,Jewelry,10,3076.3,2637.19,30600.5,Festival Sale,28,16-11-2024,20-11-2024,71131100,3
16-11-2024,Winter Wool Scarf,Scarves,14,1282.39,1084.2,17866.24,Festival Sale,25,16-11-2024,20-11-2024,62143000,12
16-11-2024,Round Frame,Sunglasses,8,1098.62,907.85,8649.36,Festival Sale,23,16-11-2024,18-11-2024,90041000,12
16-11-2024,Crossbody Bag,Handbags,12,2564.44,2374.35,31099.68,Festival Sale,24,16-11-2024,17-11-2024,42022290,18
18-11-2024,Charm Bracelet,Jewelry,5,2802.09,2436.39,13900.55,Clearance Sale,45,18-11-2024,20-11-2024,71131100,3
18-11-2024,Hair Clip Set,Hair Accessories,5,640.44,646.43,3208.5,Flash Sale,36,18-11-2024,24-11-2024,96151900,18
18-11-2024,Leather Tote Bag,Handbags,9,6178.97,3856.76,56446.29,No Promotion,0,18-11-2024,19-11-2024,42022290,18
18-11-2024,Chain Belt,Belts,2,3598.22,1799.36,7249.74,No Promotion,0,18-11-2024,20-11-2024,42033000,18
18-11-2024,Backpack Purse,Handbags,2,7625.24,4622.05,15525.42,Seasonal Offer,19,18-11-2024,23-11-2024,42022290,18
18-11-2024,Silver Bracelet,Jewelry,8,1649.85,1418.25,13294.88,Festival Sale,17,18-11-2024,24-11-2024,71131100,3
18-11-2024,Turban,Hair Accessories,3,1216.91,780.71,3714.78,Festival Sale,19,18-11-2024,20-11-2024,96151900,18
18-11-2024,Silk Scarf,Scarves,14,2032.09,1176.42,27973.26,No Promotion,0,18-11-2024,20-11-2024,62143000,12
18-11-2024,Hair Pin Set,Hair Accessories,9,221.84,294.92,2028.87,Clearance Sale,52,18-11-2024,20-11-2024,96151900,18
18-11-2024,Analog Watch,Watches,3,5231.84,4093.43,15498.78,Festival Sale,24,18-11-2024,20-11-2024,91021100,18
18-11-2024,Analog Watch,Watches,6,6608.43,5396.76,39016.74,Festival Sale,26,18-11-2024,23-11-2024,91021100,18
18-11-2024,Analog Watch,Watches,10,4849.4,3595.83,48556.8,Festival Sale,28,18-11-2024,25-11-2024,91021100,18
18-11-2024,Hair Pin Set,Hair Accessories,4,711.56,509.95,2897.96,Seasonal Offer,13,18-11-2024,22-11-2024,96151900,18
18-11-2024,Hair Clip Set,Hair Accessories,4,651.79,550.38,2597.2,Festival Sale,25,18-11-2024,20-11-2024,96151900,18
18-11-2024,Dress Watch,Watches,8,7826.47,4273.72,63283.12,No Promotion,0,18-11-2024,23-11-2024,91021100,18
18-11-2024,Statement Necklace,Jewelry,3,3832.7,2266.05,11648.76,No Promotion,0,18-11-2024,24-11-2024,71131100,3
18-11-2024,Headband,Hair Accessories,7,1122.2,651.26,7834.47,No Promotion,0,18-11-2024,25-11-2024,96151900,18
18-11-2024,Leather Belt,Belts,6,2561.37,1283.43,15457.02,No Promotion,0,18-11-2024,19-11-2024,42033000,18
18-11-2024,Printed Scarf,Scarves,7,1942.79,1103.14,13475.35,No Promotion,0,18-11-2024,22-11-2024,62143000,12
18-11-2024,Charm Bracelet,Jewelry,14,3650.4,2466.78,50919.68,Festival Sale,26,18-11-2024,20-11-2024,71131100,3
18-11-2024,Scrunchie Pack,Hair Accessories,4,1604.94,726.02,6336.28,No Promotion,0,18-11-2024,22-11-2024,96151900,18
19-11-2024,Waist Belt,Belts,6,1625.37,1893.69,9927.6,Clearance Sale,54,19-11-2024,20-11-2024,42033000,18
19-11-2024,Leather Tote Bag,Handbags,5,7837.2,4624.12,39605.95,Seasonal Offer,19,19-11-2024,20-11-2024,42022290,18
19-11-2024,Statement Necklace,Jewelry,20,2488.66,2016.78,49640.2,Festival Sale,30,19-11-2024,24-11-2024,71131100,3
19-11-2024,Headband,Hair Accessories,2,680.41,745.06,1340.42,Flash Sale,36,19-11-2024,24-11-2024,96151900,18
19-11-2024,Scrunchie Pack,Hair Accessories,6,773.19,439.74,4581.72,No Promotion,0,19-11-2024,24-11-2024,96151900,18
19-11-2024,Pashmina Shawl,Scarves,2,1568.98,1275.48,3115.58,Festival Sale,21,19-11-2024,24-11-2024,62143000,12
19-11-2024,Cat Eye Sunglasses,Sunglasses,3,1711.58,1119.13,5119.56,No Promotion,0,19-11-2024,20-11-2024,90041000,12
19-11-2024,Shoulder Bag,Handbags,1,1820.88,1403.26,1811.36,Festival Sale,16,19-11-2024,23-11-2024,42022290,18
19-11-2024,Pearl Necklace,Jewelry,15,1501.64,1208.08,22785.6,Flash Sale,40,19-11-2024,25-11-2024,71131100,3
20-11-2024,Sports Sunglasses,Sunglasses,5,4250.2,2331.9,21170.4,No Promotion,0,20-11-2024,22-11-2024,90041000,12
20-11-2024,Clutch Purse,Handbags,5,8156.22,4756.63,40791.3,Festival Sale,22,20-11-2024,23-11-2024,42022290,18
20-11-2024,Pearl Necklace,Jewelry,9,1768.79,1651.39,15993,Flash Sale,36,20-11-2024,22-11-2024,71131100,3
20-11-2024,Silk Scarf,Scarves,6,1325.21,838.01,7829.82,Seasonal Offer,12,20-11-2024,27-11-2024,62143000,12
20-11-2024,Silver Bracelet,Jewelry,7,5249.43,2696.24,36268.12,No Promotion,0,20-11-2024,21-11-2024,71131100,3
20-11-2024,Clutch Purse,Handbags,6,2452.8,1708.63,14970.24,Festival Sale,18,20-11-2024,26-11-2024,42022290,18
20-11-2024,Printed Scarf,Scarves,17,1504.64,767.54,25091.32,No Promotion,0,20-11-2024,27-11-2024,62143000,12
20-11-2024,Pashmina Shawl,Scarves,5,403.16,499.36,2037.8,Clearance Sale,47,20-11-2024,27-11-2024,62143000,12
20-11-2024,Cat Eye Sunglasses,Sunglasses,9,1828.65,1201.43,16647.39,Seasonal Offer,17,20-11-2024,24-11-2024,90041000,12
20-11-2024,Sports Sunglasses,Sunglasses,1,2522.62,2150.3,2478.62,Clearance Sale,44,20-11-2024,26-11-2024,90041000,12
20-11-2024,Chain Belt,Belts,7,3313.41,1569.38,23245.18,No Promotion,0,20-11-2024,26-11-2024,42033000,18
20-11-2024,Pearl Necklace,Jewelry,30,4869.53,2390.27,144323.1,No Promotion,0,20-11-2024,21-11-2024,71131100,3
20-11-2024,Cotton Scarf,Scarves,16,932.49,770.5,15047.36,Seasonal Offer,16,20-11-2024,27-11-2024,62143000,12
20-11-2024,Crossbody Bag,Handbags,5,2008.67,2266.3,9895.65,Clearance Sale,52,20-11-2024,24-11-2024,42022290,18
20-11-2024,Waist Belt,Belts,9,2440.54,1490.96,21676.77,Seasonal Offer,11,20-11-2024,21-11-2024,42033000,18
21-11-2024,Headband,Hair Accessories,7,474.37,566.07,3318,Clearance Sale,59,21-11-2024,25-11-2024,96151900,18
21-11-2024,Backpack Purse,Handbags,3,5130.4,2848.57,15265.98,No Promotion,0,21-11-2024,28-11-2024,42022290,18
21-11-2024,Shoulder Bag,Handbags,2,7639.41,4047.26,15000.4,No Promotion,0,21-11-2024,25-11-2024,42022290,18
21-11-2024,Aviator Sunglasses,Sunglasses,6,3555.18,2068.26,21372.06,Seasonal Offer,17,21-11-2024,27-11-2024,90041000,12
21-11-2024,Sports Watch,Watches,2,9975.55,4991.33,19955.72,No Promotion,0,21-11-2024,28-11-2024,91021100,18
21-11-2024,Cat Eye Sunglasses,Sunglasses,15,5241.61,2365.2,77929.65,No Promotion,0,21-11-2024,25-11-2024,90041000,12
21-11-2024,Leather Tote Bag,Handbags,6,6116.16,4212.01,36864.42,Festival Sale,29,21-11-2024,27-11-2024,42022290,18
21-11-2024,Leather Tote Bag,Handbags,2,8491.48,3809.46,16675.32,No Promotion,0,21-11-2024,28-11-2024,42022290,18
22-11-2024,Pearl Necklace,Jewelry,9,3228.23,1835.71,29598.12,Seasonal Offer,11,22-11-2024,28-11-2024,71131100,3
22-11-2024,Oversized Sunglasses,Sunglasses,9,2098.37,1184.73,18958.59,No Promotion,0,22-11-2024,24-11-2024,90041000,12
22-11-2024,Headband,Hair Accessories,8,396.31,253.54,3143.6,Festival Sale,23,22-11-2024,29-11-2024,96151900,18
22-11-2024,Dress Watch,Watches,1,8257.14,5107.53,8280.53,No Promotion,0,22-11-2024,28-11-2024,91021100,18
22-11-2024,Statement Necklace,Jewelry,11,1535.89,1041.23,17059.02,Festival Sale,19,22-11-2024,23-11-2024,71131100,3
22-11-2024,Statement Necklace,Jewelry,20,2262.39,1764.97,45405,Festival Sale,20,22-11-2024,24-11-2024,71131100,3
22-11-2024,Aviator Sunglasses,Sunglasses,15,1785.07,978.91,26373.6,No Promotion,0,22-11-2024,27-11-2024,90041000,12
22-11-2024,Western Belt,Belts,3,1453.06,1426.84,4350.99,Clearance Sale,44,22-11-2024,24-11-2024,42033000,18
22-11-2024,Digital Watch,Watches,1,2126.02,1603.68,2140.14,Festival Sale,16,22-11-2024,29-11-2024,91021100,18
22-11-2024,Turban,Hair Accessories,13,1265.53,584.7,16339.83,No Promotion,0,22-11-2024,24-11-2024,96151900,18
22-11-2024,Gold Plated Earrings,Jewelry,22,1621.64,1113.87,35517.24,Seasonal Offer,18,22-11-2024,27-11-2024,71131100,3
22-11-2024,Sports Watch,Watches,1,10847.5,5070.68,10821.34,No Promotion,0,22-11-2024,27-11-2024,91021100,18
22-11-2024,Silver Bracelet,Jewelry,22,1478.7,822.14,32673.74,No Promotion,0,22-11-2024,28-11-2024,71131100,3
23-11-2024,Oversized Sunglasses,Sunglasses,5,3061.21,1703.68,15572.55,No Promotion,0,23-11-2024,30-11-2024,90041000,12
23-11-2024,Pashmina Shawl,Scarves,7,1220.94,716.08,8505.49,No Promotion,0,23-11-2024,29-11-2024,62143000,12
23-11-2024,Leather Belt,Belts,11,1784.33,959.05,19690.77,No Promotion,0,23-11-2024,26-11-2024,42033000,18
23-11-2024,Oversized Sunglasses,Sunglasses,10,3895.91,2253.77,39070.4,No Promotion,0,23-11-2024,30-11-2024,90041000,12
23-11-2024,Charm Bracelet,Jewelry,12,3630.95,2377.89,44039.88,No Promotion,0,23-11-2024,29-11-2024,71131100,3
23-11-2024,Gold Plated Earrings,Jewelry,19,3853.65,2733.01,73960.73,No Promotion,0,23-11-2024,30-11-2024,71131100,3
23-11-2024,Smart Watch,Watches,5,1509.25,2143.96,7460.45,Clearance Sale,59,23-11-2024,26-11-2024,91021100,18
23-11-2024,Silver Bracelet,Jewelry,22,2815.83,1878.44,61999.52,Seasonal Offer,13,23-11-2024,29-11-2024,71131100,3
23-11-2024,Winter Wool Scarf,Scarves,1,761.35,610.84,773.44,Festival Sale,26,23-11-2024,29-11-2024,62143000,12
23-11-2024,Waist Belt,Belts,11,564.98,656.44,6329.73,Clearance Sale,42,23-11-2024,26-11-2024,42033000,18
23-11-2024,Waist Belt,Belts,4,1229.55,698.09,4972.96,No Promotion,0,23-11-2024,24-11-2024,42033000,18
23-11-2024,Crossbody Bag,Handbags,8,4221.22,2358.55,33786.72,No Promotion,0,23-11-2024,29-11-2024,42022290,18
23-11-2024,Round Frame,Sunglasses,7,2040.62,1320.02,14217.63,Flash Sale,29,23-11-2024,25-11-2024,90041000,12
23-11-2024,Pashmina Shawl,Scarves,11,2170.66,1194.4,24222.55,No Promotion,0,23-11-2024,28-11-2024,62143000,12
23-11-2024,Gold Plated Earrings,Jewelry,24,1513.94,1594.7,36431.04,Flash Sale,35,23-11-2024,30-11-2024,71131100,3
23-11-2024,Hair Clip Set,Hair Accessories,11,407.15,260.57,4556.53,Seasonal Offer,17,23-11-2024,25-11-2024,96151900,18
23-11-2024,Crossbody Bag,Handbags,4,3083.71,2518.6,12567.2,Flash Sale,28,23-11-2024,27-11-2024,42022290,18
23-11-2024,Charm Bracelet,Jewelry,14,1515.65,838.44,20915.16,Seasonal Offer,17,23-11-2024,25-11-2024,71131100,3
23-11-2024,Aviator Sunglasses,Sunglasses,5,2427.96,1412.51,12063.4,Festival Sale,19,23-11-2024,27-11-2024,90041000,12
23-11-2024,Charm Bracelet,Jewelry,27,3021.29,2702.63,80667.9,Clearance Sale,49,23-11-2024,27-11-2024,71131100,3
25-11-2024,Chain Belt,Belts,10,2579.06,1714.18,26123,No Promotion,0,25-11-2024,26-11-2024,42033000,18
25-11-2024,Sports Sunglasses,Sunglasses,10,2526.86,1795.17,25449.6,No Promotion,0,25-11-2024,27-11-2024,90041000,12
25-11-2024,Winter Wool Scarf,Scarves,2,1077.97,714.42,2160.8,No Promotion,0,25-11-2024,01-12-2024,62143000,12
25-11-2024,Charm Bracelet,Jewelry,6,1023.48,889.34,6102.3,Seasonal Offer,19,25-11-2024,02-12-2024,71131100,3
25-11-2024,Crossbody Bag,Handbags,5,1772.52,1325.75,8850.25,Festival Sale,21,25-11-2024,30-11-2024,42022290,18
25-11-2024,Statement Necklace,Jewelry,16,4167.6,2339.34,66544.64,No Promotion,0,25-11-2024,29-11-2024,71131100,3
25-11-2024,Crossbody Bag,Handbags,5,7499.16,3596.23,38017.5,No Promotion,0,25-11-2024,30-11-2024,42022290,18
25-11-2024,Pashmina Shawl,Scarves,2,428.76,422.09,858.38,Clearance Sale,44,25-11-2024,27-11-2024,62143000,12
25-11-2024,Cotton Scarf,Scarves,5,1706.16,1428.35,8421.7,Festival Sale,17,25-11-2024,26-11-2024,62143000,12
25-11-2024,Leather Tote Bag,Handbags,6,5907.18,3192.55,35429.7,No Promotion,0,25-11-2024,02-12-2024,42022290,18
25-11-2024,Statement Necklace,Jewelry,19,2412.32,1915.36,46391.16,Festival Sale,24,25-11-2024,28-11-2024,71131100,3
26-11-2024,Shoulder Bag,Handbags,6,3841.49,4032.69,23129.04,Flash Sale,36,26-11-2024,29-11-2024,42022290,18
26-11-2024,Gold Plated Earrings,Jewelry,3,3147.5,2032.96,9347.22,Festival Sale,23,26-11-2024,27-11-2024,71131100,3
26-11-2024,Pearl Necklace,Jewelry,7,1480.18,1037.13,10514.77,Festival Sale,21,26-11-2024,03-12-2024,71131100,3
26-11-2024,Charm Bracelet,Jewelry,8,5323.61,2894.34,42452.24,Festival Sale,16,26-11-2024,27-11-2024,71131100,3
26-11-2024,Winter Wool Scarf,Scarves,4,1286.68,927.61,5052.68,Flash Sale,29,26-11-2024,29-11-2024,62143000,12
26-11-2024,Scrunchie Pack,Hair Accessories,3,625.12,508.48,1884.39,Festival Sale,23,26-11-2024,02-12-2024,96151900,18
26-11-2024,Statement Necklace,Jewelry,3,1852.92,895.04,5662.11,No Promotion,0,26-11-2024,30-11-2024,71131100,3
26-11-2024,Leather Belt,Belts,4,2640.51,1382.63,10506.12,Seasonal Offer,12,26-11-2024,02-12-2024,42033000,18
26-11-2024,Gold Plated Earrings,Jewelry,8,3376.18,2335.96,27507.76,Festival Sale,23,26-11-2024,30-11-2024,71131100,3
26-11-2024,Headband,Hair Accessories,5,322.61,304.89,1633.2,Festival Sale,24,26-11-2024,01-12-2024,96151900,18
26-11-2024,Hair Pin Set,Hair Accessories,3,1233.8,600.19,3769.5,No Promotion,0,26-11-2024,03-12-2024,96151900,18
26-11-2024,Hair Clip Set,Hair Accessories,2,1504.74,719.14,3049.66,No Promotion,0,26-11-2024,30-11-2024,96151900,18
26-11-2024,Backpack Purse,Handbags,4,7129.62,4134.04,28119.28,Seasonal Offer,15,26-11-2024,30-11-2024,42022290,18
26-11-2024,Headband,Hair Accessories,5,566.57,718.66,2806.5,Clearance Sale,57,26-11-2024,02-12-2024,96151900,18
26-11-2024,Hair Clip Set,Hair Accessories,10,1046.55,716.86,10532.1,No Promotion,0,26-11-2024,30-11-2024,96151900,18
26-11-2024,Aviator Sunglasses,Sunglasses,4,1590.12,2151.49,6261.04,Clearance Sale,54,26-11-2024,29-11-2024,90041000,12
26-11-2024,Backpack Purse,Handbags,3,6857.22,4865.85,20436.63,No Promotion,0,26-11-2024,03-12-2024,42022290,18
26-11-2024,Sports Sunglasses,Sunglasses,2,3360.82,1788.7,6735.72,No Promotion,0,26-11-2024,30-11-2024,90041000,12
26-11-2024,Digital Watch,Watches,8,4269.73,2239.9,34758,No Promotion,0,26-11-2024,01-12-2024,91021100,18
26-11-2024,Backpack Purse,Handbags,4,3509.56,2301.54,13909.88,No Promotion,0,26-11-2024,29-11-2024,42022290,18
26-11-2024,Hair Pin Set,Hair Accessories,2,885.5,453.93,1779.86,No Promotion,0,26-11-2024,27-11-2024,96151900,18
27-11-2024,Leather Tote Bag,Handbags,9,2226.65,1226.09,20199.15,No Promotion,0,27-11-2024,30-11-2024,42022290,18
27-11-2024,Silver Bracelet,Jewelry,5,3662.87,2954.92,18470.8,Festival Sale,15,27-11-2024,01-12-2024,71131100,3
27-11-2024,Aviator Sunglasses,Sunglasses,3,1630.53,1680.75,4989.84,Clearance Sale,44,27-11-2024,30-11-2024,90041000,12
27-11-2024,Waist Belt,Belts,12,1797.64,1192.81,21364.32,Festival Sale,23,27-11-2024,03-12-2024,42033000,18
27-11-2024,Smart Watch,Watches,5,5785.97,3494.45,29346.2,Festival Sale,20,27-11-2024,30-11-2024,91021100,18
27-11-2024,Clutch Purse,Handbags,9,2275.91,3009.39,20466.27,Clearance Sale,57,27-11-2024,30-11-2024,42022290,18
27-11-2024,Pearl Necklace,Jewelry,22,1069.94,1033.99,24003.32,Clearance Sale,45,27-11-2024,04-12-2024,71131100,3
27-11-2024,Silver Bracelet,Jewelry,2,1070.84,1703.23,2130.78,Clearance Sale,56,27-11-2024,01-12-2024,71131100,3
27-11-2024,Dress Watch,Watches,3,6169.17,5685.11,18604.62,Clearance Sale,45,27-11-2024,02-12-2024,91021100,18
27-11-2024,Statement Necklace,Jewelry,7,1561.11,895.73,10870.93,No Promotion,0,27-11-2024,01-12-2024,71131100,3
27-11-2024,Hair Clip Set,Hair Accessories,3,686.5,438.3,2093.85,No Promotion,0,27-11-2024,29-11-2024,96151900,18
27-11-2024,Dress Watch,Watches,4,7308.6,4499.55,29510.24,No Promotion,0,27-11-2024,30-11-2024,91021100,18
27-11-2024,Charm Bracelet,Jewelry,11,3438.06,2392.48,38417.5,Festival Sale,16,27-11-2024,02-12-2024,71131100,3
27-11-2024,Western Belt,Belts,7,795.79,824.7,5538.19,Clearance Sale,51,27-11-2024,29-11-2024,42033000,18
28-11-2024,Smart Watch,Watches,9,7298.87,5755.84,66734.73,Flash Sale,29,28-11-2024,29-11-2024,91021100,18
28-11-2024,Winter Wool Scarf,Scarves,6,933.98,605.2,5577.78,No Promotion,0,28-11-2024,03-12-2024,62143000,12
28-11-2024,Scrunchie Pack,Hair Accessories,7,751.7,401.6,5339.95,No Promotion,0,28-11-2024,02-12-2024,96151900,18
28-11-2024,Sports Watch,Watches,2,5672.55,2749.78,11147.4,No Promotion,0,28-11-2024,03-12-2024,91021100,18
28-11-2024,Cat Eye Sunglasses,Sunglasses,5,3671.56,2064.6,18419.4,No Promotion,0,28-11-2024,03-12-2024,90041000,12
28-11-2024,Cat Eye Sunglasses,Sunglasses,2,911.6,1048.22,1850.84,Clearance Sale,44,28-11-2024,02-12-2024,90041000,12
28-11-2024,Turban,Hair Accessories,3,1066.18,502.63,3258.27,No Promotion,0,28-11-2024,05-12-2024,96151900,18
28-11-2024,Hair Clip Set,Hair Accessories,2,496.08,373.58,998.98,Flash Sale,31,28-11-2024,04-12-2024,96151900,18
28-11-2024,Hair Pin Set,Hair Accessories,4,378.01,260.83,1488.72,No Promotion,0,28-11-2024,04-12-2024,96151900,18
28-11-2024,Digital Watch,Watches,4,6903.8,4483.1,28014.32,Seasonal Offer,16,28-11-2024,03-12-2024,91021100,18
28-11-2024,Waist Belt,Belts,2,1629.75,939.48,3222.02,Seasonal Offer,14,28-11-2024,03-12-2024,42033000,18
28-11-2024,Pashmina Shawl,Scarves,9,1085.58,858.41,9802.62,Flash Sale,36,28-11-2024,04-12-2024,62143000,12
28-11-2024,Leather Tote Bag,Handbags,6,3876.85,4370.99,22982.64,Clearance Sale,51,28-11-2024,01-12-2024,42022290,18
28-11-2024,Silver Bracelet,Jewelry,6,3280.94,2984.28,19395.24,Clearance Sale,48,28-11-2024,29-11-2024,71131100,3
29-11-2024,Leather Tote Bag,Handbags,3,5202.9,4516.82,15303.96,Festival Sale,24,29-11-2024,02-12-2024,42022290,18
29-11-2024,Analog Watch,Watches,7,4665.57,3019.69,33232.99,Festival Sale,18,29-11-2024,05-12-2024,91021100,18
29-11-2024,Headband,Hair Accessories,10,852.7,540.17,8427.1,Festival Sale,26,29-11-2024,01-12-2024,96151900,18
29-11-2024,Fabric Belt,Belts,20,2751.62,1799.07,55996.2,No Promotion,0,29-11-2024,03-12-2024,42033000,18
29-11-2024,Aviator Sunglasses,Sunglasses,9,1858.17,1198.8,16848.36,Festival Sale,24,29-11-2024,03-12-2024,90041000,12
29-11-2024,Winter Wool Scarf,Scarves,17,665.73,642.78,11251.62,Clearance Sale,46,29-11-2024,06-12-2024,62143000,12
29-11-2024,Shoulder Bag,Handbags,6,6196.33,3597.98,37256.52,No Promotion,0,29-11-2024,01-12-2024,42022290,18
29-11-2024,Silk Scarf,Scarves,11,1180.59,1293.81,12952.72,Clearance Sale,57,29-11-2024,04-12-2024,62143000,12
29-11-2024,Headband,Hair Accessories,4,695.46,380.43,2730.92,No Promotion,0,29-11-2024,03-12-2024,96151900,18
29-11-2024,Cotton Scarf,Scarves,14,901.39,512.31,12460.7,No Promotion,0,29-11-2024,01-12-2024,62143000,12
29-11-2024,Dress Watch,Watches,10,4213.61,3573.26,42367.1,Festival Sale,21,29-11-2024,02-12-2024,91021100,18
29-11-2024,Clutch Purse,Handbags,3,2208.41,2519.01,6598.86,Clearance Sale,58,29-11-2024,01-12-2024,42022290,18
29-11-2024,Hair Pin Set,Hair Accessories,2,1218.61,591.57,2482.04,No Promotion,0,29-11-2024,04-12-2024,96151900,18
30-11-2024,Fabric Belt,Belts,4,778.35,666.5,3119.28,Clearance Sale,41,30-11-2024,04-12-2024,42033000,18
30-11-2024,Shoulder Bag,Handbags,2,7014.99,3437.45,13969.42,No Promotion,0,30-11-2024,06-12-2024,42022290,18
30-11-2024,Cotton Scarf,Scarves,28,459.96,664.98,12769.12,Clearance Sale,53,30-11-2024,04-12-2024,62143000,12
30-11-2024,Shoulder Bag,Handbags,9,3749.91,1849.82,33215.76,No Promotion,0,30-11-2024,02-12-2024,42022290,18
30-11-2024,Digital Watch,Watches,9,3178.35,2280.11,28855.53,Festival Sale,18,30-11-2024,03-12-2024,91021100,18
30-11-2024,Silver Bracelet,Jewelry,4,3521.2,1683.25,13861.8,No Promotion,0,30-11-2024,04-12-2024,71131100,3
30-11-2024,Silver Bracelet,Jewelry,3,2700.97,1704.52,8050.89,Festival Sale,20,30-11-2024,06-12-2024,71131100,3
30-11-2024,Silver Bracelet,Jewelry,16,5445.33,2877.53,88622.56,No Promotion,0,30-11-2024,04-12-2024,71131100,3
30-11-2024,Analog Watch,Watches,7,2925.26,3682.27,20575.31,Clearance Sale,49,30-11-2024,07-12-2024,91021100,18
30-11-2024,Charm Bracelet,Jewelry,26,1541.15,1061.1,40107.34,Seasonal Offer,11,30-11-2024,06-12-2024,71131100,3
30-11-2024,Silk Scarf,Scarves,1,1812.94,969.05,1823.7,No Promotion,0,30-11-2024,02-12-2024,62143000,12
30-11-2024,Cat Eye Sunglasses,Sunglasses,3,2286.48,1196.72,6966.45,No Promotion,0,30-11-2024,07-12-2024,90041000,12
30-11-2024,Printed Scarf,Scarves,2,2045.43,1140.53,4082.44,No Promotion,0,30-11-2024,01-12-2024,62143000,12
30-11-2024,Printed Scarf,Scarves,16,1073.25,702.77,17428.8,Festival Sale,21,30-11-2024,07-12-2024,62143000,12
30-11-2024,Round Frame,Sunglasses,13,3406.75,2321.52,43564.56,No Promotion,0,30-11-2024,07-12-2024,90041000,12
30-11-2024,Chain Belt,Belts,7,1870.18,1641.33,12902.75,Festival Sale,29,30-11-2024,02-12-2024,42033000,18
30-11-2024,Headband,Hair Accessories,12,1047.12,651.51,12577.92,No Promotion,0,30-11-2024,06-12-2024,96151900,18
30-11-2024,Leather Tote Bag,Handbags,6,5243.1,3122.87,32012.1,No Promotion,0,30-11-2024,06-12-2024,42022290,18
30-11-2024,Clutch Purse,Handbags,3,5168.28,3393.21,15472.53,No Promotion,0,30-11-2024,03-12-2024,42022290,18
30-11-2024,Pearl Necklace,Jewelry,5,4544.27,2689.05,22637.85,Seasonal Offer,14,30-11-2024,07-12-2024,71131100,3
02-12-2024,Waist Belt,Belts,2,2301.38,1563.79,4532.34,Festival Sale,31,02-12-2024,04-12-2024,42033000,18
02-12-2024,Dress Watch,Watches,2,1994.31,1658.75,4058.84,Festival Sale,26,02-12-2024,08-12-2024,91021100,18
02-12-2024,Round Frame,Sunglasses,3,1944.96,1417.92,5790.39,Festival Sale,31,02-12-2024,08-12-2024,90041000,12
02-12-2024,Printed Scarf,Scarves,10,1538.82,1337.49,15349.6,Festival Sale,31,02-12-2024,03-12-2024,62143000,12
02-12-2024,Digital Watch,Watches,4,6652.59,4959.28,26961.08,Festival Sale,28,02-12-2024,05-12-2024,91021100,18
02-12-2024,Leather Belt,Belts,2,767.04,763.18,1557.64,Festival Sale,28,02-12-2024,08-12-2024,42033000,18
02-12-2024,Round Frame,Sunglasses,13,2068.94,2089.33,26689.13,Festival Sale,31,02-12-2024,04-12-2024,90041000,12
02-12-2024,Leather Belt,Belts,5,973.08,637.79,4896.75,Festival Sale,21,02-12-2024,06-12-2024,42033000,18
02-12-2024,Digital Watch,Watches,8,4210.58,2728.74,33024.24,Festival Sale,24,02-12-2024,06-12-2024,91021100,18
02-12-2024,Statement Necklace,Jewelry,3,3325.23,2946.53,9820.92,Festival Sale,29,02-12-2024,04-12-2024,71131100,3
02-12-2024,Gold Plated Earrings,Jewelry,28,1074.7,924.6,30012.64,Festival Sale,23,02-12-2024,04-12-2024,71131100,3
02-12-2024,Silver Bracelet,Jewelry,10,1260.36,1105.41,12532.5,Festival Sale,27,02-12-2024,09-12-2024,71131100,3
02-12-2024,Sports Sunglasses,Sunglasses,5,3018.51,2156.19,15301.35,Festival Sale,26,02-12-2024,04-12-2024,90041000,12
02-12-2024,Hair Pin Set,Hair Accessories,4,894.58,608.44,3522.8,Festival Sale,26,02-12-2024,08-12-2024,96151900,18
02-12-2024,Chain Belt,Belts,3,1372.26,1092.04,4123.56,Festival Sale,34,02-12-2024,05-12-2024,42033000,18
02-12-2024,Statement Necklace,Jewelry,20,1576.69,1236.05,31506.8,Festival Sale,22,02-12-2024,03-12-2024,71131100,3
02-12-2024,Scrunchie Pack,Hair Accessories,6,994.37,733.48,5878.5,Festival Sale,25,02-12-2024,08-12-2024,96151900,18
02-12-2024,Scrunchie Pack,Hair Accessories,2,229.46,207.08,468.16,Festival Sale,30,02-12-2024,03-12-2024,96151900,18
03-12-2024,Printed Scarf,Scarves,8,879.28,705.38,7035.84,Festival Sale,26,03-12-2024,09-12-2024,62143000,12
03-12-2024,Dress Watch,Watches,3,9268.64,5557.26,27665.64,Festival Sale,20,03-12-2024,09-12-2024,91021100,18
03-12-2024,Pashmina Shawl,Scarves,6,1981.06,1341.05,12050.58,Festival Sale,21,03-12-2024,04-12-2024,62143000,12
03-12-2024,Charm Bracelet,Jewelry,10,1325.83,1236.29,13491.3,Festival Sale,30,03-12-2024,05-12-2024,71131100,3
03-12-2024,Headband,Hair Accessories,4,711.45,433.28,2841.84,Festival Sale,22,03-12-2024,09-12-2024,96151900,18
03-12-2024,Silver Bracelet,Jewelry,19,2517.37,1900.8,47739.21,Festival Sale,32,03-12-2024,08-12-2024,71131100,3
03-12-2024,Waist Belt,Belts,7,2870.93,1735.57,20233.92,Festival Sale,23,03-12-2024,04-12-2024,42033000,18
03-12-2024,Turban,Hair Accessories,1,552.73,450.51,544.41,Festival Sale,22,03-12-2024,07-12-2024,96151900,18
03-12-2024,Dress Watch,Watches,3,7150.81,4574.72,21624.48,Festival Sale,24,03-12-2024,09-12-2024,91021100,18
03-12-2024,Oversized Sunglasses,Sunglasses,6,2496.86,1755.11,14971.32,Festival Sale,30,03-12-2024,10-12-2024,90041000,12
03-12-2024,Leather Tote Bag,Handbags,7,2651.76,2347.8,18797.87,Festival Sale,29,03-12-2024,04-12-2024,42022290,18
03-12-2024,Turban,Hair Accessories,6,610.2,412.94,3734.22,Festival Sale,24,03-12-2024,07-12-2024,96151900,18
03-12-2024,Charm Bracelet,Jewelry,23,3022.41,2007.58,69721.74,Festival Sale,24,03-12-2024,04-12-2024,71131100,3
03-12-2024,Pearl Necklace,Jewelry,16,3065.59,2687.18,48996.64,Festival Sale,24,03-12-2024,07-12-2024,71131100,3
03-12-2024,Hair Pin Set,Hair Accessories,8,705.85,524.43,5587.68,Festival Sale,27,03-12-2024,10-12-2024,96151900,18
03-12-2024,Sports Sunglasses,Sunglasses,4,2248.15,1540.74,9011.08,Festival Sale,22,03-12-2024,04-12-2024,90041000,12
03-12-2024,Waist Belt,Belts,3,965.71,781.43,2922.99,Festival Sale,28,03-12-2024,06-12-2024,42033000,18
03-12-2024,Hair Pin Set,Hair Accessories,3,355.18,266.88,1061.13,Festival Sale,26,03-12-2024,06-12-2024,96151900,18
03-12-2024,Winter Wool Scarf,Scarves,4,933.21,866.46,3750.68,Festival Sale,23,03-12-2024,09-12-2024,62143000,12
03-12-2024,Charm Bracelet,Jewelry,15,2582.17,1981.73,39150,Festival Sale,29,03-12-2024,06-12-2024,71131100,3
03-12-2024,Hair Pin Set,Hair Accessories,10,824.33,668.77,8110.2,Festival Sale,33,03-12-2024,10-12-2024,96151900,18
03-12-2024,Scrunchie Pack,Hair Accessories,1,337.21,257.46,336.72,Festival Sale,21,03-12-2024,05-12-2024,96151900,18
03-12-2024,Hair Pin Set,Hair Accessories,4,265.29,227.55,1074.04,Festival Sale,25,03-12-2024,10-12-2024,96151900,18
03-12-2024,Fabric Belt,Belts,3,1176.7,1158.74,3506.13,Festival Sale,29,03-12-2024,08-12-2024,42033000,18
04-12-2024,Digital Watch,Watches,4,7105.79,5941.94,28082.72,Festival Sale,21,04-12-2024,08-12-2024,91021100,18
04-12-2024,Statement Necklace,Jewelry,11,2961.14,1747.73,32239.13,Festival Sale,23,04-12-2024,09-12-2024,71131100,3
04-12-2024,Cotton Scarf,Scarves,10,1445,1395.16,14392.7,Festival Sale,30,04-12-2024,05-12-2024,62143000,12
04-12-2024,Headband,Hair Accessories,3,922.96,723.69,2766.72,Festival Sale,21,04-12-2024,11-12-2024,96151900,18
04-12-2024,Western Belt,Belts,8,2727.97,1860.61,21584.32,Festival Sale,24,04-12-2024,08-12-2024,42033000,18
04-12-2024,Silver Bracelet,Jewelry,12,3716.92,2250.21,44234.76,Festival Sale,22,04-12-2024,09-12-2024,71131100,3
04-12-2024,Printed Scarf,Scarves,2,875.18,550.13,1745.36,Festival Sale,24,04-12-2024,10-12-2024,62143000,12
04-12-2024,Smart Watch,Watches,4,6999.59,4837.3,27822.84,Festival Sale,34,04-12-2024,09-12-2024,91021100,18
04-12-2024,Winter Wool Scarf,Scarves,5,605.83,505.17,3069.85,Festival Sale,26,04-12-2024,09-12-2024,62143000,12
04-12-2024,Sports Sunglasses,Sunglasses,3,2462.91,2226.71,7533.39,Festival Sale,23,04-12-2024,08-12-2024,90041000,12
04-12-2024,Sports Watch,Watches,7,8472.44,5847.27,58301.67,Festival Sale,20,04-12-2024,09-12-2024,91021100,18
04-12-2024,Headband,Hair Accessories,2,946.61,746.15,1860.82,Festival Sale,34,04-12-2024,08-12-2024,96151900,18
04-12-2024,Leather Belt,Belts,9,1979.56,1135.69,17613.18,Festival Sale,21,04-12-2024,10-12-2024,42033000,18
04-12-2024,Charm Bracelet,Jewelry,15,2852.18,2291.51,43002.3,Festival Sale,34,04-12-2024,05-12-2024,71131100,3
05-12-2024,Smart Watch,Watches,8,1669.13,1597.44,13542.24,Festival Sale,30,05-12-2024,12-12-2024,91021100,18
05-12-2024,Leather Belt,Belts,4,1243.31,1062.08,5001.8,Festival Sale,32,05-12-2024,11-12-2024,42033000,18
05-12-2024,Printed Scarf,Scarves,2,482.63,413.81,956.6,Festival Sale,29,05-12-2024,09-12-2024,62143000,12
05-12-2024,Headband,Hair Accessories,1,844.76,730.47,850.37,Festival Sale,29,05-12-2024,07-12-2024,96151900,18
05-12-2024,Printed Scarf,Scarves,7,1671.46,1206.65,11563.37,Festival Sale,30,05-12-2024,07-12-2024,62143000,12
05-12-2024,Headband,Hair Accessories,5,637.11,473.73,3163.65,Festival Sale,21,05-12-2024,07-12-2024,96151900,18
05-12-2024,Western Belt,Belts,8,1141.26,874.06,9082.88,Festival Sale,29,05-12-2024,08-12-2024,42033000,18
05-12-2024,Hair Pin Set,Hair Accessories,2,361.2,263.91,710.18,Festival Sale,25,05-12-2024,08-12-2024,96151900,18
05-12-2024,Shoulder Bag,Handbags,10,5916.39,4209.13,58247.3,Festival Sale,22,05-12-2024,10-12-2024,42022290,18
05-12-2024,Digital Watch,Watches,4,3531.13,2838.81,14005.92,Festival Sale,21,05-12-2024,09-12-2024,91021100,18
05-12-2024,Shoulder Bag,Handbags,3,2762.87,1877.36,8389.53,Festival Sale,24,05-12-2024,11-12-2024,42022290,18
05-12-2024,Printed Scarf,Scarves,2,1478.66,1371.65,2906.3,Festival Sale,31,05-12-2024,12-12-2024,62143000,12
05-12-2024,Oversized Sunglasses,Sunglasses,5,2848.01,2052.26,14397.2,Festival Sale,33,05-12-2024,07-12-2024,90041000,12
05-12-2024,Turban,Hair Accessories,8,1221.96,797.44,9825.76,Festival Sale,24,05-12-2024,09-12-2024,96151900,18
05-12-2024,Fabric Belt,Belts,7,1406.45,1287.4,9718.1,Festival Sale,27,05-12-2024,08-12-2024,42033000,18
05-12-2024,Fabric Belt,Belts,3,1365.4,1232.37,4144.5,Festival Sale,30,05-12-2024,09-12-2024,42033000,18
05-12-2024,Round Frame,Sunglasses,2,1559.14,1397.59,3101.08,Festival Sale,27,05-12-2024,06-12-2024,90041000,12
05-12-2024,Pearl Necklace,Jewelry,3,2752.01,2133.31,8269.98,Festival Sale,31,05-12-2024,06-12-2024,71131100,3
05-12-2024,Cat Eye Sunglasses,Sunglasses,3,1567.95,1321.83,4680.63,Festival Sale,22,05-12-2024,08-12-2024,90041000,12
05-12-2024,Digital Watch,Watches,5,6205.94,3649.62,30471.4,Festival Sale,24,05-12-2024,11-12-2024,91021100,18
06-12-2024,Fabric Belt,Belts,6,1138.48,782.24,6747.66,Festival Sale,24,06-12-2024,11-12-2024,42033000,18
06-12-2024,Backpack Purse,Handbags,8,3017.87,2258.69,24341.76,Festival Sale,34,06-12-2024,12-12-2024,42022290,18
06-12-2024,Cotton Scarf,Scarves,5,863.27,585.5,4394.15,Festival Sale,23,06-12-2024,12-12-2024,62143000,12
06-12-2024,Turban,Hair Accessories,9,1175.78,777.16,10387.98,Festival Sale,30,06-12-2024,13-12-2024,96151900,18
06-12-2024,Oversized Sunglasses,Sunglasses,3,3176.1,2066.04,9495.96,Festival Sale,24,06-12-2024,12-12-2024,90041000,12
06-12-2024,Charm Bracelet,Jewelry,5,2840.44,2521.92,14390.35,Festival Sale,28,06-12-2024,07-12-2024,71131100,3
06-12-2024,Smart Watch,Watches,12,2703.12,2064.71,32273.4,Festival Sale,26,06-12-2024,12-12-2024,91021100,18
06-12-2024,Round Frame,Sunglasses,13,1532.89,1043.89,20299.24,Festival Sale,27,06-12-2024,13-12-2024,90041000,12
06-12-2024,Clutch Purse,Handbags,1,1968.29,2007,1993.2,Festival Sale,34,06-12-2024,08-12-2024,42022290,18
06-12-2024,Cat Eye Sunglasses,Sunglasses,6,2702.93,1927.02,16132.02,Festival Sale,32,06-12-2024,11-12-2024,90041000,12
06-12-2024,Statement Necklace,Jewelry,9,3337.99,2468.33,30159.54,Festival Sale,22,06-12-2024,07-12-2024,71131100,3
06-12-2024,Hair Pin Set,Hair Accessories,17,595.81,450.12,10200.17,Festival Sale,26,06-12-2024,09-12-2024,96151900,18
06-12-2024,Waist Belt,Belts,3,1304.65,1111.22,3889.77,Festival Sale,25,06-12-2024,12-12-2024,42033000,18
06-12-2024,Scrunchie Pack,Hair Accessories,7,971.78,767.91,6704.18,Festival Sale,34,06-12-2024,12-12-2024,96151900,18
06-12-2024,Chain Belt,Belts,10,882.5,719.08,8762.4,Festival Sale,20,06-12-2024,13-12-2024,42033000,18
06-12-2024,Aviator Sunglasses,Sunglasses,11,1173.82,973.74,12930.94,Festival Sale,32,06-12-2024,09-12-2024,90041000,12
06-12-2024,Hair Clip Set,Hair Accessories,9,668.02,568.19,5974.2,Festival Sale,31,06-12-2024,07-12-2024,96151900,18
07-12-2024,Shoulder Bag,Handbags,3,7261.87,4695.29,21616.44,Festival Sale,28,07-12-2024,12-12-2024,42022290,18
07-12-2024,Headband,Hair Accessories,5,1223.59,772.67,6051.35,Festival Sale,25,07-12-2024,11-12-2024,96151900,18
07-12-2024,Pearl Necklace,Jewelry,20,2134.17,2194.21,43015.4,Festival Sale,31,07-12-2024,13-12-2024,71131100,3
07-12-2024,Charm Bracelet,Jewelry,13,2233.18,1941.15,29486.08,Festival Sale,20,07-12-2024,11-12-2024,71131100,3
07-12-2024,Leather Belt,Belts,6,1452.43,972.55,8651.64,Festival Sale,27,07-12-2024,09-12-2024,42033000,18
07-12-2024,Cat Eye Sunglasses,Sunglasses,4,2004.14,1498.38,8139.92,Festival Sale,28,07-12-2024,14-12-2024,90041000,12
07-12-2024,Hair Clip Set,Hair Accessories,5,301.72,274.5,1510.9,Festival Sale,27,07-12-2024,13-12-2024,96151900,18
07-12-2024,Analog Watch,Watches,2,3368.68,2379.46,6810.72,Festival Sale,25,07-12-2024,08-12-2024,91021100,18
07-12-2024,Headband,Hair Accessories,15,372.92,259.35,5631.6,Festival Sale,29,07-12-2024,10-12-2024,96151900,18
07-12-2024,Smart Watch,Watches,10,2964.91,2193.78,29684,Festival Sale,26,07-12-2024,10-12-2024,91021100,18
07-12-2024,Headband,Hair Accessories,7,465.52,349.59,3207.82,Festival Sale,27,07-12-2024,14-12-2024,96151900,18
07-12-2024,Shoulder Bag,Handbags,9,4539.5,3156.35,40562.73,Festival Sale,20,07-12-2024,12-12-2024,42022290,18
07-12-2024,Sports Watch,Watches,11,5044.52,3745.58,56228.26,Festival Sale,28,07-12-2024,09-12-2024,91021100,18
07-12-2024,Crossbody Bag,Handbags,3,4644.3,2785.09,13724.58,Festival Sale,23,07-12-2024,12-12-2024,42022290,18
07-12-2024,Sports Watch,Watches,4,4911.45,4715.7,19645.36,Festival Sale,29,07-12-2024,13-12-2024,91021100,18
07-12-2024,Turban,Hair Accessories,7,696.74,530.88,4935.56,Festival Sale,28,07-12-2024,14-12-2024,96151900,18
09-12-2024,Cat Eye Sunglasses,Sunglasses,4,2673.86,1696.39,10683.72,Festival Sale,26,09-12-2024,16-12-2024,90041000,12
09-12-2024,Hair Clip Set,Hair Accessories,10,846.97,776.31,8575.7,Festival Sale,25,09-12-2024,16-12-2024,96151900,18
09-12-2024,Silver Bracelet,Jewelry,12,3043,2061.64,36710.88,Festival Sale,24,09-12-2024,15-12-2024,71131100,3
09-12-2024,Printed Scarf,Scarves,6,2149.32,1358.38,12740.22,Festival Sale,23,09-12-2024,13-12-2024,62143000,12
09-12-2024,Charm Bracelet,Jewelry,16,3735.9,2604.22,59397.6,Festival Sale,31,09-12-2024,16-12-2024,71131100,3
09-12-2024,Cotton Scarf,Scarves,6,1000.62,967.39,6009,Festival Sale,32,09-12-2024,10-12-2024,62143000,12
09-12-2024,Fabric Belt,Belts,5,874.59,752.85,4421.35,Festival Sale,25,09-12-2024,16-12-2024,42033000,18
09-12-2024,Pashmina Shawl,Scarves,4,908.49,891.44,3665.92,Festival Sale,31,09-12-2024,12-12-2024,62143000,12
09-12-2024,Scrunchie Pack,Hair Accessories,6,722.11,701.78,4251.36,Festival Sale,32,09-12-2024,14-12-2024,96151900,18
09-12-2024,Digital Watch,Watches,11,6807.88,5178.78,75360.12,Festival Sale,28,09-12-2024,15-12-2024,91021100,18
09-12-2024,Sports Watch,Watches,7,5440.62,4161.72,37908.22,Festival Sale,26,09-12-2024,11-12-2024,91021100,18
09-12-2024,Sports Watch,Watches,2,1790.62,1686.14,3581.28,Festival Sale,31,09-12-2024,12-12-2024,91021100,18
09-12-2024,Winter Wool Scarf,Scarves,10,1424.27,845.7,14519.7,Festival Sale,21,09-12-2024,10-12-2024,62143000,12
10-12-2024,Cat Eye Sunglasses,Sunglasses,3,1235.05,1008.11,3640.41,Festival Sale,34,10-12-2024,12-12-2024,90041000,12
10-12-2024,Aviator Sunglasses,Sunglasses,1,2780.58,2047.22,2827.18,Festival Sale,20,10-12-2024,12-12-2024,90041000,12
10-12-2024,Western Belt,Belts,3,691.33,639.2,2060.91,Festival Sale,26,10-12-2024,13-12-2024,42033000,18
10-12-2024,Smart Watch,Watches,6,2531.76,2285.42,15003.9,Festival Sale,29,10-12-2024,16-12-2024,91021100,18
10-12-2024,Cotton Scarf,Scarves,5,698.79,510.78,3459.55,Festival Sale,21,10-12-2024,13-12-2024,62143000,12
10-12-2024,Charm Bracelet,Jewelry,7,4013.49,2852.5,27751.15,Festival Sale,24,10-12-2024,14-12-2024,71131100,3
10-12-2024,Statement Necklace,Jewelry,8,2779.26,1689.79,22022.88,Festival Sale,20,10-12-2024,14-12-2024,71131100,3
10-12-2024,Leather Belt,Belts,5,1018.3,1054.82,5102.6,Festival Sale,34,10-12-2024,17-12-2024,42033000,18
10-12-2024,Sports Sunglasses,Sunglasses,5,2695.37,2375.91,13266.55,Festival Sale,21,10-12-2024,16-12-2024,90041000,12
10-12-2024,Silver Bracelet,Jewelry,10,3090.07,2827.37,30399.2,Festival Sale,34,10-12-2024,13-12-2024,71131100,3
10-12-2024,Hair Clip Set,Hair Accessories,1,353.71,368.89,354.6,Festival Sale,33,10-12-2024,13-12-2024,96151900,18
10-12-2024,Digital Watch,Watches,7,2331.42,2231.88,16329.88,Festival Sale,29,10-12-2024,12-12-2024,91021100,18
10-12-2024,Aviator Sunglasses,Sunglasses,9,1725.93,1572.85,15542.28,Festival Sale,29,10-12-2024,17-12-2024,90041000,12
10-12-2024,Cotton Scarf,Scarves,1,875.68,731.01,883.49,Festival Sale,28,10-12-2024,14-12-2024,62143000,12
10-12-2024,Crossbody Bag,Handbags,6,1968.96,1713.69,11998.56,Festival Sale,30,10-12-2024,11-12-2024,42022290,18
11-12-2024,Cotton Scarf,Scarves,2,1240.59,1029.71,2505.04,Festival Sale,30,11-12-2024,14-12-2024,62143000,12
11-12-2024,Leather Tote Bag,Handbags,4,5891.55,4930.14,23246.24,Festival Sale,22,11-12-2024,14-12-2024,42022290,18
11-12-2024,Silver Bracelet,Jewelry,3,2182.72,1380.27,6536.91,Festival Sale,27,11-12-2024,14-12-2024,71131100,3
11-12-2024,Fabric Belt,Belts,6,1268.76,907.65,7507.38,Festival Sale,31,11-12-2024,13-12-2024,42033000,18
11-12-2024,Clutch Purse,Handbags,2,4735.82,4119.15,9379.66,Festival Sale,26,11-12-2024,15-12-2024,42022290,18
11-12-2024,Shoulder Bag,Handbags,6,5217.27,3878.97,31494.36,Festival Sale,34,11-12-2024,14-12-2024,42022290,18
11-12-2024,Crossbody Bag,Handbags,4,3237.18,2105.4,13113.8,Festival Sale,27,11-12-2024,16-12-2024,42022290,18
11-12-2024,Leather Tote Bag,Handbags,10,3618.55,2832.38,36088.5,Festival Sale,33,11-12-2024,15-12-2024,42022290,18
11-12-2024,Scrunchie Pack,Hair Accessories,4,644.58,409.31,2534.12,Festival Sale,21,11-12-2024,14-12-2024,96151900,18
11-12-2024,Clutch Purse,Handbags,4,5292.36,4861.77,20885.88,Festival Sale,33,11-12-2024,17-12-2024,42022290,18
11-12-2024,Cat Eye Sunglasses,Sunglasses,2,2562.77,2012.94,5072.02,Festival Sale,31,11-12-2024,18-12-2024,90041000,12
11-12-2024,Shoulder Bag,Handbags,3,5044.75,3456.82,14976,Festival Sale,21,11-12-2024,16-12-2024,42022290,18
11-12-2024,Hair Clip Set,Hair Accessories,8,338.99,262.02,2708.88,Festival Sale,32,11-12-2024,17-12-2024,96151900,18
11-12-2024,Smart Watch,Watches,4,5013.03,4253.18,20320.72,Festival Sale,24,11-12-2024,14-12-2024,91021100,18
11-12-2024,Waist Belt,Belts,10,1305.74,1130.07,13170.4,Festival Sale,26,11-12-2024,14-12-2024,42033000,18
11-12-2024,Hair Clip Set,Hair Accessories,10,496.41,386.2,4948.7,Festival Sale,33,11-12-2024,13-12-2024,96151900,18
11-12-2024,Fabric Belt,Belts,3,1169.86,1146.39,3535.56,Festival Sale,28,11-12-2024,15-12-2024,42033000,18
12-12-2024,Crossbody Bag,Handbags,12,6649.04,3980.01,78899.88,Festival Sale,23,12-12-2024,14-12-2024,42022290,18
12-12-2024,Aviator Sunglasses,Sunglasses,6,1316.04,1192.52,7936.5,Festival Sale,26,12-12-2024,14-12-2024,90041000,12
12-12-2024,Waist Belt,Belts,9,1736.76,1670.74,15876,Festival Sale,26,12-12-2024,13-12-2024,42033000,18
12-12-2024,Charm Bracelet,Jewelry,3,2663.16,1853.54,7900.2,Festival Sale,29,12-12-2024,14-12-2024,71131100,3
12-12-2024,Cotton Scarf,Scarves,2,592.36,444.87,1175.4,Festival Sale,27,12-12-2024,13-12-2024,62143000,12
12-12-2024,Pashmina Shawl,Scarves,2,867.9,686.78,1753.1,Festival Sale,34,12-12-2024,13-12-2024,62143000,12
12-12-2024,Dress Watch,Watches,7,9429.65,5624.76,64761.27,Festival Sale,20,12-12-2024,13-12-2024,91021100,18
12-12-2024,Pashmina Shawl,Scarves,12,600.94,443.19,7239.36,Festival Sale,33,12-12-2024,16-12-2024,62143000,12
12-12-2024,Pashmina Shawl,Scarves,12,787.46,638.47,9381.84,Festival Sale,28,12-12-2024,15-12-2024,62143000,12
12-12-2024,Cotton Scarf,Scarves,2,1440.24,1180.14,2833.96,Festival Sale,34,12-12-2024,14-12-2024,62143000,12
12-12-2024,Leather Tote Bag,Handbags,5,2842.01,2361.53,14408.3,Festival Sale,20,12-12-2024,15-12-2024,42022290,18
12-12-2024,Fabric Belt,Belts,12,2148.74,1329.68,25399.8,Festival Sale,20,12-12-2024,13-12-2024,42033000,18
12-12-2024,Dress Watch,Watches,6,2854.36,2547.04,16987.62,Festival Sale,25,12-12-2024,19-12-2024,91021100,18
12-12-2024,Sports Sunglasses,Sunglasses,6,2936.1,2366.31,17854.02,Festival Sale,20,12-12-2024,13-12-2024,90041000,12
13-12-2024,Leather Tote Bag,Handbags,8,3387.3,2687.58,26921.28,Festival Sale,20,13-12-2024,16-12-2024,42022290,18
13-12-2024,Turban,Hair Accessories,11,248.3,202.65,2690.93,Festival Sale,27,13-12-2024,18-12-2024,96151900,18
13-12-2024,Smart Watch,Watches,8,4902.22,3010.29,38754.24,Festival Sale,24,13-12-2024,17-12-2024,91021100,18
13-12-2024,Pashmina Shawl,Scarves,22,828.32,530.59,18034.94,Festival Sale,29,13-12-2024,16-12-2024,62143000,12
13-12-2024,Printed Scarf,Scarves,22,679.85,549.61,15162.18,Festival Sale,29,13-12-2024,14-12-2024,62143000,12
13-12-2024,Round Frame,Sunglasses,10,2060.15,1660.5,20859.6,Festival Sale,24,13-12-2024,19-12-2024,90041000,12
13-12-2024,Statement Necklace,Jewelry,13,2982.39,2190.39,38697.23,Festival Sale,29,13-12-2024,20-12-2024,71131100,3
13-12-2024,Dress Watch,Watches,5,3212.42,2395.38,16010.75,Festival Sale,34,13-12-2024,17-12-2024,91021100,18
13-12-2024,Clutch Purse,Handbags,3,3145.97,2347.38,9273.36,Festival Sale,26,13-12-2024,20-12-2024,42022290,18
13-12-2024,Cotton Scarf,Scarves,3,525.27,400.2,1577.79,Festival Sale,30,13-12-2024,18-12-2024,62143000,12
13-12-2024,Gold Plated Earrings,Jewelry,13,2385.97,1607.66,31264.61,Festival Sale,30,13-12-2024,18-12-2024,71131100,3
13-12-2024,Charm Bracelet,Jewelry,18,1674.41,1274.07,30516.84,Festival Sale,21,13-12-2024,19-12-2024,71131100,3
13-12-2024,Round Frame,Sunglasses,7,3237.57,2402.97,23074.45,Festival Sale,33,13-12-2024,16-12-2024,90041000,12
14-12-2024,Cat Eye Sunglasses,Sunglasses,9,1086.07,1134.85,9946.26,Festival Sale,34,14-12-2024,18-12-2024,90041000,12
14-12-2024,Backpack Purse,Handbags,3,3804.4,2364.2,11379.45,Festival Sale,24,14-12-2024,18-12-2024,42022290,18
14-12-2024,Digital Watch,Watches,6,3219.8,3102.33,19572.24,Festival Sale,32,14-12-2024,17-12-2024,91021100,18
14-12-2024,Turban,Hair Accessories,4,456.5,301.51,1800.68,Festival Sale,31,14-12-2024,20-12-2024,96151900,18
14-12-2024,Hair Pin Set,Hair Accessories,6,424.81,288.71,2539.08,Festival Sale,29,14-12-2024,21-12-2024,96151900,18
14-12-2024,Oversized Sunglasses,Sunglasses,8,1388.84,973.9,10950.88,Festival Sale,22,14-12-2024,17-12-2024,90041000,12
14-12-2024,Chain Belt,Belts,17,1561.01,1500.31,26614.35,Festival Sale,32,14-12-2024,18-12-2024,42033000,18
14-12-2024,Silk Scarf,Scarves,12,1849.39,1301.8,22107.96,Festival Sale,30,14-12-2024,15-12-2024,62143000,12
14-12-2024,Shoulder Bag,Handbags,10,4944.39,4550.48,49393.7,Festival Sale,25,14-12-2024,19-12-2024,42022290,18
14-12-2024,Headband,Hair Accessories,10,872.45,688.82,8557.9,Festival Sale,33,14-12-2024,20-12-2024,96151900,18
14-12-2024,Analog Watch,Watches,3,6598,4072.55,19561.74,Festival Sale,21,14-12-2024,19-12-2024,91021100,18
14-12-2024,Shoulder Bag,Handbags,9,4806.53,3028.85,43094.34,Festival Sale,25,14-12-2024,17-12-2024,42022290,18
14-12-2024,Leather Belt,Belts,6,919.76,757.77,5495.16,Festival Sale,34,14-12-2024,21-12-2024,42033000,18
14-12-2024,Leather Belt,Belts,12,1666.16,1086.61,20196.84,Festival Sale,29,14-12-2024,19-12-2024,42033000,18
16-12-2024,Sports Watch,Watches,6,9376,5488.84,55732.68,Festival Sale,21,16-12-2024,17-12-2024,91021100,18
16-12-2024,Turban,Hair Accessories,4,844.85,677.22,3315.36,Festival Sale,22,16-12-2024,19-12-2024,96151900,18
16-12-2024,Winter Wool Scarf,Scarves,5,1823.29,1195.22,9253.6,Festival Sale,20,16-12-2024,18-12-2024,62143000,12
16-12-2024,Fabric Belt,Belts,1,1956.89,1383.25,1946.2,Festival Sale,32,16-12-2024,21-12-2024,42033000,18
16-12-2024,Gold Plated Earrings,Jewelry,12,2644.25,2319.3,31708.32,Festival Sale,22,16-12-2024,17-12-2024,71131100,3
16-12-2024,Leather Tote Bag,Handbags,3,3652.57,2448.2,10806.24,Festival Sale,24,16-12-2024,23-12-2024,42022290,18
16-12-2024,Waist Belt,Belts,8,1066.95,910.19,8709.76,Festival Sale,20,16-12-2024,18-12-2024,42033000,18
16-12-2024,Pearl Necklace,Jewelry,14,1334.4,1112.85,18957.12,Festival Sale,32,16-12-2024,17-12-2024,71131100,3
16-12-2024,Western Belt,Belts,7,1731.09,1495.81,12346.25,Festival Sale,33,16-12-2024,23-12-2024,42033000,18
16-12-2024,Sports Sunglasses,Sunglasses,5,2725.18,1803.14,13812.1,Festival Sale,27,16-12-2024,21-12-2024,90041000,12
16-12-2024,Sports Watch,Watches,6,4807.02,4098.41,28604.22,Festival Sale,26,16-12-2024,22-12-2024,91021100,18
16-12-2024,Dress Watch,Watches,6,3327.9,2184.91,20259.42,Festival Sale,20,16-12-2024,21-12-2024,91021100,18
17-12-2024,Headband,Hair Accessories,10,291.19,307.3,2897.7,Festival Sale,34,17-12-2024,21-12-2024,96151900,18
17-12-2024,Leather Belt,Belts,1,1882.19,1184.4,1854.87,Festival Sale,24,17-12-2024,19-12-2024,42033000,18
17-12-2024,Fabric Belt,Belts,10,1413.16,1022.78,14399.6,Festival Sale,22,17-12-2024,24-12-2024,42033000,18
17-12-2024,Turban,Hair Accessories,2,506.4,475.95,1032.34,Festival Sale,26,17-12-2024,23-12-2024,96151900,18
17-12-2024,Backpack Purse,Handbags,6,2189.22,1868.16,12882.9,Festival Sale,33,17-12-2024,20-12-2024,42022290,18
17-12-2024,Crossbody Bag,Handbags,2,2627.61,1701.04,5219.04,Festival Sale,28,17-12-2024,24-12-2024,42022290,18
17-12-2024,Hair Pin Set,Hair Accessories,2,444.84,413.25,902.66,Festival Sale,28,17-12-2024,23-12-2024,96151900,18
17-12-2024,Oversized Sunglasses,Sunglasses,7,3237.98,1957.5,22842.47,Festival Sale,23,17-12-2024,20-12-2024,90041000,12
17-12-2024,Hair Pin Set,Hair Accessories,3,846.65,769.8,2491.62,Festival Sale,26,17-12-2024,18-12-2024,96151900,18
17-12-2024,Pashmina Shawl,Scarves,9,1915.06,1408.08,17425.71,Festival Sale,27,17-12-2024,24-12-2024,62143000,12
17-12-2024,Winter Wool Scarf,Scarves,1,1059.21,965.48,1048.61,Festival Sale,34,17-12-2024,21-12-2024,62143000,12
17-12-2024,Sports Sunglasses,Sunglasses,5,1398.6,1321.56,7066.15,Festival Sale,33,17-12-2024,22-12-2024,90041000,12
17-12-2024,Smart Watch,Watches,4,3781.63,2675.91,15188.2,Festival Sale,24,17-12-2024,21-12-2024,91021100,18
17-12-2024,Turban,Hair Accessories,2,774.65,757.88,1526.06,Festival Sale,34,17-12-2024,24-12-2024,96151900,18
17-12-2024,Analog Watch,Watches,3,5011.75,3411.16,15324.3,Festival Sale,24,17-12-2024,18-12-2024,91021100,18
17-12-2024,Fabric Belt,Belts,5,2273.43,1517.74,11455.5,Festival Sale,31,17-12-2024,20-12-2024,42033000,18
17-12-2024,Pashmina Shawl,Scarves,6,1364.48,949.33,8191.08,Festival Sale,33,17-12-2024,21-12-2024,62143000,12
18-12-2024,Backpack Purse,Handbags,10,4088.45,3118.3,40680.3,Festival Sale,25,18-12-2024,25-12-2024,42022290,18
18-12-2024,Oversized Sunglasses,Sunglasses,9,1227.55,1182.71,11260.44,Festival Sale,27,18-12-2024,25-12-2024,90041000,12
18-12-2024,Dress Watch,Watches,7,4855.88,3901.95,34113.03,Festival Sale,24,18-12-2024,23-12-2024,91021100,18
18-12-2024,Pearl Necklace,Jewelry,7,4097.79,2933.1,28864.29,Festival Sale,34,18-12-2024,24-12-2024,71131100,3
18-12-2024,Sports Watch,Watches,8,6091.77,4578.3,49674.24,Festival Sale,28,18-12-2024,23-12-2024,91021100,18
18-12-2024,Turban,Hair Accessories,9,511.16,414.05,4627.17,Festival Sale,28,18-12-2024,21-12-2024,96151900,18
18-12-2024,Statement Necklace,Jewelry,11,3149.77,2955.86,34059.3,Festival Sale,32,18-12-2024,19-12-2024,71131100,3
18-12-2024,Headband,Hair Accessories,8,742.13,663.95,5991.04,Festival Sale,28,18-12-2024,19-12-2024,96151900,18
18-12-2024,Analog Watch,Watches,3,5416.26,3430.14,16193.34,Festival Sale,27,18-12-2024,23-12-2024,91021100,18
18-12-2024,Sports Watch,Watches,5,4377.32,3925.2,22064.8,Festival Sale,33,18-12-2024,21-12-2024,91021100,18
18-12-2024,Waist Belt,Belts,4,1202.87,1065.76,4888.4,Festival Sale,25,18-12-2024,23-12-2024,42033000,18
18-12-2024,Shoulder Bag,Handbags,10,3293.03,2385.08,33209.6,Festival Sale,34,18-12-2024,19-12-2024,42022290,18
18-12-2024,Oversized Sunglasses,Sunglasses,2,1365.06,998.3,2733.32,Festival Sale,24,18-12-2024,22-12-2024,90041000,12
18-12-2024,Leather Tote Bag,Handbags,3,2903.59,2737.78,8782.35,Festival Sale,25,18-12-2024,23-12-2024,42022290,18
18-12-2024,Oversized Sunglasses,Sunglasses,16,1444.06,1198.2,22990.72,Festival Sale,29,18-12-2024,20-12-2024,90041000,12
18-12-2024,Shoulder Bag,Handbags,2,4032.71,3280.8,7923.1,Festival Sale,33,18-12-2024,22-12-2024,42022290,18
18-12-2024,Fabric Belt,Belts,6,1075.67,929.24,6567.18,Festival Sale,22,18-12-2024,25-12-2024,42033000,18
18-12-2024,Leather Tote Bag,Handbags,4,1612.7,1664.11,6395.28,Festival Sale,33,18-12-2024,24-12-2024,42022290,18
18-12-2024,Round Frame,Sunglasses,2,1864.33,1295.97,3804.56,Festival Sale,20,18-12-2024,23-12-2024,90041000,12
18-12-2024,Scrunchie Pack,Hair Accessories,2,873.32,656.81,1782.22,Festival Sale,32,18-12-2024,22-12-2024,96151900,18
19-12-2024,Hair Clip Set,Hair Accessories,1,792.97,538.97,804.79,Festival Sale,32,19-12-2024,23-12-2024,96151900,18
19-12-2024,Backpack Purse,Handbags,6,1778.51,1485.86,10679.64,Festival Sale,31,19-12-2024,21-12-2024,42022290,18
19-12-2024,Hair Clip Set,Hair Accessories,10,395.97,359.82,4032.6,Festival Sale,23,19-12-2024,26-12-2024,96151900,18
19-12-2024,Oversized Sunglasses,Sunglasses,2,3006.16,2123.02,5959.36,Festival Sale,31,19-12-2024,23-12-2024,90041000,12
19-12-2024,Pashmina Shawl,Scarves,4,843.07,680.83,3437,Festival Sale,25,19-12-2024,23-12-2024,62143000,12
19-12-2024,Headband,Hair Accessories,8,1222.53,724.25,9782,Festival Sale,22,19-12-2024,22-12-2024,96151900,18
19-12-2024,Charm Bracelet,Jewelry,11,3572.23,2432.46,39019.64,Festival Sale,23,19-12-2024,22-12-2024,71131100,3
19-12-2024,Hair Pin Set,Hair Accessories,5,304.92,297.04,1540.8,Festival Sale,29,19-12-2024,25-12-2024,96151900,18
19-12-2024,Scrunchie Pack,Hair Accessories,4,627.99,398.46,2504,Festival Sale,25,19-12-2024,26-12-2024,96151900,18
19-12-2024,Cotton Scarf,Scarves,10,1842.35,1378.75,18600.7,Festival Sale,30,19-12-2024,21-12-2024,62143000,12
19-12-2024,Dress Watch,Watches,3,6918.39,4905.28,20995.26,Festival Sale,33,19-12-2024,22-12-2024,91021100,18
19-12-2024,Cotton Scarf,Scarves,5,546.4,446.78,2697.65,Festival Sale,23,19-12-2024,21-12-2024,62143000,12
19-12-2024,Sports Watch,Watches,3,4980.79,3370.6,15042.9,Festival Sale,25,19-12-2024,20-12-2024,91021100,18
19-12-2024,Leather Belt,Belts,4,2893.29,1900.74,11429.6,Festival Sale,23,19-12-2024,24-12-2024,42033000,18
19-12-2024,Digital Watch,Watches,2,7618.51,5995.87,15411.54,Festival Sale,25,19-12-2024,23-12-2024,91021100,18
20-12-2024,Cotton Scarf,Scarves,8,693.64,585.1,5581.28,Festival Sale,32,20-12-2024,22-12-2024,62143000,12
20-12-2024,Hair Clip Set,Hair Accessories,4,508.22,412.56,2065.72,Festival Sale,33,20-12-2024,22-12-2024,96151900,18
20-12-2024,Cat Eye Sunglasses,Sunglasses,13,2612.32,1795.05,33964.97,Festival Sale,27,20-12-2024,23-12-2024,90041000,12
20-12-2024,Pashmina Shawl,Scarves,8,1024.92,911.25,8238.4,Festival Sale,28,20-12-2024,25-12-2024,62143000,12
20-12-2024,Pearl Necklace,Jewelry,12,1930.79,1483.24,23636.52,Festival Sale,23,20-12-2024,25-12-2024,71131100,3
20-12-2024,Clutch Purse,Handbags,11,2218.84,1565.28,24441.56,Festival Sale,30,20-12-2024,25-12-2024,42022290,18
20-12-2024,Statement Necklace,Jewelry,5,2034.54,1301.05,10348.85,Festival Sale,23,20-12-2024,25-12-2024,71131100,3
20-12-2024,Hair Pin Set,Hair Accessories,5,618.46,468.39,3051.2,Festival Sale,21,20-12-2024,25-12-2024,96151900,18
20-12-2024,Winter Wool Scarf,Scarves,18,2199.66,1401.02,39603.96,Festival Sale,26,20-12-2024,27-12-2024,62143000,12
20-12-2024,Analog Watch,Watches,2,2214.31,2000.89,4395.2,Festival Sale,26,20-12-2024,24-12-2024,91021100,18
20-12-2024,Winter Wool Scarf,Scarves,23,1309.8,1004.04,29743.37,Festival Sale,31,20-12-2024,22-12-2024,62143000,12
20-12-2024,Cotton Scarf,Scarves,9,933.21,678.7,8552.43,Festival Sale,30,20-12-2024,21-12-2024,62143000,12
21-12-2024,Round Frame,Sunglasses,15,2704.56,1977.21,40834.35,Festival Sale,23,21-12-2024,23-12-2024,90041000,12
21-12-2024,Clutch Purse,Handbags,3,3764.27,2295.57,11511.48,Festival Sale,24,21-12-2024,26-12-2024,42022290,18
21-12-2024,Headband,Hair Accessories,3,243.23,229.31,743.07,Festival Sale,28,21-12-2024,22-12-2024,96151900,18
21-12-2024,Dress Watch,Watches,2,3237.31,2427.43,6596.56,Festival Sale,30,21-12-2024,22-12-2024,91021100,18
21-12-2024,Printed Scarf,Scarves,8,926.26,698.78,7416.64,Festival Sale,30,21-12-2024,23-12-2024,62143000,12
21-12-2024,Statement Necklace,Jewelry,5,2266.1,2009.47,11352.9,Festival Sale,34,21-12-2024,26-12-2024,71131100,3
21-12-2024,Headband,Hair Accessories,11,942.67,730.53,10554.61,Festival Sale,30,21-12-2024,22-12-2024,96151900,18
21-12-2024,Leather Tote Bag,Handbags,2,5339.79,4790.05,10782.06,Festival Sale,25,21-12-2024,28-12-2024,42022290,18
21-12-2024,Western Belt,Belts,4,1988.97,1546.45,8038.04,Festival Sale,32,21-12-2024,22-12-2024,42033000,18
21-12-2024,Sports Watch,Watches,2,4942.13,3969.76,9965.34,Festival Sale,21,21-12-2024,25-12-2024,91021100,18
21-12-2024,Leather Belt,Belts,7,2108.83,1958.43,14679.14,Festival Sale,27,21-12-2024,23-12-2024,42033000,18
21-12-2024,Backpack Purse,Handbags,13,6099.68,4274.89,78675.61,Festival Sale,26,21-12-2024,27-12-2024,42022290,18
21-12-2024,Sports Watch,Watches,7,6211.58,4744.66,43762.74,Festival Sale,26,21-12-2024,27-12-2024,91021100,18
21-12-2024,Sports Sunglasses,Sunglasses,8,1772.53,1425.72,14018.64,Festival Sale,22,21-12-2024,28-12-2024,90041000,12
21-12-2024,Printed Scarf,Scarves,16,636.95,486.36,10224.8,Festival Sale,23,21-12-2024,27-12-2024,62143000,12
21-12-2024,Chain Belt,Belts,2,2944.66,1858.82,5884.04,Festival Sale,26,21-12-2024,22-12-2024,42033000,18
21-12-2024,Dress Watch,Watches,1,4027.02,2475.35,4084.94,Festival Sale,21,21-12-2024,22-12-2024,91021100,18
23-12-2024,Winter Wool Scarf,Scarves,17,565.27,529.58,9713.29,Festival Sale,27,23-12-2024,25-12-2024,62143000,12
23-12-2024,Scrunchie Pack,Hair Accessories,6,888.9,778.42,5285.28,Festival Sale,31,23-12-2024,28-12-2024,96151900,18
23-12-2024,Waist Belt,Belts,5,1988.54,1549.13,9756.55,Festival Sale,31,23-12-2024,25-12-2024,42033000,18
23-12-2024,Charm Bracelet,Jewelry,11,3643.01,2725.35,39747.73,Festival Sale,29,23-12-2024,27-12-2024,71131100,3
23-12-2024,Backpack Purse,Handbags,4,1796.61,1559.04,7316.92,Festival Sale,26,23-12-2024,29-12-2024,42022290,18
23-12-2024,Pashmina Shawl,Scarves,7,1553.19,1457.38,11029.9,Festival Sale,27,23-12-2024,28-12-2024,62143000,12
23-12-2024,Charm Bracelet,Jewelry,3,3207.18,2136.72,9642.45,Festival Sale,28,23-12-2024,24-12-2024,71131100,3
23-12-2024,Pearl Necklace,Jewelry,11,1507.12,1328.57,16425.53,Festival Sale,32,23-12-2024,30-12-2024,71131100,3
23-12-2024,Turban,Hair Accessories,2,478.97,413.36,970.92,Festival Sale,30,23-12-2024,29-12-2024,96151900,18
23-12-2024,Winter Wool Scarf,Scarves,12,571.33,579.94,6787.8,Festival Sale,33,23-12-2024,29-12-2024,62143000,12
23-12-2024,Shoulder Bag,Handbags,4,5188.92,4654.72,20709.44,Festival Sale,30,23-12-2024,30-12-2024,42022290,18
23-12-2024,Western Belt,Belts,8,1123.11,941.03,8887.28,Festival Sale,33,23-12-2024,29-12-2024,42033000,18
23-12-2024,Winter Wool Scarf,Scarves,12,1431.48,1129.11,17138.28,Festival Sale,30,23-12-2024,27-12-2024,62143000,12
23-12-2024,Statement Necklace,Jewelry,2,2910.51,2401.39,5797.24,Festival Sale,25,23-12-2024,27-12-2024,71131100,3
23-12-2024,Hair Pin Set,Hair Accessories,10,1107.99,751.36,11192.4,Festival Sale,26,23-12-2024,25-12-2024,96151900,18
23-12-2024,Analog Watch,Watches,3,5217.84,3569.6,15516.84,Festival Sale,30,23-12-2024,27-12-2024,91021100,18
24-12-2024,Analog Watch,Watches,10,1911.53,1696.98,18855.8,Festival Sale,26,24-12-2024,30-12-2024,91021100,18
24-12-2024,Aviator Sunglasses,Sunglasses,8,3065.24,2422.8,24163.04,Festival Sale,26,24-12-2024,27-12-2024,90041000,12
24-12-2024,Round Frame,Sunglasses,4,2922.13,1908.79,11912.76,Festival Sale,26,24-12-2024,25-12-2024,90041000,12
24-12-2024,Western Belt,Belts,3,1366.66,1056.64,4079.64,Festival Sale,31,24-12-2024,27-12-2024,42033000,18
24-12-2024,Hair Pin Set,Hair Accessories,5,282.02,201.43,1383,Festival Sale,31,24-12-2024,25-12-2024,96151900,18
24-12-2024,Dress Watch,Watches,12,7596.3,4965.65,90839.76,Festival Sale,25,24-12-2024,31-12-2024,91021100,18
24-12-2024,Leather Tote Bag,Handbags,7,6442.06,4197.39,45695.3,Festival Sale,27,24-12-2024,31-12-2024,42022290,18
24-12-2024,Scrunchie Pack,Hair Accessories,3,943.54,732.85,2788.5,Festival Sale,22,24-12-2024,25-12-2024,96151900,18
24-12-2024,Scrunchie Pack,Hair Accessories,7,381.59,386.8,2696.54,Festival Sale,29,24-12-2024,27-12-2024,96151900,18
24-12-2024,Dress Watch,Watches,8,2984.84,1959.55,24321.36,Festival Sale,20,24-12-2024,25-12-2024,91021100,18
24-12-2024,Western Belt,Belts,8,676.32,607.12,5425.6,Festival Sale,32,24-12-2024,25-12-2024,42033000,18
24-12-2024,Charm Bracelet,Jewelry,14,949.72,826.91,13512.1,Festival Sale,28,24-12-2024,30-12-2024,71131100,3
24-12-2024,Hair Clip Set,Hair Accessories,2,491.86,328.25,999.1,Festival Sale,20,24-12-2024,30-12-2024,96151900,18
24-12-2024,Cotton Scarf,Scarves,14,823.72,780.16,11549.02,Festival Sale,30,24-12-2024,28-12-2024,62143000,12
24-12-2024,Dress Watch,Watches,3,5021.26,3516.75,14996.19,Festival Sale,33,24-12-2024,26-12-2024,91021100,18
24-12-2024,Hair Pin Set,Hair Accessories,4,616.75,535.73,2427.64,Festival Sale,29,24-12-2024,26-12-2024,96151900,18
24-12-2024,Pashmina Shawl,Scarves,2,1366.96,1048.62,2711.66,Festival Sale,29,24-12-2024,29-12-2024,62143000,12
24-12-2024,Dress Watch,Watches,2,6515.27,5092.53,12854.38,Festival Sale,24,24-12-2024,26-12-2024,91021100,18
24-12-2024,Turban,Hair Accessories,12,779.2,706.69,9383.52,Festival Sale,34,24-12-2024,28-12-2024,96151900,18
24-12-2024,Winter Wool Scarf,Scarves,1,1131.96,978.75,1140.23,Festival Sale,30,24-12-2024,25-12-2024,62143000,12
24-12-2024,Leather Belt,Belts,4,1682.48,1533.39,6705.04,Festival Sale,29,24-12-2024,27-12-2024,42033000,18
24-12-2024,Aviator Sunglasses,Sunglasses,6,1974.33,1583.39,11754.06,Festival Sale,26,24-12-2024,31-12-2024,90041000,12
25-12-2024,Silver Bracelet,Jewelry,12,2509.68,2030.64,30034.2,Festival Sale,24,25-12-2024,31-12-2024,71131100,3
25-12-2024,Scrunchie Pack,Hair Accessories,2,481.8,356.6,972.76,Festival Sale,32,25-12-2024,30-12-2024,96151900,18
25-12-2024,Sports Sunglasses,Sunglasses,2,2614.26,2093.95,5255.9,Festival Sale,28,25-12-2024,26-12-2024,90041000,12
25-12-2024,Statement Necklace,Jewelry,8,3137.81,1884.31,25154.48,Festival Sale,22,25-12-2024,29-12-2024,71131100,3
25-12-2024,Charm Bracelet,Jewelry,11,2172.72,1732.69,24373.58,Festival Sale,20,25-12-2024,01-01-2025,71131100,3
25-12-2024,Aviator Sunglasses,Sunglasses,10,2386.04,1471.73,23503.3,Festival Sale,23,25-12-2024,31-12-2024,90041000,12
25-12-2024,Cat Eye Sunglasses,Sunglasses,5,3091.23,1786.09,15449.1,Festival Sale,21,25-12-2024,29-12-2024,90041000,12
25-12-2024,Backpack Purse,Handbags,1,4218.08,2384.49,4176.15,Festival Sale,20,25-12-2024,30-12-2024,42022290,18
25-12-2024,Sports Sunglasses,Sunglasses,6,2731.43,2049.95,16606.5,Festival Sale,25,25-12-2024,31-12-2024,90041000,12
25-12-2024,Waist Belt,Belts,3,2233.71,1850.04,6685.98,Festival Sale,26,25-12-2024,27-12-2024,42033000,18
25-12-2024,Cotton Scarf,Scarves,6,1528.11,1263.77,9015,Festival Sale,31,25-12-2024,27-12-2024,62143000,12
25-12-2024,Waist Belt,Belts,3,1058.88,719.73,3213.36,Festival Sale,29,25-12-2024,27-12-2024,42033000,18
25-12-2024,Scrunchie Pack,Hair Accessories,5,672.33,401.18,3382.5,Festival Sale,20,25-12-2024,28-12-2024,96151900,18
25-12-2024,Hair Clip Set,Hair Accessories,4,413.5,364.79,1661.44,Festival Sale,27,25-12-2024,30-12-2024,96151900,18
25-12-2024,Oversized Sunglasses,Sunglasses,7,1646.37,1508.5,11578.63,Festival Sale,29,25-12-2024,26-12-2024,90041000,12
25-12-2024,Leather Belt,Belts,2,1508.26,1405.37,3004.42,Festival Sale,34,25-12-2024,27-12-2024,42033000,18
25-12-2024,Round Frame,Sunglasses,3,1856.3,1315.24,5592.66,Festival Sale,34,25-12-2024,30-12-2024,90041000,12
25-12-2024,Pearl Necklace,Jewelry,6,3407.49,2379.83,20303.58,Festival Sale,20,25-12-2024,31-12-2024,71131100,3
25-12-2024,Winter Wool Scarf,Scarves,8,1119.64,707.04,8962.64,Festival Sale,21,25-12-2024,31-12-2024,62143000,12
25-12-2024,Chain Belt,Belts,2,2304.3,1922.86,4672.6,Festival Sale,34,25-12-2024,28-12-2024,42033000,18
25-12-2024,Digital Watch,Watches,10,4557.3,3444.93,44769.7,Festival Sale,27,25-12-2024,27-12-2024,91021100,18
26-12-2024,Crossbody Bag,Handbags,6,5088.26,4289.33,30850.98,Festival Sale,24,26-12-2024,28-12-2024,42022290,18
26-12-2024,Hair Pin Set,Hair Accessories,10,831.7,640.8,8296.3,Festival Sale,29,26-12-2024,27-12-2024,96151900,18
26-12-2024,Sports Watch,Watches,9,2923.98,2151.73,26786.52,Festival Sale,21,26-12-2024,31-12-2024,91021100,18
26-12-2024,Silk Scarf,Scarves,13,1648.95,1370.87,21083.27,Festival Sale,31,26-12-2024,02-01-2025,62143000,12
26-12-2024,Headband,Hair Accessories,3,271.02,252.46,799.38,Festival Sale,31,26-12-2024,30-12-2024,96151900,18
26-12-2024,Leather Belt,Belts,6,2007.01,1702.48,12107.64,Festival Sale,34,26-12-2024,30-12-2024,42033000,18
26-12-2024,Backpack Purse,Handbags,5,2452.05,1898.87,12449,Festival Sale,26,26-12-2024,02-01-2025,42022290,18
26-12-2024,Pearl Necklace,Jewelry,10,2740.56,2265.01,27112.8,Festival Sale,31,26-12-2024,02-01-2025,71131100,3
26-12-2024,Hair Clip Set,Hair Accessories,6,926.31,544.86,5611.2,Festival Sale,21,26-12-2024,02-01-2025,96151900,18
26-12-2024,Waist Belt,Belts,2,1524.94,1258.77,3025.6,Festival Sale,20,26-12-2024,01-01-2025,42033000,18
26-12-2024,Scrunchie Pack,Hair Accessories,2,466.76,365.78,918.28,Festival Sale,21,26-12-2024,31-12-2024,96151900,18
26-12-2024,Aviator Sunglasses,Sunglasses,2,2134.56,1703.72,4253.76,Festival Sale,26,26-12-2024,29-12-2024,90041000,12
26-12-2024,Gold Plated Earrings,Jewelry,18,1540.63,1026.91,27336.42,Festival Sale,32,26-12-2024,30-12-2024,71131100,3
26-12-2024,Gold Plated Earrings,Jewelry,6,1128.36,826.6,6845.58,Festival Sale,22,26-12-2024,31-12-2024,71131100,3
26-12-2024,Printed Scarf,Scarves,5,614.46,428.49,3022.7,Festival Sale,23,26-12-2024,30-12-2024,62143000,12
26-12-2024,Western Belt,Belts,4,1372.2,1072.35,5549.48,Festival Sale,25,26-12-2024,29-12-2024,42033000,18
26-12-2024,Fabric Belt,Belts,9,1536.24,1362.96,13979.52,Festival Sale,30,26-12-2024,02-01-2025,42033000,18
26-12-2024,Oversized Sunglasses,Sunglasses,3,3311.72,2074.24,9786.45,Festival Sale,27,26-12-2024,02-01-2025,90041000,12
26-12-2024,Silver Bracelet,Jewelry,4,1917.42,1315.6,7652.88,Festival Sale,31,26-12-2024,02-01-2025,71131100,3
26-12-2024,Gold Plated Earrings,Jewelry,3,2886.28,2153.8,8556.36,Festival Sale,22,26-12-2024,29-12-2024,71131100,3
27-12-2024,Turban,Hair Accessories,7,610.54,554.89,4222.68,Festival Sale,25,27-12-2024,01-01-2025,96151900,18
27-12-2024,Cotton Scarf,Scarves,2,827.34,521.8,1645,Festival Sale,27,27-12-2024,03-01-2025,62143000,12
27-12-2024,Pearl Necklace,Jewelry,20,1171.16,950.42,23718.2,Festival Sale,21,27-12-2024,03-01-2025,71131100,3
27-12-2024,Charm Bracelet,Jewelry,12,1284.84,1178.36,15300.48,Festival Sale,29,27-12-2024,30-12-2024,71131100,3
27-12-2024,Aviator Sunglasses,Sunglasses,2,1134.2,940.03,2308.7,Festival Sale,33,27-12-2024,31-12-2024,90041000,12
27-12-2024,Statement Necklace,Jewelry,4,3488.23,2754.71,14122,Festival Sale,26,27-12-2024,28-12-2024,71131100,3
27-12-2024,Western Belt,Belts,4,2473.9,1550.12,9839.36,Festival Sale,20,27-12-2024,01-01-2025,42033000,18
27-12-2024,Leather Tote Bag,Handbags,5,5536.01,4485.81,27235.75,Festival Sale,23,27-12-2024,30-12-2024,42022290,18
27-12-2024,Pashmina Shawl,Scarves,3,1185.25,1151.87,3517.53,Festival Sale,32,27-12-2024,31-12-2024,62143000,12
27-12-2024,Aviator Sunglasses,Sunglasses,10,1828.05,1218.74,18403.8,Festival Sale,31,27-12-2024,29-12-2024,90041000,12
27-12-2024,Round Frame,Sunglasses,11,2097.98,1658.57,22782.76,Festival Sale,21,27-12-2024,01-01-2025,90041000,12
27-12-2024,Western Belt,Belts,5,2579.94,1746.55,12663.35,Festival Sale,24,27-12-2024,31-12-2024,42033000,18
27-12-2024,Turban,Hair Accessories,12,336.94,305.26,4070.64,Festival Sale,33,27-12-2024,30-12-2024,96151900,18
27-12-2024,Silk Scarf,Scarves,8,1253.35,1039.61,10154,Festival Sale,23,27-12-2024,30-12-2024,62143000,12
27-12-2024,Shoulder Bag,Handbags,12,4416.28,3009.41,53644.44,Festival Sale,25,27-12-2024,28-12-2024,42022290,18
27-12-2024,Waist Belt,Belts,9,2109.74,1357.62,19063.71,Festival Sale,26,27-12-2024,02-01-2025,42033000,18
27-12-2024,Hair Pin Set,Hair Accessories,10,702.92,663.32,7157.4,Festival Sale,28,27-12-2024,03-01-2025,96151900,18
28-12-2024,Chain Belt,Belts,16,1606.73,1351.25,25720.32,Festival Sale,25,28-12-2024,30-12-2024,42033000,18
28-12-2024,Sports Sunglasses,Sunglasses,1,1313.5,1349.57,1301.41,Festival Sale,33,28-12-2024,31-12-2024,90041000,12
28-12-2024,Round Frame,Sunglasses,3,3396.98,2420.92,10178.55,Festival Sale,21,28-12-2024,29-12-2024,90041000,12
28-12-2024,Silver Bracelet,Jewelry,2,3954.26,2966.23,7762.56,Festival Sale,21,28-12-2024,29-12-2024,71131100,3
28-12-2024,Turban,Hair Accessories,3,649.43,513.7,1951.29,Festival Sale,20,28-12-2024,03-01-2025,96151900,18
28-12-2024,Pashmina Shawl,Scarves,41,1730.72,1362.05,72368.69,Festival Sale,32,28-12-2024,31-12-2024,62143000,12
28-12-2024,Smart Watch,Watches,10,6435.99,3990.76,64436.9,Festival Sale,26,28-12-2024,31-12-2024,91021100,18
28-12-2024,Oversized Sunglasses,Sunglasses,2,2781.82,2199,5469.58,Festival Sale,23,28-12-2024,04-01-2025,90041000,12
28-12-2024,Leather Belt,Belts,6,2250.38,1774.18,13724.16,Festival Sale,29,28-12-2024,01-01-2025,42033000,18
28-12-2024,Analog Watch,Watches,5,6369.13,4886.88,32202.5,Festival Sale,25,28-12-2024,29-12-2024,91021100,18
28-12-2024,Statement Necklace,Jewelry,14,1329.64,1023.82,18455.78,Festival Sale,29,28-12-2024,30-12-2024,71131100,3
28-12-2024,Waist Belt,Belts,14,1303.11,813.11,18395.02,Festival Sale,20,28-12-2024,29-12-2024,42033000,18
28-12-2024,Printed Scarf,Scarves,9,1095.55,1056.77,9756.45,Festival Sale,27,28-12-2024,30-12-2024,62143000,12
28-12-2024,Shoulder Bag,Handbags,5,4681.96,3397.26,23485.6,Festival Sale,26,28-12-2024,03-01-2025,42022290,18
28-12-2024,Hair Clip Set,Hair Accessories,21,848.6,600.53,17612.07,Festival Sale,31,28-12-2024,29-12-2024,96151900,18
28-12-2024,Winter Wool Scarf,Scarves,7,1286.06,817.73,8983.87,Festival Sale,22,28-12-2024,01-01-2025,62143000,12
28-12-2024,Oversized Sunglasses,Sunglasses,7,1884.17,1623.2,13413.19,Festival Sale,27,28-12-2024,30-12-2024,90041000,12
28-12-2024,Pashmina Shawl,Scarves,19,1376.79,984.17,26278.71,Festival Sale,25,28-12-2024,02-01-2025,62143000,12
28-12-2024,Leather Tote Bag,Handbags,21,2899.66,1797.28,61301.73,Festival Sale,25,28-12-2024,03-01-2025,42022290,18
30-12-2024,Hair Clip Set,Hair Accessories,7,825.85,693.4,5710.11,Festival Sale,23,30-12-2024,01-01-2025,96151900,18
30-12-2024,Gold Plated Earrings,Jewelry,2,1071.42,1029.8,2132.18,Festival Sale,28,30-12-2024,01-01-2025,71131100,3
30-12-2024,Leather Belt,Belts,2,1134.97,1090.11,2245.02,Festival Sale,30,30-12-2024,05-01-2025,42033000,18
30-12-2024,Shoulder Bag,Handbags,7,6960.76,4882.35,48975.78,Festival Sale,32,30-12-2024,05-01-2025,42022290,18
30-12-2024,Fabric Belt,Belts,3,1829.41,1190.8,5446.47,Festival Sale,29,30-12-2024,02-01-2025,42033000,18
30-12-2024,Hair Pin Set,Hair Accessories,6,924.37,604.77,5644.38,Festival Sale,27,30-12-2024,31-12-2024,96151900,18
30-12-2024,Sports Watch,Watches,2,2338.15,2148.87,4764.6,Festival Sale,32,30-12-2024,03-01-2025,91021100,18
30-12-2024,Charm Bracelet,Jewelry,12,3403.01,2638.42,41186.28,Festival Sale,32,30-12-2024,06-01-2025,71131100,3
30-12-2024,Cat Eye Sunglasses,Sunglasses,5,2663.6,1790.95,13173.75,Festival Sale,29,30-12-2024,04-01-2025,90041000,12
30-12-2024,Charm Bracelet,Jewelry,14,2733.48,1852.44,38216.64,Festival Sale,28,30-12-2024,02-01-2025,71131100,3
31-12-2024,Clutch Purse,Handbags,2,3527.94,2810.19,7081.7,Festival Sale,31,31-12-2024,02-01-2025,42022290,18
31-12-2024,Clutch Purse,Handbags,4,6289.47,4353.84,24764.96,Festival Sale,27,31-12-2024,05-01-2025,42022290,18
31-12-2024,Silver Bracelet,Jewelry,18,4027.57,2775.89,72504,Festival Sale,34,31-12-2024,03-01-2025,71131100,3
31-12-2024,Gold Plated Earrings,Jewelry,10,2307.76,2157.69,22973.4,Festival Sale,31,31-12-2024,07-01-2025,71131100,3
31-12-2024,Dress Watch,Watches,6,5649.6,4532.03,33251.4,Festival Sale,32,31-12-2024,06-01-2025,91021100,18
31-12-2024,Leather Belt,Belts,3,2052.42,1700.01,6151.74,Festival Sale,29,31-12-2024,01-01-2025,42033000,18
31-12-2024,Analog Watch,Watches,3,2835.71,2302.45,8411.73,Festival Sale,31,31-12-2024,02-01-2025,91021100,18
31-12-2024,Scrunchie Pack,Hair Accessories,6,905.08,639.54,5449.26,Festival Sale,20,31-12-2024,01-01-2025,96151900,18
31-12-2024,Backpack Purse,Handbags,4,3197.03,2582.98,13029.76,Festival Sale,21,31-12-2024,02-01-2025,42022290,18
31-12-2024,Pashmina Shawl,Scarves,1,1355.24,850.33,1337.35,Festival Sale,24,31-12-2024,01-01-2025,62143000,12
31-12-2024,Sports Sunglasses,Sunglasses,6,3341.43,2311.79,19698.42,Festival Sale,30,31-12-2024,05-01-2025,90041000,12
31-12-2024,Sports Sunglasses,Sunglasses,10,2941.98,1830.81,29497.2,Festival Sale,24,31-12-2024,02-01-2025,90041000,12
31-12-2024,Western Belt,Belts,6,1676.32,1330.26,10056.48,Festival Sale,29,31-12-2024,03-01-2025,42033000,18
31-12-2024,Digital Watch,Watches,3,3347.13,2539.19,10071.96,Festival Sale,22,31-12-2024,02-01-2025,91021100,18
31-12-2024,Western Belt,Belts,6,2139.68,1472.59,12587.88,Festival Sale,21,31-12-2024,02-01-2025,42033000,18
31-12-2024,Turban,Hair Accessories,1,567.03,502.03,558.03,Festival Sale,31,31-12-2024,04-01-2025,96151900,18
31-12-2024,Turban,Hair Accessories,6,488.04,438.2,2983.02,Festival Sale,30,31-12-2024,03-01-2025,96151900,18
31-12-2024,Oversized Sunglasses,Sunglasses,8,3102.91,2228.83,24549.28,Festival Sale,24,31-12-2024,05-01-2025,90041000,12
31-12-2024,Clutch Purse,Handbags,13,2279.05,1936.49,29508.57,Festival Sale,26,31-12-2024,04-01-2025,42022290,18
31-12-2024,Round Frame,Sunglasses,6,2425.09,1881.04,14832.24,Festival Sale,30,31-12-2024,04-01-2025,90041000,12
31-12-2024,Leather Belt,Belts,8,2785.05,1918.82,22329.76,Festival Sale,23,31-12-2024,01-01-2025,42033000,18
31-12-2024,Western Belt,Belts,3,2693.06,1738.72,8193.99,Festival Sale,28,31-12-2024,07-01-2025,42033000,18
31-12-2024,Crossbody Bag,Handbags,7,4138.48,3542.08,28543.41,Festival Sale,31,31-12-2024,01-01-2025,42022290,18
31-12-2024,Backpack Purse,Handbags,7,2096.71,1878.52,14968.73,Festival Sale,21,31-12-2024,05-01-2025,42022290,18
01-01-2025,Backpack Purse,Handbags,2,5745.06,3798.28,11321.16,Festival Sale,30,01-01-2025,02-01-2025,42022290,18
01-01-2025,Hair Pin Set,Hair Accessories,3,398.54,259.02,1174.89,Festival Sale,21,01-01-2025,08-01-2025,96151900,18
01-01-2025,Scrunchie Pack,Hair Accessories,1,351.13,248.16,357.23,Festival Sale,25,01-01-2025,08-01-2025,96151900,18
01-01-2025,Clutch Purse,Handbags,6,2339.02,1381.75,13911.78,Festival Sale,23,01-01-2025,02-01-2025,42022290,18
01-01-2025,Headband,Hair Accessories,1,584.91,402.57,583.77,Festival Sale,33,01-01-2025,06-01-2025,96151900,18
01-01-2025,Pashmina Shawl,Scarves,9,1552.34,1018.09,13721.76,Festival Sale,28,01-01-2025,04-01-2025,62143000,12
01-01-2025,Silk Scarf,Scarves,1,1060.11,735.69,1047.62,Festival Sale,20,01-01-2025,02-01-2025,62143000,12
01-01-2025,Crossbody Bag,Handbags,1,6315.23,4681.25,6266.5,Festival Sale,27,01-01-2025,03-01-2025,42022290,18
01-01-2025,Hair Clip Set,Hair Accessories,1,582.68,492.88,572.93,Festival Sale,30,01-01-2025,08-01-2025,96151900,18
01-01-2025,Chain Belt,Belts,4,1447.06,1016.15,5867.96,Festival Sale,28,01-01-2025,05-01-2025,42033000,18
01-01-2025,Waist Belt,Belts,6,1934.18,1402.39,11662.92,Festival Sale,28,01-01-2025,02-01-2025,42033000,18
01-01-2025,Clutch Purse,Handbags,5,4798.6,3622.44,23668.35,Festival Sale,21,01-01-2025,08-01-2025,42022290,18
01-01-2025,Dress Watch,Watches,2,6179.46,5082.57,12559.06,Festival Sale,30,01-01-2025,04-01-2025,91021100,18
01-01-2025,Turban,Hair Accessories,2,882.37,615.33,1734.52,Festival Sale,24,01-01-2025,06-01-2025,96151900,18
01-01-2025,Fabric Belt,Belts,2,2996.94,1996.25,5935.68,Festival Sale,23,01-01-2025,07-01-2025,42033000,18
01-01-2025,Pashmina Shawl,Scarves,5,929.12,687.94,4656.9,Festival Sale,22,01-01-2025,03-01-2025,62143000,12
01-01-2025,Shoulder Bag,Handbags,1,1485.1,1362.29,1494.74,Festival Sale,34,01-01-2025,05-01-2025,42022290,18
01-01-2025,Gold Plated Earrings,Jewelry,3,3029.13,2221.64,9217.32,Festival Sale,20,01-01-2025,05-01-2025,71131100,3
01-01-2025,Fabric Belt,Belts,5,2141.22,1994.54,10883,Festival Sale,24,01-01-2025,05-01-2025,42033000,18
02-01-2025,Sports Watch,Watches,4,5800.19,4395.32,23271.88,Festival Sale,28,02-01-2025,04-01-2025,91021100,18
02-01-2025,Dress Watch,Watches,2,5275.22,3075.91,10407.6,Festival Sale,23,02-01-2025,07-01-2025,91021100,18
02-01-2025,Sports Watch,Watches,1,5516.9,4456.7,5509.88,Festival Sale,33,02-01-2025,09-01-2025,91021100,18
02-01-2025,Crossbody Bag,Handbags,5,6334.17,4252.39,31732.85,Festival Sale,28,02-01-2025,07-01-2025,42022290,18
02-01-2025,Cotton Scarf,Scarves,5,1404.6,1148,7074.2,Festival Sale,30,02-01-2025,07-01-2025,62143000,12
02-01-2025,Cat Eye Sunglasses,Sunglasses,4,1778.26,1423.4,7212,Festival Sale,27,02-01-2025,05-01-2025,90041000,12
02-01-2025,Winter Wool Scarf,Scarves,7,662.8,563.66,4550.42,Festival Sale,34,02-01-2025,09-01-2025,62143000,12
02-01-2025,Pearl Necklace,Jewelry,6,3497.82,2490.61,21392.76,Festival Sale,27,02-01-2025,05-01-2025,71131100,3
02-01-2025,Western Belt,Belts,5,1201.83,1113.66,6054.75,Festival Sale,24,02-01-2025,03-01-2025,42033000,18
02-01-2025,Leather Belt,Belts,2,1000.8,864,1980.26,Festival Sale,20,02-01-2025,08-01-2025,42033000,18
02-01-2025,Turban,Hair Accessories,3,621.11,578.03,1861.8,Festival Sale,30,02-01-2025,08-01-2025,96151900,18
02-01-2025,Pashmina Shawl,Scarves,5,1211.8,931.78,6104.45,Festival Sale,21,02-01-2025,05-01-2025,62143000,12
02-01-2025,Pashmina Shawl,Scarves,1,1242.9,805.74,1218.88,Festival Sale,26,02-01-2025,07-01-2025,62143000,12
02-01-2025,Silver Bracelet,Jewelry,2,4093.16,2670.76,8147.48,Festival Sale,20,02-01-2025,08-01-2025,71131100,3
02-01-2025,Crossbody Bag,Handbags,4,3172.08,2189.84,12793.16,Festival Sale,20,02-01-2025,05-01-2025,42022290,18
02-01-2025,Hair Clip Set,Hair Accessories,1,819.12,516.77,807.88,Festival Sale,23,02-01-2025,06-01-2025,96151900,18
02-01-2025,Printed Scarf,Scarves,10,1795.48,1427.21,18209.6,Festival Sale,24,02-01-2025,04-01-2025,62143000,12
02-01-2025,Digital Watch,Watches,1,5199.73,3716.95,5207.32,Festival Sale,26,02-01-2025,09-01-2025,91021100,18
02-01-2025,Backpack Purse,Handbags,1,6413.99,4437.36,6328.03,Festival Sale,20,02-01-2025,06-01-2025,42022290,18
02-01-2025,Charm Bracelet,Jewelry,3,3758.62,2708.47,11061.84,Festival Sale,28,02-01-2025,04-01-2025,71131100,3
02-01-2025,Round Frame,Sunglasses,3,2128.53,2114.83,6415.59,Festival Sale,28,02-01-2025,04-01-2025,90041000,12
02-01-2025,Oversized Sunglasses,Sunglasses,3,2199.97,1599.92,6696.84,Festival Sale,28,02-01-2025,07-01-2025,90041000,12
02-01-2025,Aviator Sunglasses,Sunglasses,4,2593.32,2318.48,10345.6,Festival Sale,24,02-01-2025,03-01-2025,90041000,12
02-01-2025,Charm Bracelet,Jewelry,6,3594.77,2828.67,21192.24,Festival Sale,26,02-01-2025,04-01-2025,71131100,3
02-01-2025,Hair Clip Set,Hair Accessories,4,369.88,293.13,1469.8,Festival Sale,24,02-01-2025,08-01-2025,96151900,18
03-01-2025,Digital Watch,Watches,9,2014.99,2163.2,18061.11,Festival Sale,34,03-01-2025,09-01-2025,91021100,18
03-01-2025,Waist Belt,Belts,2,1989.17,1316.19,4008.92,Festival Sale,26,03-01-2025,07-01-2025,42033000,18
03-01-2025,Clutch Purse,Handbags,8,6056.22,4061.51,48244.56,Festival Sale,21,03-01-2025,06-01-2025,42022290,18
03-01-2025,Statement Necklace,Jewelry,3,1135.67,1093.04,3355.38,Festival Sale,32,03-01-2025,10-01-2025,71131100,3
03-01-2025,Aviator Sunglasses,Sunglasses,4,3124.88,2376.31,12562.08,Festival Sale,26,03-01-2025,04-01-2025,90041000,12
03-01-2025,Cat Eye Sunglasses,Sunglasses,7,3200.6,2388.36,22637.79,Festival Sale,32,03-01-2025,07-01-2025,90041000,12
03-01-2025,Sports Watch,Watches,2,2729.96,2151.24,5464.08,Festival Sale,33,03-01-2025,10-01-2025,91021100,18
03-01-2025,Pashmina Shawl,Scarves,18,693.12,489.23,12538.26,Festival Sale,29,03-01-2025,06-01-2025,62143000,12
03-01-2025,Statement Necklace,Jewelry,2,2923.42,1942.37,5853.88,Festival Sale,24,03-01-2025,09-01-2025,71131100,3
03-01-2025,Clutch Purse,Handbags,4,5977.4,4815.83,24302.6,Festival Sale,27,03-01-2025,09-01-2025,42022290,18
03-01-2025,Leather Belt,Belts,1,1363.84,1414.93,1372.83,Festival Sale,32,03-01-2025,07-01-2025,42033000,18
03-01-2025,Clutch Purse,Handbags,5,3861.07,3450.1,19056.45,Festival Sale,23,03-01-2025,06-01-2025,42022290,18
03-01-2025,Chain Belt,Belts,11,994.71,651.42,10985.59,Festival Sale,26,03-01-2025,08-01-2025,42033000,18
04-01-2025,Headband,Hair Accessories,5,980.14,757.5,4810.65,Festival Sale,30,04-01-2025,10-01-2025,96151900,18
04-01-2025,Winter Wool Scarf,Scarves,8,1477.67,889.55,11723.44,Festival Sale,23,04-01-2025,07-01-2025,62143000,12
04-01-2025,Leather Tote Bag,Handbags,3,4438.1,4168.41,13386.03,Festival Sale,30,04-01-2025,07-01-2025,42022290,18
04-01-2025,Digital Watch,Watches,7,5896.09,4740.84,41686.75,Festival Sale,33,04-01-2025,05-01-2025,91021100,18
04-01-2025,Gold Plated Earrings,Jewelry,1,2761.38,2335.64,2741.06,Festival Sale,28,04-01-2025,05-01-2025,71131100,3
04-01-2025,Sports Sunglasses,Sunglasses,2,1706.82,1114.53,3440.84,Festival Sale,20,04-01-2025,11-01-2025,90041000,12
04-01-2025,Dress Watch,Watches,3,2177.55,1591.49,6422.97,Festival Sale,22,04-01-2025,08-01-2025,91021100,18
04-01-2025,Fabric Belt,Belts,5,1625.72,1433.16,8255.3,Festival Sale,28,04-01-2025,08-01-2025,42033000,18
04-01-2025,Aviator Sunglasses,Sunglasses,4,2660.81,1835.44,10847.72,Festival Sale,26,04-01-2025,09-01-2025,90041000,12
04-01-2025,Round Frame,Sunglasses,8,1136.55,1169.69,9195.04,Festival Sale,31,04-01-2025,09-01-2025,90041000,12
04-01-2025,Cotton Scarf,Scarves,1,757.62,723.16,754.4,Festival Sale,28,04-01-2025,11-01-2025,62143000,12
04-01-2025,Silver Bracelet,Jewelry,6,4897.99,2833.61,28999.38,Festival Sale,22,04-01-2025,05-01-2025,71131100,3
04-01-2025,Shoulder Bag,Handbags,3,6888.93,4721.45,20943.12,Festival Sale,20,04-01-2025,09-01-2025,42022290,18
04-01-2025,Cotton Scarf,Scarves,7,1263.02,1045.53,8811.25,Festival Sale,20,04-01-2025,08-01-2025,62143000,12
04-01-2025,Leather Tote Bag,Handbags,2,5406.33,3543.51,10968.78,Festival Sale,26,04-01-2025,05-01-2025,42022290,18
04-01-2025,Charm Bracelet,Jewelry,3,3040.24,2293.76,9097.74,Festival Sale,30,04-01-2025,09-01-2025,71131100,3
04-01-2025,Cotton Scarf,Scarves,14,1149.49,1076.63,16409.12,Festival Sale,33,04-01-2025,09-01-2025,62143000,12
04-01-2025,Backpack Purse,Handbags,7,6877.94,4500.32,48034.49,Festival Sale,26,04-01-2025,11-01-2025,42022290,18
04-01-2025,Sports Sunglasses,Sunglasses,3,2560.05,2256.01,7673.46,Festival Sale,32,04-01-2025,11-01-2025,90041000,12
04-01-2025,Digital Watch,Watches,1,6585.98,4729.96,6708.66,Festival Sale,33,04-01-2025,08-01-2025,91021100,18
04-01-2025,Dress Watch,Watches,6,4275.54,2820.35,25460.34,Festival Sale,30,04-01-2025,10-01-2025,91021100,18
04-01-2025,Sports Watch,Watches,6,6559.22,5395.53,39241.92,Festival Sale,28,04-01-2025,06-01-2025,91021100,18
06-01-2025,Round Frame,Sunglasses,3,1689.51,1495.81,5043.69,Festival Sale,33,06-01-2025,07-01-2025,90041000,12
06-01-2025,Cotton Scarf,Scarves,12,922.6,740.1,11058,Festival Sale,27,06-01-2025,09-01-2025,62143000,12
06-01-2025,Leather Belt,Belts,3,2744.38,1658.89,8160.69,Festival Sale,22,06-01-2025,09-01-2025,42033000,18
06-01-2025,Western Belt,Belts,2,1871.66,1673.34,3739.58,Festival Sale,33,06-01-2025,12-01-2025,42033000,18
06-01-2025,Clutch Purse,Handbags,4,4367.03,3215.59,17177.96,Festival Sale,25,06-01-2025,07-01-2025,42022290,18
06-01-2025,Fabric Belt,Belts,1,1450.96,1130.48,1425.67,Festival Sale,23,06-01-2025,13-01-2025,42033000,18
06-01-2025,Scrunchie Pack,Hair Accessories,6,376.39,235.05,2238.06,Festival Sale,26,06-01-2025,07-01-2025,96151900,18
06-01-2025,Chain Belt,Belts,4,2267.02,1441.47,8921.16,Festival Sale,29,06-01-2025,12-01-2025,42033000,18
06-01-2025,Sports Watch,Watches,7,6372.47,3822.81,43864.8,Festival Sale,24,06-01-2025,09-01-2025,91021100,18
06-01-2025,Pashmina Shawl,Scarves,5,1862.66,1388.23,9402.8,Festival Sale,31,06-01-2025,07-01-2025,62143000,12
06-01-2025,Charm Bracelet,Jewelry,2,2798.32,2238.58,5488.2,Festival Sale,33,06-01-2025,09-01-2025,71131100,3
07-01-2025,Hair Pin Set,Hair Accessories,2,451.18,327.7,910.84,Festival Sale,28,07-01-2025,12-01-2025,96151900,18
07-01-2025,Analog Watch,Watches,3,2856.86,2718.49,8738.88,Festival Sale,31,07-01-2025,09-01-2025,91021100,18
07-01-2025,Sports Sunglasses,Sunglasses,3,2809.88,2119.52,8276.61,Festival Sale,26,07-01-2025,14-01-2025,90041000,12
07-01-2025,Scrunchie Pack,Hair Accessories,2,1061.54,757.76,2146.8,Festival Sale,22,07-01-2025,09-01-2025,96151900,18
07-01-2025,Headband,Hair Accessories,3,723.44,699.63,2163.03,Festival Sale,32,07-01-2025,12-01-2025,96151900,18
07-01-2025,Scrunchie Pack,Hair Accessories,1,1045.2,783.82,1025.89,Festival Sale,25,07-01-2025,09-01-2025,96151900,18
07-01-2025,Oversized Sunglasses,Sunglasses,4,917.63,959.11,3737.88,Festival Sale,32,07-01-2025,12-01-2025,90041000,12
07-01-2025,Winter Wool Scarf,Scarves,1,1310.4,1037.77,1322.6,Festival Sale,29,07-01-2025,13-01-2025,62143000,12
07-01-2025,Backpack Purse,Handbags,2,3648.89,3296.69,7266.16,Festival Sale,31,07-01-2025,11-01-2025,42022290,18
07-01-2025,Western Belt,Belts,4,1797.19,1446.65,7114.04,Festival Sale,34,07-01-2025,10-01-2025,42033000,18
07-01-2025,Cotton Scarf,Scarves,5,1524.61,1133.71,7530.45,Festival Sale,26,07-01-2025,14-01-2025,62143000,12
07-01-2025,Winter Wool Scarf,Scarves,7,1491.25,1448.84,10280.9,Festival Sale,30,07-01-2025,12-01-2025,62143000,12
07-01-2025,Crossbody Bag,Handbags,3,5601.59,4934.71,17030.64,Festival Sale,23,07-01-2025,11-01-2025,42022290,18
07-01-2025,Aviator Sunglasses,Sunglasses,3,1432.41,956.1,4319.7,Festival Sale,28,07-01-2025,09-01-2025,90041000,12
07-01-2025,Winter Wool Scarf,Scarves,7,1401.21,1107.07,9725.1,Festival Sale,22,07-01-2025,12-01-2025,62143000,12
07-01-2025,Sports Sunglasses,Sunglasses,3,1871.54,1271.29,5566.68,Festival Sale,21,07-01-2025,11-01-2025,90041000,12
07-01-2025,Round Frame,Sunglasses,5,2428.98,1568.45,12238.85,Festival Sale,20,07-01-2025,14-01-2025,90041000,12
07-01-2025,Digital Watch,Watches,1,2593.94,2100.48,2614.41,Festival Sale,25,07-01-2025,14-01-2025,91021100,18
08-01-2025,Statement Necklace,Jewelry,8,1727.22,1312.14,13917.6,Festival Sale,25,08-01-2025,13-01-2025,71131100,3
08-01-2025,Charm Bracelet,Jewelry,1,2740.36,2295.15,2698.05,Festival Sale,28,08-01-2025,09-01-2025,71131100,3
08-01-2025,Western Belt,Belts,3,2349.17,1876.57,6933.93,Festival Sale,27,08-01-2025,13-01-2025,42033000,18
08-01-2025,Sports Sunglasses,Sunglasses,5,2636.69,1695.82,13444.35,Festival Sale,24,08-01-2025,12-01-2025,90041000,12
08-01-2025,Clutch Purse,Handbags,4,3225.63,2756.32,12993.48,Festival Sale,24,08-01-2025,14-01-2025,42022290,18
08-01-2025,Analog Watch,Watches,3,4780.75,5014.07,14404.47,Festival Sale,33,08-01-2025,14-01-2025,91021100,18
08-01-2025,Oversized Sunglasses,Sunglasses,2,1720.28,1391.01,3375.42,Festival Sale,32,08-01-2025,14-01-2025,90041000,12
08-01-2025,Backpack Purse,Handbags,3,2286.66,1505.63,6740.22,Festival Sale,31,08-01-2025,09-01-2025,42022290,18
08-01-2025,Pearl Necklace,Jewelry,1,1990.13,1213.78,1979.97,Festival Sale,21,08-01-2025,10-01-2025,71131100,3
08-01-2025,Backpack Purse,Handbags,2,4061.53,2907.16,8273.36,Festival Sale,30,08-01-2025,15-01-2025,42022290,18
08-01-2025,Backpack Purse,Handbags,5,3645.9,2509.86,18457.45,Festival Sale,24,08-01-2025,11-01-2025,42022290,18
08-01-2025,Leather Belt,Belts,3,1221.62,986.22,3674.52,Festival Sale,31,08-01-2025,12-01-2025,42033000,18
08-01-2025,Shoulder Bag,Handbags,2,3010.08,1760.53,5911.62,Festival Sale,20,08-01-2025,15-01-2025,42022290,18
08-01-2025,Digital Watch,Watches,3,7435.03,5512.74,22672.65,Festival Sale,28,08-01-2025,15-01-2025,91021100,18
08-01-2025,Digital Watch,Watches,3,2707.26,2263.77,8028.21,Festival Sale,27,08-01-2025,13-01-2025,91021100,18
08-01-2025,Western Belt,Belts,2,3086.87,1952.53,6250.96,Festival Sale,20,08-01-2025,14-01-2025,42033000,18
08-01-2025,Crossbody Bag,Handbags,3,2571.05,2425.9,7710.72,Festival Sale,26,08-01-2025,09-01-2025,42022290,18
08-01-2025,Gold Plated Earrings,Jewelry,3,2655.12,1726.73,7881.21,Festival Sale,27,08-01-2025,09-01-2025,71131100,3
08-01-2025,Digital Watch,Watches,3,5098.39,3670.28,15178.29,Festival Sale,33,08-01-2025,15-01-2025,91021100,18
08-01-2025,Gold Plated Earrings,Jewelry,5,4491.08,2764.37,22210.4,Festival Sale,20,08-01-2025,09-01-2025,71131100,3
08-01-2025,Crossbody Bag,Handbags,4,4559.76,4148.85,18013.08,Festival Sale,29,08-01-2025,12-01-2025,42022290,18
08-01-2025,Printed Scarf,Scarves,5,1524.45,1496.41,7681.95,Festival Sale,34,08-01-2025,15-01-2025,62143000,12
08-01-2025,Hair Pin Set,Hair Accessories,2,775.73,577.07,1559.94,Festival Sale,21,08-01-2025,11-01-2025,96151900,18
09-01-2025,Backpack Purse,Handbags,3,2756.89,2150.4,8167.53,Festival Sale,28,09-01-2025,16-01-2025,42022290,18
09-01-2025,Dress Watch,Watches,1,2080.38,1749.96,2119.49,Festival Sale,26,09-01-2025,14-01-2025,91021100,18
09-01-2025,Aviator Sunglasses,Sunglasses,4,3081.18,2489.74,12317.6,Festival Sale,25,09-01-2025,11-01-2025,90041000,12
09-01-2025,Oversized Sunglasses,Sunglasses,1,2652.87,1860.13,2609,Festival Sale,27,09-01-2025,16-01-2025,90041000,12
09-01-2025,Aviator Sunglasses,Sunglasses,4,2855.11,1954.13,11247.24,Festival Sale,20,09-01-2025,13-01-2025,90041000,12
09-01-2025,Winter Wool Scarf,Scarves,3,934.29,674.88,2769.15,Festival Sale,32,09-01-2025,15-01-2025,62143000,12
09-01-2025,Silk Scarf,Scarves,1,925.54,842.62,943.6,Festival Sale,29,09-01-2025,14-01-2025,62143000,12
09-01-2025,Oversized Sunglasses,Sunglasses,3,3143.32,1953.18,9285.96,Festival Sale,24,09-01-2025,13-01-2025,90041000,12
09-01-2025,Headband,Hair Accessories,1,459.26,388.02,451.82,Festival Sale,22,09-01-2025,11-01-2025,96151900,18
09-01-2025,Analog Watch,Watches,1,7422.26,5196.11,7373.98,Festival Sale,34,09-01-2025,12-01-2025,91021100,18
09-01-2025,Headband,Hair Accessories,1,288.23,271.81,290.57,Festival Sale,28,09-01-2025,16-01-2025,96151900,18
09-01-2025,Turban,Hair Accessories,1,443.67,425.86,443.85,Festival Sale,28,09-01-2025,10-01-2025,96151900,18
09-01-2025,Shoulder Bag,Handbags,6,6125.44,4827.48,36370.56,Festival Sale,25,09-01-2025,15-01-2025,42022290,18
09-01-2025,Charm Bracelet,Jewelry,3,2559.63,1652.73,7583.94,Festival Sale,26,09-01-2025,16-01-2025,71131100,3
09-01-2025,Silver Bracelet,Jewelry,5,1302.75,1040.21,6554.8,Festival Sale,30,09-01-2025,12-01-2025,71131100,3
09-01-2025,Sports Watch,Watches,4,8120.58,4982.77,32709.88,Festival Sale,25,09-01-2025,11-01-2025,91021100,18
09-01-2025,Cat Eye Sunglasses,Sunglasses,1,2237.88,1653.42,2216.94,Festival Sale,33,09-01-2025,14-01-2025,90041000,12
09-01-2025,Smart Watch,Watches,6,3455.71,2246.7,20580.84,Festival Sale,29,09-01-2025,13-01-2025,91021100,18
09-01-2025,Crossbody Bag,Handbags,2,5101.89,4878.54,10198.4,Festival Sale,27,09-01-2025,10-01-2025,42022290,18
09-01-2025,Gold Plated Earrings,Jewelry,4,1058.26,963.76,4246.6,Festival Sale,33,09-01-2025,16-01-2025,71131100,3
09-01-2025,Hair Pin Set,Hair Accessories,1,564.52,381.22,560.99,Festival Sale,24,09-01-2025,12-01-2025,96151900,18
09-01-2025,Chain Belt,Belts,3,1949.81,1458.77,5960.91,Festival Sale,30,09-01-2025,14-01-2025,42033000,18
09-01-2025,Oversized Sunglasses,Sunglasses,2,1740.09,1596.61,3540.26,Festival Sale,24,09-01-2025,13-01-2025,90041000,12
09-01-2025,Cat Eye Sunglasses,Sunglasses,7,2486.91,2148.62,17357.62,Festival Sale,23,09-01-2025,13-01-2025,90041000,12
10-01-2025,Pashmina Shawl,Scarves,10,1812.64,1437.18,18338.9,Festival Sale,28,10-01-2025,15-01-2025,62143000,12
10-01-2025,Cat Eye Sunglasses,Sunglasses,3,2104.02,1380.44,6243.45,Festival Sale,21,10-01-2025,13-01-2025,90041000,12
10-01-2025,Oversized Sunglasses,Sunglasses,8,1952.46,1471.95,15451.36,Festival Sale,34,10-01-2025,12-01-2025,90041000,12
10-01-2025,Sports Watch,Watches,11,8339.28,5863.81,90968.13,Festival Sale,33,10-01-2025,15-01-2025,91021100,18
10-01-2025,Silk Scarf,Scarves,8,1120.22,788.87,8819.36,Festival Sale,22,10-01-2025,17-01-2025,62143000,12
10-01-2025,Fabric Belt,Belts,3,1198.99,1090.93,3649.41,Festival Sale,21,10-01-2025,13-01-2025,42033000,18
10-01-2025,Printed Scarf,Scarves,2,944.8,809.31,1907.98,Festival Sale,33,10-01-2025,16-01-2025,62143000,12
10-01-2025,Printed Scarf,Scarves,5,981.77,667.46,4957.95,Festival Sale,30,10-01-2025,17-01-2025,62143000,12
10-01-2025,Charm Bracelet,Jewelry,2,4244.47,2516.27,8394.12,Festival Sale,22,10-01-2025,14-01-2025,71131100,3
10-01-2025,Scrunchie Pack,Hair Accessories,1,1021.23,620.03,1020.36,Festival Sale,24,10-01-2025,15-01-2025,96151900,18
10-01-2025,Leather Tote Bag,Handbags,9,2506.01,2066.08,22779.45,Festival Sale,26,10-01-2025,15-01-2025,42022290,18
11-01-2025,Analog Watch,Watches,8,3980.71,3665.95,32315.68,Festival Sale,25,11-01-2025,12-01-2025,91021100,18
11-01-2025,Printed Scarf,Scarves,5,1580.98,1151.88,7782.55,Festival Sale,31,11-01-2025,13-01-2025,62143000,12
11-01-2025,Clutch Purse,Handbags,2,2380.4,2151.75,4724.5,Festival Sale,31,11-01-2025,16-01-2025,42022290,18
11-01-2025,Gold Plated Earrings,Jewelry,8,1590.89,1103.02,12712.64,Festival Sale,33,11-01-2025,17-01-2025,71131100,3
11-01-2025,Silk Scarf,Scarves,9,2194.17,1411.25,19386.54,Festival Sale,25,11-01-2025,14-01-2025,62143000,12
11-01-2025,Pearl Necklace,Jewelry,3,1317.59,1119.59,3898.26,Festival Sale,30,11-01-2025,14-01-2025,71131100,3
11-01-2025,Silver Bracelet,Jewelry,5,2019.87,1950.38,10231.1,Festival Sale,28,11-01-2025,12-01-2025,71131100,3
11-01-2025,Smart Watch,Watches,5,5393.37,3951.76,26958.1,Festival Sale,21,11-01-2025,15-01-2025,91021100,18
11-01-2025,Digital Watch,Watches,3,3859.98,3416.35,11586.39,Festival Sale,22,11-01-2025,16-01-2025,91021100,18
11-01-2025,Cotton Scarf,Scarves,16,647.85,403.7,10224.8,Festival Sale,27,11-01-2025,17-01-2025,62143000,12
11-01-2025,Western Belt,Belts,5,2187.49,1768.37,11093.15,Festival Sale,29,11-01-2025,16-01-2025,42033000,18
11-01-2025,Aviator Sunglasses,Sunglasses,5,1266.37,1040.13,6344.1,Festival Sale,22,11-01-2025,13-01-2025,90041000,12
11-01-2025,Waist Belt,Belts,3,890.31,781.67,2656.41,Festival Sale,34,11-01-2025,18-01-2025,42033000,18
11-01-2025,Cat Eye Sunglasses,Sunglasses,7,2909.94,1988.95,20013.14,Festival Sale,26,11-01-2025,16-01-2025,90041000,12
13-01-2025,Silver Bracelet,Jewelry,1,3694.56,2883.3,3636.48,Festival Sale,22,13-01-2025,19-01-2025,71131100,3
13-01-2025,Pearl Necklace,Jewelry,2,1215.83,995.03,2428.38,Festival Sale,26,13-01-2025,16-01-2025,71131100,3
13-01-2025,Turban,Hair Accessories,8,765.3,612.99,6096.4,Festival Sale,25,13-01-2025,20-01-2025,96151900,18
13-01-2025,Backpack Purse,Handbags,4,3544.54,2395.65,13981.08,Festival Sale,22,13-01-2025,17-01-2025,42022290,18
13-01-2025,Backpack Purse,Handbags,2,3188,2396.44,6314.28,Festival Sale,20,13-01-2025,19-01-2025,42022290,18
13-01-2025,Leather Tote Bag,Handbags,8,2300.27,2082.54,18127.12,Festival Sale,34,13-01-2025,20-01-2025,42022290,18
13-01-2025,Dress Watch,Watches,1,4668.42,3209.07,4595.64,Festival Sale,30,13-01-2025,18-01-2025,91021100,18
13-01-2025,Chain Belt,Belts,1,1121.69,866.77,1106.96,Festival Sale,22,13-01-2025,17-01-2025,42033000,18
13-01-2025,Statement Necklace,Jewelry,1,3013.3,1946.31,3073.62,Festival Sale,22,13-01-2025,16-01-2025,71131100,3
13-01-2025,Leather Belt,Belts,2,1452.5,1033.35,2927.14,Festival Sale,25,13-01-2025,20-01-2025,42033000,18
13-01-2025,Clutch Purse,Handbags,4,4625.39,3341.94,18573.24,Festival Sale,26,13-01-2025,16-01-2025,42022290,18
13-01-2025,Pashmina Shawl,Scarves,3,1235.37,1097.71,3679.92,Festival Sale,31,13-01-2025,19-01-2025,62143000,12
13-01-2025,Digital Watch,Watches,5,2084.09,1595.82,10501.6,Festival Sale,34,13-01-2025,19-01-2025,91021100,18
13-01-2025,Cotton Scarf,Scarves,10,1248.79,770.62,12576.7,Festival Sale,25,13-01-2025,17-01-2025,62143000,12
13-01-2025,Aviator Sunglasses,Sunglasses,3,3372.07,2190.97,10156.74,Festival Sale,29,13-01-2025,16-01-2025,90041000,12
14-01-2025,Printed Scarf,Scarves,1,729.47,561.8,716.42,Festival Sale,26,14-01-2025,17-01-2025,62143000,12
14-01-2025,Charm Bracelet,Jewelry,1,3080.85,2060.19,3088.61,Festival Sale,21,14-01-2025,17-01-2025,71131100,3
14-01-2025,Charm Bracelet,Jewelry,2,3371.47,2880.75,6841.28,Festival Sale,32,14-01-2025,15-01-2025,71131100,3
14-01-2025,Printed Scarf,Scarves,5,623.74,589.35,3181.5,Festival Sale,24,14-01-2025,21-01-2025,62143000,12
14-01-2025,Cotton Scarf,Scarves,5,1556.35,1352,7864.6,Festival Sale,25,14-01-2025,17-01-2025,62143000,12
14-01-2025,Hair Clip Set,Hair Accessories,3,1119.78,688.76,3301.38,Festival Sale,24,14-01-2025,16-01-2025,96151900,18
14-01-2025,Pearl Necklace,Jewelry,1,4390.37,2783.76,4311.89,Festival Sale,24,14-01-2025,17-01-2025,71131100,3
14-01-2025,Leather Tote Bag,Handbags,1,5118.9,3637.01,5112.97,Festival Sale,29,14-01-2025,18-01-2025,42022290,18
14-01-2025,Oversized Sunglasses,Sunglasses,6,3439.27,2340.83,20515.5,Festival Sale,25,14-01-2025,21-01-2025,90041000,12
14-01-2025,Shoulder Bag,Handbags,2,2574.91,1862.29,5089.58,Festival Sale,25,14-01-2025,20-01-2025,42022290,18
14-01-2025,Smart Watch,Watches,2,5643.12,4793.75,11490.36,Festival Sale,28,14-01-2025,19-01-2025,91021100,18
14-01-2025,Scrunchie Pack,Hair Accessories,2,420.85,400.55,845.96,Festival Sale,34,14-01-2025,18-01-2025,96151900,18
14-01-2025,Silk Scarf,Scarves,3,1250.38,1060.72,3729.93,Festival Sale,34,14-01-2025,17-01-2025,62143000,12
14-01-2025,Western Belt,Belts,4,1317.42,1146.59,5187.04,Festival Sale,26,14-01-2025,18-01-2025,42033000,18
14-01-2025,Cotton Scarf,Scarves,7,710.44,655.41,4928.35,Festival Sale,28,14-01-2025,21-01-2025,62143000,12
14-01-2025,Scrunchie Pack,Hair Accessories,1,767.31,549.99,771.94,Festival Sale,20,14-01-2025,19-01-2025,96151900,18
14-01-2025,Fabric Belt,Belts,5,2392.66,1654.49,11770.3,Festival Sale,26,14-01-2025,20-01-2025,42033000,18
14-01-2025,Statement Necklace,Jewelry,3,1540.35,995.9,4590.81,Festival Sale,23,14-01-2025,17-01-2025,71131100,3
14-01-2025,Round Frame,Sunglasses,2,2352.05,2195.72,4642.78,Festival Sale,27,14-01-2025,15-01-2025,90041000,12
14-01-2025,Hair Clip Set,Hair Accessories,3,523.83,413.49,1578.72,Festival Sale,24,14-01-2025,20-01-2025,96151900,18
14-01-2025,Analog Watch,Watches,4,4157.89,3442.19,16969.48,Festival Sale,22,14-01-2025,19-01-2025,91021100,18
14-01-2025,Sports Watch,Watches,4,7826.86,5234.45,31731.16,Festival Sale,29,14-01-2025,18-01-2025,91021100,18
14-01-2025,Aviator Sunglasses,Sunglasses,1,1607.76,1091.86,1580.75,Festival Sale,29,14-01-2025,19-01-2025,90041000,12
14-01-2025,Backpack Purse,Handbags,4,2052.6,1568.32,8366.64,Festival Sale,21,14-01-2025,21-01-2025,42022290,18
15-01-2025,Waist Belt,Belts,2,1356,1310.55,2701.62,Festival Sale,31,15-01-2025,19-01-2025,42033000,18
15-01-2025,Oversized Sunglasses,Sunglasses,3,1463.59,1044.17,4406.79,Festival Sale,30,15-01-2025,21-01-2025,90041000,12
15-01-2025,Oversized Sunglasses,Sunglasses,5,3193.89,2362.55,16014.55,Festival Sale,28,15-01-2025,18-01-2025,90041000,12
15-01-2025,Turban,Hair Accessories,1,288.54,223.12,289.69,Festival Sale,23,15-01-2025,21-01-2025,96151900,18
15-01-2025,Silk Scarf,Scarves,5,594.42,540.79,3024.45,Festival Sale,21,15-01-2025,19-01-2025,62143000,12
15-01-2025,Gold Plated Earrings,Jewelry,5,2668.18,1778.37,13545.55,Festival Sale,28,15-01-2025,21-01-2025,71131100,3
15-01-2025,Scrunchie Pack,Hair Accessories,1,347.63,313,353.82,Festival Sale,27,15-01-2025,22-01-2025,96151900,18
15-01-2025,Headband,Hair Accessories,1,422.31,350.66,429.98,Festival Sale,32,15-01-2025,17-01-2025,96151900,18
15-01-2025,Cotton Scarf,Scarves,7,1584.68,1471.99,11279.73,Festival Sale,26,15-01-2025,20-01-2025,62143000,12
15-01-2025,Hair Pin Set,Hair Accessories,4,626.26,367.11,2485.48,Festival Sale,21,15-01-2025,21-01-2025,96151900,18
15-01-2025,Clutch Purse,Handbags,2,3367.97,3034.53,6841.52,Festival Sale,21,15-01-2025,21-01-2025,42022290,18
15-01-2025,Waist Belt,Belts,4,808.22,694,3264,Festival Sale,25,15-01-2025,18-01-2025,42033000,18
15-01-2025,Charm Bracelet,Jewelry,2,2689.51,2815.92,5345.46,Festival Sale,34,15-01-2025,18-01-2025,71131100,3
15-01-2025,Analog Watch,Watches,4,2749.37,1896.54,11170.72,Festival Sale,21,15-01-2025,20-01-2025,91021100,18
15-01-2025,Leather Tote Bag,Handbags,1,2495.86,1774.67,2455.56,Festival Sale,20,15-01-2025,16-01-2025,42022290,18
15-01-2025,Aviator Sunglasses,Sunglasses,7,3138.45,1989.49,21988.96,Festival Sale,25,15-01-2025,18-01-2025,90041000,12
15-01-2025,Turban,Hair Accessories,4,647.71,677.2,2543.72,Festival Sale,34,15-01-2025,22-01-2025,96151900,18
15-01-2025,Sports Sunglasses,Sunglasses,1,1980.23,1585.38,2004.89,Festival Sale,22,15-01-2025,22-01-2025,90041000,12
15-01-2025,Chain Belt,Belts,2,1380.55,1210.98,2813.94,Festival Sale,31,15-01-2025,22-01-2025,42033000,18
15-01-2025,Charm Bracelet,Jewelry,5,1858.25,1517.63,9257.8,Festival Sale,22,15-01-2025,19-01-2025,71131100,3
15-01-2025,Digital Watch,Watches,3,2481.62,2354.26,7496.22,Festival Sale,30,15-01-2025,20-01-2025,91021100,18
15-01-2025,Leather Tote Bag,Handbags,2,2638.7,2277.7,5262.16,Festival Sale,20,15-01-2025,18-01-2025,42022290,18
15-01-2025,Round Frame,Sunglasses,4,1163.52,1146.82,4659,Festival Sale,32,15-01-2025,18-01-2025,90041000,12
16-01-2025,Gold Plated Earrings,Jewelry,5,3343.09,1747.82,16744.15,No Promotion,0,16-01-2025,17-01-2025,71131100,3
16-01-2025,Shoulder Bag,Handbags,3,2745.8,2038.15,8123.28,Flash Sale,26,16-01-2025,18-01-2025,42022290,18
16-01-2025,Gold Plated Earrings,Jewelry,3,6370.64,2965.14,19350.45,No Promotion,0,16-01-2025,23-01-2025,71131100,3
16-01-2025,Cat Eye Sunglasses,Sunglasses,4,1608.79,912.41,6435.24,No Promotion,0,16-01-2025,21-01-2025,90041000,12
16-01-2025,Oversized Sunglasses,Sunglasses,2,1886.26,1634.26,3785.24,Seasonal Offer,18,16-01-2025,17-01-2025,90041000,12
16-01-2025,Chain Belt,Belts,3,1939.33,1377.59,5777.82,Seasonal Offer,14,16-01-2025,20-01-2025,42033000,18
16-01-2025,Oversized Sunglasses,Sunglasses,3,1878.12,1411.53,5737.62,Flash Sale,33,16-01-2025,18-01-2025,90041000,12
16-01-2025,Scrunchie Pack,Hair Accessories,1,407.96,274.38,407.48,Seasonal Offer,20,16-01-2025,21-01-2025,96151900,18
16-01-2025,Statement Necklace,Jewelry,1,1610.9,2033.5,1612.28,Clearance Sale,53,16-01-2025,19-01-2025,71131100,3
16-01-2025,Hair Clip Set,Hair Accessories,3,586.11,399.45,1725.63,Festival Sale,19,16-01-2025,18-01-2025,96151900,18
16-01-2025,Clutch Purse,Handbags,3,1639.82,1407.76,4869.63,Flash Sale,35,16-01-2025,23-01-2025,42022290,18
16-01-2025,Scrunchie Pack,Hair Accessories,2,1558.85,792.9,3161.32,No Promotion,0,16-01-2025,22-01-2025,96151900,18
16-01-2025,Western Belt,Belts,1,1462.64,1986.05,1462.1,Clearance Sale,55,16-01-2025,23-01-2025,42033000,18
16-01-2025,Gold Plated Earrings,Jewelry,5,3990.04,2285.22,19726.3,No Promotion,0,16-01-2025,18-01-2025,71131100,3
16-01-2025,Backpack Purse,Handbags,2,5604.8,4733.8,11198.6,Festival Sale,16,16-01-2025,23-01-2025,42022290,18
16-01-2025,Statement Necklace,Jewelry,1,3578.54,1990.2,3599.17,No Promotion,0,16-01-2025,23-01-2025,71131100,3
16-01-2025,Charm Bracelet,Jewelry,1,1204.7,951.56,1210.67,Flash Sale,35,16-01-2025,23-01-2025,71131100,3
16-01-2025,Winter Wool Scarf,Scarves,10,1615.71,1311.32,16243.5,Festival Sale,29,16-01-2025,18-01-2025,62143000,12
16-01-2025,Pearl Necklace,Jewelry,1,1323.94,1375.48,1349.86,Clearance Sale,40,16-01-2025,19-01-2025,71131100,3
16-01-2025,Digital Watch,Watches,6,7058.91,5765.69,41966.34,Seasonal Offer,14,16-01-2025,17-01-2025,91021100,18
16-01-2025,Crossbody Bag,Handbags,4,7293.43,4154.11,29044.88,No Promotion,0,16-01-2025,20-01-2025,42022290,18
16-01-2025,Silk Scarf,Scarves,1,1228.3,842.31,1239.77,No Promotion,0,16-01-2025,20-01-2025,62143000,12
16-01-2025,Scrunchie Pack,Hair Accessories,6,924.55,642.71,5518.62,Seasonal Offer,12,16-01-2025,17-01-2025,96151900,18
17-01-2025,Scrunchie Pack,Hair Accessories,2,639.88,373.04,1289.62,Seasonal Offer,20,17-01-2025,23-01-2025,96151900,18
17-01-2025,Oversized Sunglasses,Sunglasses,3,1566.87,1985.45,4749.36,Clearance Sale,58,17-01-2025,24-01-2025,90041000,12
17-01-2025,Cat Eye Sunglasses,Sunglasses,1,1836.34,1067.93,1818.8,No Promotion,0,17-01-2025,24-01-2025,90041000,12
17-01-2025,Printed Scarf,Scarves,8,1457.87,1487.05,11520.48,Clearance Sale,43,17-01-2025,23-01-2025,62143000,12
17-01-2025,Round Frame,Sunglasses,2,2631.97,1283.49,5237.6,No Promotion,0,17-01-2025,21-01-2025,90041000,12
17-01-2025,Oversized Sunglasses,Sunglasses,7,3181.47,1888.95,22020.04,Festival Sale,18,17-01-2025,18-01-2025,90041000,12
17-01-2025,Statement Necklace,Jewelry,4,1699.23,2379.98,6833.64,Clearance Sale,56,17-01-2025,23-01-2025,71131100,3
17-01-2025,Gold Plated Earrings,Jewelry,2,1008.42,1054.7,2051.98,Flash Sale,38,17-01-2025,22-01-2025,71131100,3
17-01-2025,Headband,Hair Accessories,5,689.11,599.95,3431.15,Festival Sale,25,17-01-2025,23-01-2025,96151900,18
17-01-2025,Backpack Purse,Handbags,4,5124.75,4029.95,20701.08,Festival Sale,15,17-01-2025,20-01-2025,42022290,18
17-01-2025,Winter Wool Scarf,Scarves,5,624.01,546.42,3085.8,Festival Sale,21,17-01-2025,24-01-2025,62143000,12
17-01-2025,Dress Watch,Watches,3,3104.61,2068.72,9366.99,Festival Sale,23,17-01-2025,24-01-2025,91021100,18
17-01-2025,Backpack Purse,Handbags,3,3577.3,1702.2,10659.12,No Promotion,0,17-01-2025,24-01-2025,42022290,18
17-01-2025,Western Belt,Belts,3,2034.29,1435.85,6090,Festival Sale,26,17-01-2025,18-01-2025,42033000,18
17-01-2025,Silver Bracelet,Jewelry,9,4329.69,2519.28,38478.6,No Promotion,0,17-01-2025,18-01-2025,71131100,3
17-01-2025,Waist Belt,Belts,11,1055.55,878.7,11458.7,Clearance Sale,45,17-01-2025,22-01-2025,42033000,18
17-01-2025,Backpack Purse,Handbags,1,4534.1,2506.09,4613.77,No Promotion,0,17-01-2025,22-01-2025,42022290,18
17-01-2025,Round Frame,Sunglasses,5,1805.3,1768.6,9101.1,Clearance Sale,45,17-01-2025,23-01-2025,90041000,12
17-01-2025,Charm Bracelet,Jewelry,11,4802.17,2947.06,52051.67,Seasonal Offer,19,17-01-2025,21-01-2025,71131100,3
18-01-2025,Chain Belt,Belts,9,1144.34,928.59,10338.75,Flash Sale,31,18-01-2025,23-01-2025,42033000,18
18-01-2025,Leather Belt,Belts,11,2644.89,1773.77,29076.52,Seasonal Offer,17,18-01-2025,19-01-2025,42033000,18
18-01-2025,Leather Tote Bag,Handbags,3,1599.67,2733.02,4860.57,Clearance Sale,59,18-01-2025,22-01-2025,42022290,18
18-01-2025,Waist Belt,Belts,3,1148.77,867.94,3439.05,Flash Sale,37,18-01-2025,25-01-2025,42033000,18
18-01-2025,Sports Sunglasses,Sunglasses,7,2069.36,1664.73,14623.21,Festival Sale,26,18-01-2025,23-01-2025,90041000,12
18-01-2025,Printed Scarf,Scarves,4,851.65,520.25,3362.32,No Promotion,0,18-01-2025,21-01-2025,62143000,12
18-01-2025,Analog Watch,Watches,5,7550.69,4666.34,38211.6,No Promotion,0,18-01-2025,24-01-2025,91021100,18
18-01-2025,Gold Plated Earrings,Jewelry,2,3297.53,2019.76,6632.24,No Promotion,0,18-01-2025,24-01-2025,71131100,3
18-01-2025,Backpack Purse,Handbags,3,6557.68,4729.91,19996.92,No Promotion,0,18-01-2025,20-01-2025,42022290,18
18-01-2025,Silver Bracelet,Jewelry,3,4601.31,2344.94,13755.51,No Promotion,0,18-01-2025,24-01-2025,71131100,3
18-01-2025,Oversized Sunglasses,Sunglasses,7,2443.38,1216.96,16806.51,No Promotion,0,18-01-2025,23-01-2025,90041000,12
18-01-2025,Turban,Hair Accessories,3,519.7,400.46,1579.74,Seasonal Offer,16,18-01-2025,23-01-2025,96151900,18
20-01-2025,Analog Watch,Watches,2,3572.05,2429.35,7284.02,Festival Sale,24,20-01-2025,24-01-2025,91021100,18
20-01-2025,Clutch Purse,Handbags,9,5008.75,3756.54,45218.97,Festival Sale,32,20-01-2025,21-01-2025,42022290,18
20-01-2025,Analog Watch,Watches,4,2982.8,1898.13,11813.8,Festival Sale,21,20-01-2025,23-01-2025,91021100,18
20-01-2025,Waist Belt,Belts,5,1810.76,1586.11,8884.95,Festival Sale,31,20-01-2025,25-01-2025,42033000,18
20-01-2025,Western Belt,Belts,2,2054.25,1367.04,4183.6,Festival Sale,29,20-01-2025,27-01-2025,42033000,18
20-01-2025,Charm Bracelet,Jewelry,4,2174.35,1942.02,8599.04,Festival Sale,34,20-01-2025,26-01-2025,71131100,3
20-01-2025,Sports Watch,Watches,4,4743.32,3866.69,19073.48,Festival Sale,33,20-01-2025,23-01-2025,91021100,18
20-01-2025,Backpack Purse,Handbags,1,3607.85,3473.36,3658.52,Festival Sale,29,20-01-2025,25-01-2025,42022290,18
20-01-2025,Digital Watch,Watches,1,5879.66,4580.06,5952.93,Festival Sale,29,20-01-2025,21-01-2025,91021100,18
20-01-2025,Turban,Hair Accessories,4,839.14,648.51,3300.6,Festival Sale,30,20-01-2025,21-01-2025,96151900,18
20-01-2025,Leather Belt,Belts,1,1919.98,1784.49,1896.51,Festival Sale,31,20-01-2025,23-01-2025,42033000,18
20-01-2025,Sports Sunglasses,Sunglasses,6,3321.08,2194.18,20077.68,Festival Sale,30,20-01-2025,23-01-2025,90041000,12
20-01-2025,Leather Tote Bag,Handbags,4,5406.15,4585.16,21250.44,Festival Sale,31,20-01-2025,27-01-2025,42022290,18
20-01-2025,Waist Belt,Belts,1,1711.88,1278.22,1739.34,Festival Sale,29,20-01-2025,21-01-2025,42033000,18
20-01-2025,Leather Belt,Belts,5,2467.58,1734.74,12426.1,Festival Sale,25,20-01-2025,24-01-2025,42033000,18
20-01-2025,Hair Clip Set,Hair Accessories,4,280.03,289.49,1113.32,Festival Sale,32,20-01-2025,26-01-2025,96151900,18
20-01-2025,Sports Watch,Watches,2,8488.37,5277.05,16644.24,Festival Sale,22,20-01-2025,22-01-2025,91021100,18
20-01-2025,Sports Watch,Watches,4,5260.06,5215.97,21069.2,Festival Sale,31,20-01-2025,24-01-2025,91021100,18
20-01-2025,Waist Belt,Belts,2,1416.54,1156.52,2798.3,Festival Sale,34,20-01-2025,27-01-2025,42033000,18
20-01-2025,Leather Belt,Belts,3,2542.5,1589.68,7502.7,Festival Sale,25,20-01-2025,21-01-2025,42033000,18
20-01-2025,Waist Belt,Belts,5,1432.48,1250.68,7305.7,Festival Sale,31,20-01-2025,23-01-2025,42033000,18
20-01-2025,Hair Pin Set,Hair Accessories,6,495.06,420.13,2995.68,Festival Sale,29,20-01-2025,27-01-2025,96151900,18
20-01-2025,Waist Belt,Belts,4,1100.93,824.61,4475.24,Festival Sale,24,20-01-2025,25-01-2025,42033000,18
21-01-2025,Statement Necklace,Jewelry,4,3338.54,2423.82,13208.32,Festival Sale,33,21-01-2025,22-01-2025,71131100,3
21-01-2025,Sports Sunglasses,Sunglasses,6,2676.79,2259.61,16017.78,Festival Sale,24,21-01-2025,22-01-2025,90041000,12
21-01-2025,Clutch Purse,Handbags,3,1660.31,1238.07,5062.83,Festival Sale,26,21-01-2025,24-01-2025,42022290,18
21-01-2025,Winter Wool Scarf,Scarves,3,1960.01,1473.5,5898.72,Festival Sale,25,21-01-2025,28-01-2025,62143000,12
21-01-2025,Sports Sunglasses,Sunglasses,3,2213.57,2067.72,6636.99,Festival Sale,29,21-01-2025,27-01-2025,90041000,12
21-01-2025,Leather Belt,Belts,2,2122.8,1904.99,4212.28,Festival Sale,28,21-01-2025,25-01-2025,42033000,18
21-01-2025,Chain Belt,Belts,2,1632.62,1183.95,3229.14,Festival Sale,21,21-01-2025,23-01-2025,42033000,18
21-01-2025,Leather Belt,Belts,1,1667.89,1709.67,1695.85,Festival Sale,34,21-01-2025,25-01-2025,42033000,18
21-01-2025,Cotton Scarf,Scarves,5,774.52,542.72,3874.5,Festival Sale,24,21-01-2025,22-01-2025,62143000,12
21-01-2025,Printed Scarf,Scarves,3,1002.71,907.9,3049.47,Festival Sale,28,21-01-2025,26-01-2025,62143000,12
21-01-2025,Pashmina Shawl,Scarves,3,794.78,755.73,2360.43,Festival Sale,27,21-01-2025,23-01-2025,62143000,12
21-01-2025,Digital Watch,Watches,3,6302.22,5277.54,18788.16,Festival Sale,29,21-01-2025,22-01-2025,91021100,18
22-01-2025,Turban,Hair Accessories,4,681.18,528.37,2700.64,Festival Sale,26,22-01-2025,26-01-2025,96151900,18
22-01-2025,Hair Pin Set,Hair Accessories,4,404.27,291.56,1645.04,Festival Sale,24,22-01-2025,29-01-2025,96151900,18
22-01-2025,Winter Wool Scarf,Scarves,5,2415.2,1440.36,12071,Festival Sale,22,22-01-2025,26-01-2025,62143000,12
22-01-2025,Round Frame,Sunglasses,3,2359.84,1655.57,6984.36,Festival Sale,22,22-01-2025,28-01-2025,90041000,12
22-01-2025,Headband,Hair Accessories,3,515.96,403.68,1534.77,Festival Sale,27,22-01-2025,23-01-2025,96151900,18
22-01-2025,Clutch Purse,Handbags,3,2334.16,1956.75,6902.61,Festival Sale,21,22-01-2025,25-01-2025,42022290,18
22-01-2025,Leather Belt,Belts,4,2710.33,1859,10970.28,Festival Sale,27,22-01-2025,28-01-2025,42033000,18
22-01-2025,Cotton Scarf,Scarves,3,937.36,745.13,2836.26,Festival Sale,23,22-01-2025,29-01-2025,62143000,12
22-01-2025,Clutch Purse,Handbags,3,1444.22,1400.23,4342.86,Festival Sale,31,22-01-2025,24-01-2025,42022290,18
22-01-2025,Turban,Hair Accessories,3,272.98,228.55,818.19,Festival Sale,24,22-01-2025,25-01-2025,96151900,18
22-01-2025,Silver Bracelet,Jewelry,2,1834.83,1777.96,3706.4,Festival Sale,29,22-01-2025,25-01-2025,71131100,3
22-01-2025,Pearl Necklace,Jewelry,2,2461.35,2048.87,4946.2,Festival Sale,30,22-01-2025,29-01-2025,71131100,3
23-01-2025,Statement Necklace,Jewelry,8,1139.43,1157.73,9047.76,Festival Sale,34,23-01-2025,28-01-2025,71131100,3
23-01-2025,Dress Watch,Watches,3,3056.57,3019.89,9116.7,Festival Sale,31,23-01-2025,28-01-2025,91021100,18
23-01-2025,Oversized Sunglasses,Sunglasses,6,1170.22,1160.57,7132.44,Festival Sale,33,23-01-2025,29-01-2025,90041000,12
23-01-2025,Gold Plated Earrings,Jewelry,1,4055.95,2740.63,3978.65,Festival Sale,22,23-01-2025,24-01-2025,71131100,3
23-01-2025,Winter Wool Scarf,Scarves,10,1737.02,1275.75,17326.7,Festival Sale,34,23-01-2025,28-01-2025,62143000,12
23-01-2025,Leather Belt,Belts,4,2489.54,1570.12,9964.72,Festival Sale,27,23-01-2025,29-01-2025,42033000,18
23-01-2025,Cotton Scarf,Scarves,9,851.16,625.62,7519.86,Festival Sale,26,23-01-2025,26-01-2025,62143000,12
23-01-2025,Oversized Sunglasses,Sunglasses,4,3534.93,2203.33,14346.12,Festival Sale,23,23-01-2025,25-01-2025,90041000,12
23-01-2025,Gold Plated Earrings,Jewelry,1,2813.1,1959.04,2808.19,Festival Sale,24,23-01-2025,30-01-2025,71131100,3
23-01-2025,Dress Watch,Watches,1,7761.7,5239.61,7668.13,Festival Sale,24,23-01-2025,28-01-2025,91021100,18
23-01-2025,Leather Belt,Belts,3,1527.17,1311.44,4600.11,Festival Sale,25,23-01-2025,25-01-2025,42033000,18
23-01-2025,Digital Watch,Watches,3,8009.43,5953.39,23803.29,Festival Sale,28,23-01-2025,28-01-2025,91021100,18
23-01-2025,Leather Belt,Belts,4,1729.03,1594.14,6807.44,Festival Sale,28,23-01-2025,30-01-2025,42033000,18
23-01-2025,Aviator Sunglasses,Sunglasses,4,1357.84,1114.66,5483.64,Festival Sale,31,23-01-2025,27-01-2025,90041000,12
23-01-2025,Winter Wool Scarf,Scarves,7,800.12,622.86,5659.36,Festival Sale,25,23-01-2025,26-01-2025,62143000,12
24-01-2025,Headband,Hair Accessories,3,910.49,661.8,2746.77,Festival Sale,34,24-01-2025,27-01-2025,96151900,18
24-01-2025,Clutch Purse,Handbags,4,5137.54,4510.67,20617.44,Festival Sale,34,24-01-2025,27-01-2025,42022290,18
24-01-2025,Oversized Sunglasses,Sunglasses,4,2680.43,1700.97,10891.16,Festival Sale,26,24-01-2025,29-01-2025,90041000,12
24-01-2025,Scrunchie Pack,Hair Accessories,2,763.11,530.4,1542.8,Festival Sale,26,24-01-2025,26-01-2025,96151900,18
24-01-2025,Sports Watch,Watches,3,4056.75,2570.18,11991.24,Festival Sale,20,24-01-2025,27-01-2025,91021100,18
24-01-2025,Crossbody Bag,Handbags,18,6161.19,4226.01,110606.76,Festival Sale,31,24-01-2025,31-01-2025,42022290,18
24-01-2025,Sports Watch,Watches,4,6691.96,5034.09,27018.76,Festival Sale,32,24-01-2025,30-01-2025,91021100,18
24-01-2025,Winter Wool Scarf,Scarves,1,1471.91,1090.86,1446.25,Festival Sale,27,24-01-2025,31-01-2025,62143000,12
24-01-2025,Oversized Sunglasses,Sunglasses,3,3557.05,2158.06,10555.32,Festival Sale,20,24-01-2025,25-01-2025,90041000,12
24-01-2025,Backpack Purse,Handbags,8,5838.54,3856.59,46966.8,Festival Sale,20,24-01-2025,29-01-2025,42022290,18
24-01-2025,Hair Pin Set,Hair Accessories,10,394.6,337.2,3904.5,Festival Sale,32,24-01-2025,25-01-2025,96151900,18
24-01-2025,Waist Belt,Belts,2,2315.32,1679.66,4612.92,Festival Sale,25,24-01-2025,28-01-2025,42033000,18
24-01-2025,Silver Bracelet,Jewelry,8,1866.66,1764.82,14824.32,Festival Sale,34,24-01-2025,31-01-2025,71131100,3
24-01-2025,Statement Necklace,Jewelry,1,2301.73,1517.93,2318.29,Festival Sale,24,24-01-2025,27-01-2025,71131100,3
24-01-2025,Backpack Purse,Handbags,2,2497.18,2056.04,5053.08,Festival Sale,31,24-01-2025,28-01-2025,42022290,18
24-01-2025,Charm Bracelet,Jewelry,1,3512.07,2569.32,3547.03,Festival Sale,27,24-01-2025,25-01-2025,71131100,3
24-01-2025,Cat Eye Sunglasses,Sunglasses,5,1814.89,1352.6,9228.1,Festival Sale,28,24-01-2025,30-01-2025,90041000,12
24-01-2025,Hair Clip Set,Hair Accessories,5,1203.68,769.25,6025.4,Festival Sale,25,24-01-2025,28-01-2025,96151900,18
25-01-2025,Dress Watch,Watches,4,4498.77,3969.36,18062.84,Festival Sale,32,25-01-2025,28-01-2025,91021100,18
25-01-2025,Winter Wool Scarf,Scarves,4,1637.16,1446.17,6681.6,Festival Sale,20,25-01-2025,30-01-2025,62143000,12
25-01-2025,Silk Scarf,Scarves,5,1629.26,974.93,8031.8,Festival Sale,25,25-01-2025,31-01-2025,62143000,12
25-01-2025,Printed Scarf,Scarves,6,1745.48,1405.72,10397.22,Festival Sale,21,25-01-2025,29-01-2025,62143000,12
25-01-2025,Silk Scarf,Scarves,5,802.41,541.85,4020.6,Festival Sale,26,25-01-2025,01-02-2025,62143000,12
25-01-2025,Hair Pin Set,Hair Accessories,5,558.53,364.27,2741.45,Festival Sale,25,25-01-2025,31-01-2025,96151900,18
25-01-2025,Sports Sunglasses,Sunglasses,4,1619.47,1542.99,6365.72,Festival Sale,32,25-01-2025,26-01-2025,90041000,12
25-01-2025,Shoulder Bag,Handbags,3,5860.95,4670.05,17872.32,Festival Sale,34,25-01-2025,26-01-2025,42022290,18
25-01-2025,Sports Sunglasses,Sunglasses,9,1255.41,1104.88,11246.85,Festival Sale,20,25-01-2025,30-01-2025,90041000,12
25-01-2025,Waist Belt,Belts,3,1405.72,1142.4,4164.36,Festival Sale,34,25-01-2025,27-01-2025,42033000,18
25-01-2025,Waist Belt,Belts,9,2414.55,1735.31,22019.04,Festival Sale,24,25-01-2025,30-01-2025,42033000,18
25-01-2025,Sports Sunglasses,Sunglasses,3,2247.95,1700.36,6845.73,Festival Sale,30,25-01-2025,29-01-2025,90041000,12
25-01-2025,Statement Necklace,Jewelry,2,1229.3,1106.75,2482.46,Festival Sale,30,25-01-2025,30-01-2025,71131100,3
25-01-2025,Cat Eye Sunglasses,Sunglasses,3,2456.44,1929.97,7434.84,Festival Sale,22,25-01-2025,30-01-2025,90041000,12
25-01-2025,Leather Belt,Belts,9,2383.32,1978.77,21058.2,Festival Sale,24,25-01-2025,31-01-2025,42033000,18
25-01-2025,Charm Bracelet,Jewelry,3,1673.22,1322.56,4963.98,Festival Sale,27,25-01-2025,01-02-2025,71131100,3
25-01-2025,Leather Tote Bag,Handbags,4,2219.44,1413.07,9036.92,Festival Sale,20,25-01-2025,27-01-2025,42022290,18
25-01-2025,Silk Scarf,Scarves,6,942.94,661.16,5593.56,Festival Sale,22,25-01-2025,30-01-2025,62143000,12
25-01-2025,Aviator Sunglasses,Sunglasses,6,1922.54,1661.84,11689.74,Festival Sale,34,25-01-2025,30-01-2025,90041000,12
25-01-2025,Shoulder Bag,Handbags,1,3232.26,1981.23,3250.82,Festival Sale,23,25-01-2025,27-01-2025,42022290,18
25-01-2025,Fabric Belt,Belts,7,2521.84,1563.46,17781.96,Festival Sale,24,25-01-2025,29-01-2025,42033000,18
25-01-2025,Digital Watch,Watches,7,7814.81,5435.21,55206.34,Festival Sale,27,25-01-2025,29-01-2025,91021100,18
25-01-2025,Western Belt,Belts,6,1351.05,1001.42,8168.76,Festival Sale,30,25-01-2025,29-01-2025,42033000,18
25-01-2025,Gold Plated Earrings,Jewelry,5,3480.23,2475.17,17226,Festival Sale,22,25-01-2025,28-01-2025,71131100,3
25-01-2025,Waist Belt,Belts,1,1228.2,1194.75,1239.78,Festival Sale,28,25-01-2025,29-01-2025,42033000,18
27-01-2025,Dress Watch,Watches,3,5898.59,5667.16,17485.44,Festival Sale,30,27-01-2025,28-01-2025,91021100,18
27-01-2025,Oversized Sunglasses,Sunglasses,6,2364.82,1642.7,14424.9,Festival Sale,27,27-01-2025,02-02-2025,90041000,12
27-01-2025,Headband,Hair Accessories,2,1096.72,724.1,2185.12,Festival Sale,27,27-01-2025,02-02-2025,96151900,18
27-01-2025,Scrunchie Pack,Hair Accessories,1,381.7,364.96,376.24,Festival Sale,28,27-01-2025,29-01-2025,96151900,18
27-01-2025,Turban,Hair Accessories,5,865.25,624.14,4400.3,Festival Sale,20,27-01-2025,30-01-2025,96151900,18
27-01-2025,Analog Watch,Watches,2,4762.41,4190.66,9473.7,Festival Sale,24,27-01-2025,02-02-2025,91021100,18
27-01-2025,Fabric Belt,Belts,3,1265.33,811.59,3794.22,Festival Sale,29,27-01-2025,31-01-2025,42033000,18
27-01-2025,Smart Watch,Watches,5,3679.29,3016.74,18520.95,Festival Sale,29,27-01-2025,02-02-2025,91021100,18
27-01-2025,Statement Necklace,Jewelry,3,1956.87,1841.17,5965.89,Festival Sale,33,27-01-2025,02-02-2025,71131100,3
27-01-2025,Aviator Sunglasses,Sunglasses,3,3142.01,2431.89,9359.94,Festival Sale,27,27-01-2025,31-01-2025,90041000,12
27-01-2025,Scrunchie Pack,Hair Accessories,2,786.67,697.43,1585.42,Festival Sale,25,27-01-2025,01-02-2025,96151900,18
27-01-2025,Oversized Sunglasses,Sunglasses,1,2748.5,1905.23,2766.32,Festival Sale,23,27-01-2025,28-01-2025,90041000,12
27-01-2025,Pearl Necklace,Jewelry,1,1754.79,1795.75,1739.65,Festival Sale,31,27-01-2025,02-02-2025,71131100,3
27-01-2025,Charm Bracelet,Jewelry,6,1935.31,1370.05,11408.64,Festival Sale,30,27-01-2025,29-01-2025,71131100,3
27-01-2025,Aviator Sunglasses,Sunglasses,7,3328.82,2060.28,23457.84,Festival Sale,26,27-01-2025,28-01-2025,90041000,12
27-01-2025,Leather Tote Bag,Handbags,6,3062.15,2740.42,18193.32,Festival Sale,34,27-01-2025,28-01-2025,42022290,18
27-01-2025,Cotton Scarf,Scarves,1,1367.79,786.72,1343.26,Festival Sale,22,27-01-2025,01-02-2025,62143000,12
27-01-2025,Pashmina Shawl,Scarves,7,1390.18,1018.24,9890.37,Festival Sale,33,27-01-2025,01-02-2025,62143000,12
27-01-2025,Scrunchie Pack,Hair Accessories,4,1093.43,742.93,4368.6,Festival Sale,29,27-01-2025,02-02-2025,96151900,18
28-01-2025,Shoulder Bag,Handbags,5,2199.51,1200.06,11216.9,No Promotion,0,28-01-2025,04-02-2025,42022290,18
28-01-2025,Hair Clip Set,Hair Accessories,2,1573.23,735.54,3106.06,No Promotion,0,28-01-2025,01-02-2025,96151900,18
28-01-2025,Sports Sunglasses,Sunglasses,1,2204.86,1770.72,2223.82,Festival Sale,16,28-01-2025,31-01-2025,90041000,12
28-01-2025,Western Belt,Belts,2,2543.19,1380.89,5120.64,Seasonal Offer,15,28-01-2025,31-01-2025,42033000,18
28-01-2025,Backpack Purse,Handbags,3,3472.15,3243.06,10338.99,Festival Sale,26,28-01-2025,02-02-2025,42022290,18
28-01-2025,Digital Watch,Watches,4,8272.6,5133.01,32712,No Promotion,0,28-01-2025,02-02-2025,91021100,18
28-01-2025,Hair Pin Set,Hair Accessories,1,544.32,350.41,546.51,No Promotion,0,28-01-2025,29-01-2025,96151900,18
28-01-2025,Crossbody Bag,Handbags,1,2857.78,2098.32,2838.98,Seasonal Offer,12,28-01-2025,02-02-2025,42022290,18
28-01-2025,Cotton Scarf,Scarves,1,2251.15,1051.71,2210.79,No Promotion,0,28-01-2025,02-02-2025,62143000,12
28-01-2025,Printed Scarf,Scarves,10,610.51,549.68,6012.1,Festival Sale,24,28-01-2025,31-01-2025,62143000,12
28-01-2025,Sports Sunglasses,Sunglasses,3,2498.05,1336.37,7434.3,Seasonal Offer,12,28-01-2025,31-01-2025,90041000,12
28-01-2025,Winter Wool Scarf,Scarves,7,2033.92,1038.16,13989.5,No Promotion,0,28-01-2025,01-02-2025,62143000,12
28-01-2025,Clutch Purse,Handbags,1,8941.46,4619.2,8808.99,No Promotion,0,28-01-2025,31-01-2025,42022290,18
28-01-2025,Winter Wool Scarf,Scarves,3,2662.19,1472.08,7914.06,Seasonal Offer,15,28-01-2025,30-01-2025,62143000,12
28-01-2025,Backpack Purse,Handbags,8,4551.11,3215.52,35811.2,Festival Sale,21,28-01-2025,30-01-2025,42022290,18
28-01-2025,Digital Watch,Watches,2,3293.31,2194.82,6504.04,No Promotion,0,28-01-2025,29-01-2025,91021100,18
29-01-2025,Round Frame,Sunglasses,3,2528.94,1262.19,7586.13,No Promotion,0,29-01-2025,30-01-2025,90041000,12
29-01-2025,Cat Eye Sunglasses,Sunglasses,1,2084.3,1592.37,2084.11,Festival Sale,25,29-01-2025,30-01-2025,90041000,12
29-01-2025,Silver Bracelet,Jewelry,2,1335.13,1608.64,2723.78,Clearance Sale,51,29-01-2025,01-02-2025,71131100,3
29-01-2025,Headband,Hair Accessories,3,972.14,492.47,2972.28,No Promotion,0,29-01-2025,31-01-2025,96151900,18
29-01-2025,Smart Watch,Watches,2,12032.01,5671.03,23829.32,No Promotion,0,29-01-2025,03-02-2025,91021100,18
29-01-2025,Aviator Sunglasses,Sunglasses,7,2128.19,994.68,14864.78,No Promotion,0,29-01-2025,04-02-2025,90041000,12
29-01-2025,Hair Pin Set,Hair Accessories,3,580.34,284.04,1723.02,No Promotion,0,29-01-2025,31-01-2025,96151900,18
29-01-2025,Fabric Belt,Belts,2,1482.21,955.76,2912.04,No Promotion,0,29-01-2025,05-02-2025,42033000,18
29-01-2025,Hair Pin Set,Hair Accessories,5,403.26,238.58,2020.15,No Promotion,0,29-01-2025,01-02-2025,96151900,18
29-01-2025,Round Frame,Sunglasses,1,4600.43,2374.5,4677.43,No Promotion,0,29-01-2025,02-02-2025,90041000,12
29-01-2025,Silver Bracelet,Jewelry,3,4018.19,1895.95,11993.85,No Promotion,0,29-01-2025,30-01-2025,71131100,3
29-01-2025,Headband,Hair Accessories,4,511.01,324.3,2077.28,No Promotion,0,29-01-2025,31-01-2025,96151900,18
29-01-2025,Sports Sunglasses,Sunglasses,2,2194.14,1154.48,4367.1,No Promotion,0,29-01-2025,01-02-2025,90041000,12
29-01-2025,Scrunchie Pack,Hair Accessories,9,214.65,231.37,1929.69,Clearance Sale,54,29-01-2025,03-02-2025,96151900,18
29-01-2025,Cat Eye Sunglasses,Sunglasses,5,3433.58,1603.85,17023.4,No Promotion,0,29-01-2025,30-01-2025,90041000,12
29-01-2025,Smart Watch,Watches,4,4335.61,3182.52,17446.44,Festival Sale,16,29-01-2025,30-01-2025,91021100,18
29-01-2025,Analog Watch,Watches,1,9831.55,4796.08,9973.63,No Promotion,0,29-01-2025,05-02-2025,91021100,18
30-01-2025,Aviator Sunglasses,Sunglasses,1,861.1,1111.76,870.28,Clearance Sale,48,30-01-2025,03-02-2025,90041000,12
30-01-2025,Digital Watch,Watches,5,2292.75,1609.14,11380.15,Seasonal Offer,19,30-01-2025,03-02-2025,91021100,18
30-01-2025,Clutch Purse,Handbags,3,5431.2,2909.65,16307.85,No Promotion,0,30-01-2025,05-02-2025,42022290,18
30-01-2025,Silver Bracelet,Jewelry,5,2262.55,1353.6,11294.3,Festival Sale,21,30-01-2025,02-02-2025,71131100,3
30-01-2025,Smart Watch,Watches,3,8153.3,5207.35,24634.32,Seasonal Offer,10,30-01-2025,05-02-2025,91021100,18
30-01-2025,Oversized Sunglasses,Sunglasses,1,1449.65,1101.01,1430.39,Festival Sale,29,30-01-2025,01-02-2025,90041000,12
30-01-2025,Western Belt,Belts,2,2935.5,1746.79,5756,No Promotion,0,30-01-2025,31-01-2025,42033000,18
30-01-2025,Statement Necklace,Jewelry,2,2789.24,1890.88,5620.7,No Promotion,0,30-01-2025,05-02-2025,71131100,3
30-01-2025,Leather Tote Bag,Handbags,3,5940.17,3043.9,17666.01,No Promotion,0,30-01-2025,03-02-2025,42022290,18
30-01-2025,Dress Watch,Watches,1,4567.22,2363.91,4628.11,No Promotion,0,30-01-2025,02-02-2025,91021100,18
30-01-2025,Digital Watch,Watches,1,3101.41,2750.48,3071.62,Flash Sale,36,30-01-2025,31-01-2025,91021100,18
30-01-2025,Turban,Hair Accessories,3,463.46,344.84,1394.25,Seasonal Offer,11,30-01-2025,04-02-2025,96151900,18
30-01-2025,Hair Pin Set,Hair Accessories,1,1339.78,760.56,1334.16,Festival Sale,15,30-01-2025,31-01-2025,96151900,18
31-01-2025,Fabric Belt,Belts,6,1071.19,696.41,6495.3,No Promotion,0,31-01-2025,05-02-2025,42033000,18
31-01-2025,Sports Sunglasses,Sunglasses,4,2120.65,1646.62,8364.92,Festival Sale,22,31-01-2025,01-02-2025,90041000,12
31-01-2025,Fabric Belt,Belts,3,3708.9,1903.13,11274,No Promotion,0,31-01-2025,01-02-2025,42033000,18
31-01-2025,Round Frame,Sunglasses,3,1649.05,1322.38,4863.75,Flash Sale,30,31-01-2025,04-02-2025,90041000,12
31-01-2025,Cat Eye Sunglasses,Sunglasses,5,2921.5,2196.1,14868.45,Seasonal Offer,12,31-01-2025,03-02-2025,90041000,12
31-01-2025,Fabric Belt,Belts,3,1306.4,804.59,3952.71,No Promotion,0,31-01-2025,05-02-2025,42033000,18
31-01-2025,Analog Watch,Watches,4,11091.97,5344.57,44256.44,No Promotion,0,31-01-2025,03-02-2025,91021100,18
31-01-2025,Chain Belt,Belts,1,1483.65,1586.55,1462.68,Clearance Sale,49,31-01-2025,06-02-2025,42033000,18
01-02-2025,Aviator Sunglasses,Sunglasses,2,1853.93,1046.51,3696.48,No Promotion,0,01-02-2025,05-02-2025,90041000,12
01-02-2025,Waist Belt,Belts,6,1375.39,784.71,8347.14,No Promotion,0,01-02-2025,08-02-2025,42033000,18
01-02-2025,Leather Tote Bag,Handbags,1,8050.62,4520.69,7936.64,Seasonal Offer,10,01-02-2025,05-02-2025,42022290,18
01-02-2025,Sports Watch,Watches,5,4898.13,3481.51,24396.8,Flash Sale,35,01-02-2025,03-02-2025,91021100,18
01-02-2025,Crossbody Bag,Handbags,5,2502.95,3140.82,12650.2,Clearance Sale,51,01-02-2025,05-02-2025,42022290,18
01-02-2025,Cat Eye Sunglasses,Sunglasses,4,4062.15,2019.08,16208.52,No Promotion,0,01-02-2025,04-02-2025,90041000,12
01-02-2025,Analog Watch,Watches,4,4902.09,5741.65,19471.84,Clearance Sale,46,01-02-2025,08-02-2025,91021100,18
01-02-2025,Leather Belt,Belts,3,2136.99,1833.63,6365.01,Flash Sale,33,01-02-2025,08-02-2025,42033000,18
01-02-2025,Backpack Purse,Handbags,7,2887.32,2250.51,20031.76,Seasonal Offer,18,01-02-2025,06-02-2025,42022290,18
01-02-2025,Round Frame,Sunglasses,3,1032.17,1160.65,3048.27,Clearance Sale,48,01-02-2025,04-02-2025,90041000,12
01-02-2025,Backpack Purse,Handbags,4,4426.31,4478.94,17478.16,Clearance Sale,42,01-02-2025,03-02-2025,42022290,18
01-02-2025,Clutch Purse,Handbags,10,2629.57,2630.47,26182.9,Clearance Sale,52,01-02-2025,04-02-2025,42022290,18
01-02-2025,Winter Wool Scarf,Scarves,4,459.05,812.88,1871.2,Clearance Sale,60,01-02-2025,07-02-2025,62143000,12
03-02-2025,Statement Necklace,Jewelry,4,2227.14,1569.9,8820.52,No Promotion,0,03-02-2025,06-02-2025,71131100,3
03-02-2025,Aviator Sunglasses,Sunglasses,1,2565.1,1705.69,2517.28,No Promotion,0,03-02-2025,10-02-2025,90041000,12
03-02-2025,Round Frame,Sunglasses,6,3411.66,1727.69,20630.4,No Promotion,0,03-02-2025,06-02-2025,90041000,12
03-02-2025,Sports Sunglasses,Sunglasses,1,1356.46,941.93,1350.68,Festival Sale,21,03-02-2025,05-02-2025,90041000,12
03-02-2025,Fabric Belt,Belts,2,2728.59,1993.42,5399.16,Festival Sale,30,03-02-2025,09-02-2025,42033000,18
03-02-2025,Smart Watch,Watches,6,4260.13,2235.49,25419.36,No Promotion,0,03-02-2025,06-02-2025,91021100,18
03-02-2025,Round Frame,Sunglasses,2,3110.36,1738.34,6117.32,No Promotion,0,03-02-2025,10-02-2025,90041000,12
03-02-2025,Smart Watch,Watches,6,7679.13,4616.29,46123.98,No Promotion,0,03-02-2025,10-02-2025,91021100,18
03-02-2025,Round Frame,Sunglasses,5,1477.11,988.34,7376.15,Festival Sale,26,03-02-2025,09-02-2025,90041000,12
03-02-2025,Chain Belt,Belts,2,941.9,1323.37,1919.24,Clearance Sale,59,03-02-2025,06-02-2025,42033000,18
03-02-2025,Western Belt,Belts,3,1085.24,976.5,3204.42,Clearance Sale,42,03-02-2025,04-02-2025,42033000,18
03-02-2025,Leather Tote Bag,Handbags,1,2492.13,1399.27,2516.05,No Promotion,0,03-02-2025,04-02-2025,42022290,18
03-02-2025,Sports Sunglasses,Sunglasses,2,3484.1,2345.11,6837.36,Festival Sale,15,03-02-2025,09-02-2025,90041000,12
03-02-2025,Silk Scarf,Scarves,3,422.04,460.58,1281.39,Clearance Sale,57,03-02-2025,04-02-2025,62143000,12
03-02-2025,Crossbody Bag,Handbags,1,4691.7,3009.99,4738.43,Festival Sale,27,03-02-2025,08-02-2025,42022290,18
03-02-2025,Silk Scarf,Scarves,5,418.36,440.42,2093.1,Clearance Sale,52,03-02-2025,07-02-2025,62143000,12
03-02-2025,Hair Pin Set,Hair Accessories,4,903.06,705.38,3589.2,Festival Sale,30,03-02-2025,07-02-2025,96151900,18
03-02-2025,Smart Watch,Watches,2,1844.49,2237.42,3697.76,Clearance Sale,56,03-02-2025,05-02-2025,91021100,18
03-02-2025,Pearl Necklace,Jewelry,2,2637,1649.23,5305.44,No Promotion,0,03-02-2025,10-02-2025,71131100,3
03-02-2025,Pearl Necklace,Jewelry,3,1015.4,945.4,3041.31,Flash Sale,31,03-02-2025,06-02-2025,71131100,3
03-02-2025,Silver Bracelet,Jewelry,2,2028.61,2718.99,3984.18,Clearance Sale,58,03-02-2025,04-02-2025,71131100,3
04-02-2025,Leather Belt,Belts,2,1575.39,762.24,3093.62,No Promotion,0,04-02-2025,06-02-2025,42033000,18
04-02-2025,Digital Watch,Watches,3,4973.84,4927.94,15024.87,Flash Sale,31,04-02-2025,10-02-2025,91021100,18
04-02-2025,Turban,Hair Accessories,1,375.25,466.1,372.57,Clearance Sale,50,04-02-2025,07-02-2025,96151900,18
04-02-2025,Clutch Purse,Handbags,1,5877.11,2783.03,5825.4,No Promotion,0,04-02-2025,07-02-2025,42022290,18
04-02-2025,Analog Watch,Watches,3,9608.84,5073.93,28650.69,Seasonal Offer,13,04-02-2025,09-02-2025,91021100,18
04-02-2025,Statement Necklace,Jewelry,3,4727.6,2357.98,14405.79,No Promotion,0,04-02-2025,06-02-2025,71131100,3
04-02-2025,Pearl Necklace,Jewelry,5,4153.82,1894.27,20736.35,No Promotion,0,04-02-2025,07-02-2025,71131100,3
04-02-2025,Crossbody Bag,Handbags,3,7174.56,4599.61,21299.4,No Promotion,0,04-02-2025,08-02-2025,42022290,18
04-02-2025,Clutch Purse,Handbags,2,2394.62,1638.46,4847.24,No Promotion,0,04-02-2025,11-02-2025,42022290,18
04-02-2025,Gold Plated Earrings,Jewelry,4,5423.84,2893.82,21827.88,No Promotion,0,04-02-2025,11-02-2025,71131100,3
04-02-2025,Leather Belt,Belts,4,1776.26,1365.69,7190.24,Festival Sale,15,04-02-2025,09-02-2025,42033000,18
04-02-2025,Pearl Necklace,Jewelry,3,3817.28,2004.34,11277.3,No Promotion,0,04-02-2025,10-02-2025,71131100,3
04-02-2025,Crossbody Bag,Handbags,3,4831.39,3720.83,14289.24,Festival Sale,22,04-02-2025,06-02-2025,42022290,18
04-02-2025,Turban,Hair Accessories,3,531.8,277.69,1616.79,No Promotion,0,04-02-2025,08-02-2025,96151900,18
04-02-2025,Hair Pin Set,Hair Accessories,5,712.51,585.3,3525.8,Festival Sale,26,04-02-2025,06-02-2025,96151900,18
04-02-2025,Digital Watch,Watches,2,3294.85,1827.42,6625.76,Seasonal Offer,14,04-02-2025,09-02-2025,91021100,18
04-02-2025,Analog Watch,Watches,3,6326.03,5252.89,18837.81,Festival Sale,19,04-02-2025,09-02-2025,91021100,18
04-02-2025,Analog Watch,Watches,3,2180.52,1500.42,6543.3,Festival Sale,30,04-02-2025,09-02-2025,91021100,18
04-02-2025,Cotton Scarf,Scarves,1,1420.14,863.06,1421.73,Festival Sale,23,04-02-2025,05-02-2025,62143000,12
04-02-2025,Printed Scarf,Scarves,9,3000.83,1401.48,26601.75,No Promotion,0,04-02-2025,08-02-2025,62143000,12
04-02-2025,Dress Watch,Watches,1,9411.73,4478.29,9360.45,No Promotion,0,04-02-2025,10-02-2025,91021100,18
04-02-2025,Shoulder Bag,Handbags,9,3441.99,2337.45,31308.84,No Promotion,0,04-02-2025,05-02-2025,42022290,18
04-02-2025,Clutch Purse,Handbags,2,5463.69,2561.58,11100.2,No Promotion,0,04-02-2025,10-02-2025,42022290,18
05-02-2025,Hair Clip Set,Hair Accessories,1,416.2,239.5,409.11,No Promotion,0,05-02-2025,11-02-2025,96151900,18
05-02-2025,Analog Watch,Watches,3,4045.74,2966.22,12307.86,Festival Sale,27,05-02-2025,09-02-2025,91021100,18
05-02-2025,Silk Scarf,Scarves,7,1869.23,1222.32,12963.23,Flash Sale,26,05-02-2025,06-02-2025,62143000,12
05-02-2025,Headband,Hair Accessories,3,309.72,287.75,929.31,Festival Sale,26,05-02-2025,07-02-2025,96151900,18
05-02-2025,Headband,Hair Accessories,2,406.72,257.1,825.32,No Promotion,0,05-02-2025,11-02-2025,96151900,18
05-02-2025,Dress Watch,Watches,3,3194.02,3422.09,9477.18,Flash Sale,38,05-02-2025,09-02-2025,91021100,18
05-02-2025,Round Frame,Sunglasses,4,2310.4,2480.62,9094.44,Clearance Sale,48,05-02-2025,12-02-2025,90041000,12
05-02-2025,Silver Bracelet,Jewelry,2,3091.48,1882.83,6278,No Promotion,0,05-02-2025,09-02-2025,71131100,3
05-02-2025,Digital Watch,Watches,2,6883.01,4133.41,14008.6,Festival Sale,16,05-02-2025,12-02-2025,91021100,18
05-02-2025,Silk Scarf,Scarves,5,1497.26,674.73,7383,No Promotion,0,05-02-2025,12-02-2025,62143000,12
05-02-2025,Gold Plated Earrings,Jewelry,1,2309.03,1224.13,2308.94,No Promotion,0,05-02-2025,12-02-2025,71131100,3
05-02-2025,Pearl Necklace,Jewelry,2,3276.16,1482.72,6506.9,No Promotion,0,05-02-2025,08-02-2025,71131100,3
05-02-2025,Waist Belt,Belts,2,985.26,819.43,1975.14,Flash Sale,30,05-02-2025,12-02-2025,42033000,18
05-02-2025,Hair Pin Set,Hair Accessories,5,620.01,574.07,3110.95,Clearance Sale,47,05-02-2025,11-02-2025,96151900,18
05-02-2025,Hair Clip Set,Hair Accessories,3,539.27,284.79,1630.89,No Promotion,0,05-02-2025,10-02-2025,96151900,18
05-02-2025,Chain Belt,Belts,2,2250.7,1986.51,4490.1,Flash Sale,35,05-02-2025,07-02-2025,42033000,18
05-02-2025,Waist Belt,Belts,4,3224.51,1801.69,13075.96,No Promotion,0,05-02-2025,12-02-2025,42033000,18
06-02-2025,Chain Belt,Belts,2,1437.88,1417,2850.98,Clearance Sale,41,06-02-2025,09-02-2025,42033000,18
06-02-2025,Silk Scarf,Scarves,7,2251.57,1335.51,15729.91,Festival Sale,15,06-02-2025,13-02-2025,62143000,12
06-02-2025,Winter Wool Scarf,Scarves,7,2058.41,1433.92,14211.33,Festival Sale,19,06-02-2025,09-02-2025,62143000,12
06-02-2025,Hair Clip Set,Hair Accessories,3,262.83,349.62,775.44,Clearance Sale,58,06-02-2025,07-02-2025,96151900,18
06-02-2025,Headband,Hair Accessories,1,902.3,656.62,888.07,Festival Sale,22,06-02-2025,11-02-2025,96151900,18
06-02-2025,Chain Belt,Belts,3,1924.26,1176.22,5749.5,Seasonal Offer,20,06-02-2025,11-02-2025,42033000,18
06-02-2025,Cotton Scarf,Scarves,3,2181.96,1041.62,6593.7,No Promotion,0,06-02-2025,10-02-2025,62143000,12
06-02-2025,Silver Bracelet,Jewelry,2,3548.99,2084.2,7138.76,No Promotion,0,06-02-2025,07-02-2025,71131100,3
06-02-2025,Silver Bracelet,Jewelry,1,4109.84,2375.39,4084.92,No Promotion,0,06-02-2025,09-02-2025,71131100,3
06-02-2025,Winter Wool Scarf,Scarves,3,613.37,468.57,1824.63,Seasonal Offer,15,06-02-2025,07-02-2025,62143000,12
06-02-2025,Aviator Sunglasses,Sunglasses,1,1170.21,1592.02,1186.28,Clearance Sale,54,06-02-2025,08-02-2025,90041000,12
06-02-2025,Winter Wool Scarf,Scarves,1,1593.66,1321.62,1562.54,Festival Sale,27,06-02-2025,12-02-2025,62143000,12
06-02-2025,Digital Watch,Watches,6,3459.43,2352.47,21087.66,No Promotion,0,06-02-2025,09-02-2025,91021100,18
06-02-2025,Leather Tote Bag,Handbags,3,4772.3,3316.55,14255.82,No Promotion,0,06-02-2025,12-02-2025,42022290,18
06-02-2025,Chain Belt,Belts,4,1327.79,1323.82,5304.56,Clearance Sale,45,06-02-2025,10-02-2025,42033000,18
06-02-2025,Printed Scarf,Scarves,9,1748.12,1135.99,15676.02,Festival Sale,20,06-02-2025,09-02-2025,62143000,12
06-02-2025,Clutch Purse,Handbags,5,3379.46,2009.55,16874.5,Festival Sale,16,06-02-2025,11-02-2025,42022290,18
06-02-2025,Statement Necklace,Jewelry,8,3643.75,2633.33,29674.72,Flash Sale,27,06-02-2025,09-02-2025,71131100,3
06-02-2025,Silver Bracelet,Jewelry,4,1439.95,1622.16,5647.76,Clearance Sale,41,06-02-2025,12-02-2025,71131100,3
06-02-2025,Chain Belt,Belts,1,2953.04,1923.85,2897.26,No Promotion,0,06-02-2025,13-02-2025,42033000,18
06-02-2025,Leather Belt,Belts,2,1754.56,1127.63,3505.7,Flash Sale,25,06-02-2025,11-02-2025,42033000,18
06-02-2025,Silver Bracelet,Jewelry,5,2475,1664.48,12521.05,Festival Sale,30,06-02-2025,13-02-2025,71131100,3
06-02-2025,Silk Scarf,Scarves,7,1945.56,1322.17,13793.85,No Promotion,0,06-02-2025,11-02-2025,62143000,12
07-02-2025,Hair Clip Set,Hair Accessories,1,678.03,433.21,690.26,Seasonal Offer,16,07-02-2025,14-02-2025,96151900,18
07-02-2025,Backpack Purse,Handbags,3,6732.86,3798.23,20108.61,No Promotion,0,07-02-2025,14-02-2025,42022290,18
07-02-2025,Leather Tote Bag,Handbags,4,4589.1,3951.02,18372.4,Seasonal Offer,19,07-02-2025,08-02-2025,42022290,18
07-02-2025,Pearl Necklace,Jewelry,6,1449.57,1235.42,8726.64,Festival Sale,26,07-02-2025,10-02-2025,71131100,3
07-02-2025,Pashmina Shawl,Scarves,10,716.95,452.26,7162.3,Festival Sale,21,07-02-2025,13-02-2025,62143000,12
07-02-2025,Analog Watch,Watches,5,3419.89,1733.65,16848.15,Seasonal Offer,10,07-02-2025,11-02-2025,91021100,18
07-02-2025,Western Belt,Belts,4,1371.02,797.21,5579.88,No Promotion,0,07-02-2025,09-02-2025,42033000,18
07-02-2025,Waist Belt,Belts,2,1415.6,1012.44,2826.22,Festival Sale,22,07-02-2025,08-02-2025,42033000,18
07-02-2025,Printed Scarf,Scarves,13,1248.74,828.59,16104.14,Festival Sale,24,07-02-2025,13-02-2025,62143000,12
07-02-2025,Hair Clip Set,Hair Accessories,4,426.78,257.63,1675.56,No Promotion,0,07-02-2025,11-02-2025,96151900,18
07-02-2025,Leather Belt,Belts,1,2434.87,1430.21,2411.75,No Promotion,0,07-02-2025,13-02-2025,42033000,18
07-02-2025,Pashmina Shawl,Scarves,9,1594.12,1330.24,14319.54,Festival Sale,24,07-02-2025,13-02-2025,62143000,12
07-02-2025,Clutch Purse,Handbags,2,4721.46,3881.27,9343.22,Flash Sale,30,07-02-2025,10-02-2025,42022290,18
07-02-2025,Cat Eye Sunglasses,Sunglasses,6,2978.04,2039.09,17519.88,No Promotion,0,07-02-2025,08-02-2025,90041000,12
07-02-2025,Hair Clip Set,Hair Accessories,1,913.98,436.65,899.99,No Promotion,0,07-02-2025,13-02-2025,96151900,18
08-02-2025,Cotton Scarf,Scarves,7,1714.9,805.23,12204.92,No Promotion,0,08-02-2025,10-02-2025,62143000,12
08-02-2025,Silk Scarf,Scarves,2,477.07,508.22,951.3,Clearance Sale,54,08-02-2025,09-02-2025,62143000,12
08-02-2025,Aviator Sunglasses,Sunglasses,10,1526.42,1062.24,15091.3,No Promotion,0,08-02-2025,15-02-2025,90041000,12
08-02-2025,Backpack Purse,Handbags,7,3367.53,3062.13,23411.78,Flash Sale,38,08-02-2025,10-02-2025,42022290,18
08-02-2025,Fabric Belt,Belts,4,1104.72,1667.82,4433.6,Clearance Sale,58,08-02-2025,13-02-2025,42033000,18
08-02-2025,Western Belt,Belts,2,2418.73,1502.62,4872.06,No Promotion,0,08-02-2025,15-02-2025,42033000,18
08-02-2025,Cotton Scarf,Scarves,1,783.21,576.37,779.25,Festival Sale,30,08-02-2025,14-02-2025,62143000,12
08-02-2025,Digital Watch,Watches,6,8702.31,5911.91,52397.52,Festival Sale,25,08-02-2025,10-02-2025,91021100,18
08-02-2025,Cat Eye Sunglasses,Sunglasses,3,2514.47,1231.05,7576.14,No Promotion,0,08-02-2025,13-02-2025,90041000,12
08-02-2025,Printed Scarf,Scarves,10,2152.98,1069.93,21243.7,No Promotion,0,08-02-2025,09-02-2025,62143000,12
08-02-2025,Backpack Purse,Handbags,1,8060.07,4996.76,8119.94,Seasonal Offer,10,08-02-2025,09-02-2025,42022290,18
08-02-2025,Leather Belt,Belts,3,2148.13,1416.92,6407.25,Festival Sale,17,08-02-2025,12-02-2025,42033000,18
10-02-2025,Leather Belt,Belts,5,1841.31,1098.04,9071.05,Festival Sale,17,10-02-2025,14-02-2025,42033000,18
10-02-2025,Gold Plated Earrings,Jewelry,4,6104.24,2959.73,24298.6,No Promotion,0,10-02-2025,12-02-2025,71131100,3
10-02-2025,Headband,Hair Accessories,3,881.39,741.12,2644.92,Seasonal Offer,19,10-02-2025,14-02-2025,96151900,18
10-02-2025,Hair Clip Set,Hair Accessories,4,584.91,292.11,2383.96,No Promotion,0,10-02-2025,17-02-2025,96151900,18
10-02-2025,Waist Belt,Belts,3,1221.43,776.9,3637.86,Seasonal Offer,18,10-02-2025,12-02-2025,42033000,18
10-02-2025,Winter Wool Scarf,Scarves,7,1036.65,679.19,7114.94,No Promotion,0,10-02-2025,15-02-2025,62143000,12
10-02-2025,Shoulder Bag,Handbags,2,5252.03,4006.75,10376.04,Seasonal Offer,19,10-02-2025,14-02-2025,42022290,18
10-02-2025,Winter Wool Scarf,Scarves,7,915.9,461.41,6377,No Promotion,0,10-02-2025,16-02-2025,62143000,12
11-02-2025,Chain Belt,Belts,3,1296.85,945.05,3895.35,Seasonal Offer,19,11-02-2025,15-02-2025,42033000,18
11-02-2025,Oversized Sunglasses,Sunglasses,2,1394.3,1441.48,2819.7,Clearance Sale,53,11-02-2025,18-02-2025,90041000,12
11-02-2025,Shoulder Bag,Handbags,3,5389.17,2935.25,16044.21,Festival Sale,16,11-02-2025,13-02-2025,42022290,18
11-02-2025,Printed Scarf,Scarves,12,1600.17,1067.74,19453.08,Festival Sale,22,11-02-2025,14-02-2025,62143000,12
11-02-2025,Western Belt,Belts,2,1479.31,951.48,2913.52,Festival Sale,15,11-02-2025,15-02-2025,42033000,18
11-02-2025,Headband,Hair Accessories,2,571.89,396.09,1150.5,Festival Sale,20,11-02-2025,15-02-2025,96151900,18
11-02-2025,Oversized Sunglasses,Sunglasses,11,1735.53,1428.95,19167.61,Festival Sale,17,11-02-2025,16-02-2025,90041000,12
11-02-2025,Round Frame,Sunglasses,3,3521.44,1932.52,10685.7,No Promotion,0,11-02-2025,15-02-2025,90041000,12
11-02-2025,Backpack Purse,Handbags,4,4370.82,3873.96,17496.12,Festival Sale,27,11-02-2025,15-02-2025,42022290,18
11-02-2025,Pashmina Shawl,Scarves,1,941.65,730.08,934.9,Festival Sale,20,11-02-2025,17-02-2025,62143000,12
11-02-2025,Round Frame,Sunglasses,3,2378.28,1403.21,7191.57,Seasonal Offer,18,11-02-2025,14-02-2025,90041000,12
11-02-2025,Oversized Sunglasses,Sunglasses,4,1851.84,1726.4,7348.04,Festival Sale,30,11-02-2025,14-02-2025,90041000,12
11-02-2025,Cat Eye Sunglasses,Sunglasses,4,1985.01,1539.99,7901.92,Festival Sale,22,11-02-2025,15-02-2025,90041000,12
11-02-2025,Statement Necklace,Jewelry,1,2682.18,1488.8,2695.94,Festival Sale,15,11-02-2025,14-02-2025,71131100,3
12-02-2025,Waist Belt,Belts,1,1611.87,1095.56,1624.03,No Promotion,0,12-02-2025,15-02-2025,42033000,18
12-02-2025,Statement Necklace,Jewelry,7,5046.56,2866.9,34822.62,Seasonal Offer,15,12-02-2025,19-02-2025,71131100,3
12-02-2025,Crossbody Bag,Handbags,1,2989.42,1899.65,3048.94,No Promotion,0,12-02-2025,19-02-2025,42022290,18
12-02-2025,Sports Watch,Watches,3,1378.47,1613.81,4100.01,Clearance Sale,52,12-02-2025,16-02-2025,91021100,18
12-02-2025,Cat Eye Sunglasses,Sunglasses,2,918.34,1178.21,1842.78,Clearance Sale,47,12-02-2025,15-02-2025,90041000,12
12-02-2025,Fabric Belt,Belts,3,1072.06,1279.05,3188.43,Clearance Sale,43,12-02-2025,18-02-2025,42033000,18
12-02-2025,Scrunchie Pack,Hair Accessories,4,407.55,376.07,1629.72,Festival Sale,26,12-02-2025,16-02-2025,96151900,18
12-02-2025,Cat Eye Sunglasses,Sunglasses,4,1956.47,2191.82,7958.36,Clearance Sale,41,12-02-2025,17-02-2025,90041000,12
12-02-2025,Sports Sunglasses,Sunglasses,6,3196.73,1980.81,18817.56,No Promotion,0,12-02-2025,15-02-2025,90041000,12
12-02-2025,Scrunchie Pack,Hair Accessories,5,238.28,251.14,1211.45,Clearance Sale,56,12-02-2025,14-02-2025,96151900,18
12-02-2025,Clutch Purse,Handbags,5,2652.24,3839.66,13444.9,Clearance Sale,60,12-02-2025,19-02-2025,42022290,18
12-02-2025,Fabric Belt,Belts,5,1827.46,1706.57,9166.5,Clearance Sale,48,12-02-2025,15-02-2025,42033000,18
12-02-2025,Silk Scarf,Scarves,5,3035.99,1392.39,14914.7,No Promotion,0,12-02-2025,18-02-2025,62143000,12
12-02-2025,Digital Watch,Watches,5,7810.63,4206.07,39379.1,No Promotion,0,12-02-2025,14-02-2025,91021100,18
12-02-2025,Crossbody Bag,Handbags,4,3003.8,1893.29,11982.28,Seasonal Offer,19,12-02-2025,15-02-2025,42022290,18
12-02-2025,Clutch Purse,Handbags,3,4695.85,4903.74,14075.49,Flash Sale,40,12-02-2025,13-02-2025,42022290,18
12-02-2025,Leather Tote Bag,Handbags,4,2845.68,1422.03,11460.6,No Promotion,0,12-02-2025,19-02-2025,42022290,18
12-02-2025,Sports Watch,Watches,5,2218.41,2048.54,11005.6,Festival Sale,25,12-02-2025,13-02-2025,91021100,18
12-02-2025,Silver Bracelet,Jewelry,5,3009.49,2113.59,15046.55,Flash Sale,25,12-02-2025,16-02-2025,71131100,3
12-02-2025,Western Belt,Belts,2,987.97,644.36,1969.78,No Promotion,0,12-02-2025,15-02-2025,42033000,18
12-02-2025,Western Belt,Belts,1,1058.5,1116.08,1070.92,Clearance Sale,53,12-02-2025,17-02-2025,42033000,18
12-02-2025,Cat Eye Sunglasses,Sunglasses,5,3639.49,2395.42,17892.15,No Promotion,0,12-02-2025,13-02-2025,90041000,12
12-02-2025,Western Belt,Belts,4,1132.44,908.88,4601.44,Seasonal Offer,13,12-02-2025,13-02-2025,42033000,18
13-02-2025,Dress Watch,Watches,1,11292.01,5329.61,11206.72,No Promotion,0,13-02-2025,19-02-2025,91021100,18
13-02-2025,Round Frame,Sunglasses,1,2937.61,1495.75,2892.95,No Promotion,0,13-02-2025,18-02-2025,90041000,12
13-02-2025,Fabric Belt,Belts,1,1566.78,1137.58,1593.29,Festival Sale,16,13-02-2025,18-02-2025,42033000,18
13-02-2025,Scrunchie Pack,Hair Accessories,1,815.22,443.1,830.88,No Promotion,0,13-02-2025,18-02-2025,96151900,18
13-02-2025,Pearl Necklace,Jewelry,5,3974.77,2586.67,20007.4,Festival Sale,17,13-02-2025,19-02-2025,71131100,3
13-02-2025,Silk Scarf,Scarves,5,1918.25,864.55,9481.3,No Promotion,0,13-02-2025,18-02-2025,62143000,12
13-02-2025,Silver Bracelet,Jewelry,2,3365.51,1567.73,6673,No Promotion,0,13-02-2025,18-02-2025,71131100,3
13-02-2025,Turban,Hair Accessories,4,757.03,483.28,2989.6,No Promotion,0,13-02-2025,19-02-2025,96151900,18
13-02-2025,Sports Watch,Watches,1,3128.86,2798.05,3141.74,Festival Sale,20,13-02-2025,18-02-2025,91021100,18
13-02-2025,Chain Belt,Belts,5,1438.09,734.36,7051.2,No Promotion,0,13-02-2025,15-02-2025,42033000,18
13-02-2025,Backpack Purse,Handbags,3,6401.04,4846.48,19306.53,Seasonal Offer,16,13-02-2025,15-02-2025,42022290,18
13-02-2025,Cat Eye Sunglasses,Sunglasses,2,3470.66,2159.53,6857.56,Festival Sale,20,13-02-2025,14-02-2025,90041000,12
13-02-2025,Waist Belt,Belts,1,2923.13,1874.67,2940.68,Festival Sale,26,13-02-2025,17-02-2025,42033000,18
13-02-2025,Turban,Hair Accessories,3,503.69,795.63,1528.29,Clearance Sale,56,13-02-2025,15-02-2025,96151900,18
13-02-2025,Oversized Sunglasses,Sunglasses,2,2377.89,1341.1,4787.06,No Promotion,0,13-02-2025,18-02-2025,90041000,12
13-02-2025,Digital Watch,Watches,2,8076.68,5211.98,16354.4,No Promotion,0,13-02-2025,18-02-2025,91021100,18
13-02-2025,Silk Scarf,Scarves,9,2008.99,1440.14,18353.16,No Promotion,0,13-02-2025,14-02-2025,62143000,12
13-02-2025,Analog Watch,Watches,6,8938.69,4786.24,53925.6,Seasonal Offer,10,13-02-2025,15-02-2025,91021100,18
13-02-2025,Aviator Sunglasses,Sunglasses,7,2226.89,1222.9,15811.6,No Promotion,0,13-02-2025,20-02-2025,90041000,12
13-02-2025,Hair Pin Set,Hair Accessories,3,617.77,488.57,1853.13,Festival Sale,24,13-02-2025,16-02-2025,96151900,18
13-02-2025,Western Belt,Belts,5,3005.4,1565.48,15311.55,No Promotion,0,13-02-2025,16-02-2025,42033000,18
13-02-2025,Hair Clip Set,Hair Accessories,2,648.34,378.76,1300.26,No Promotion,0,13-02-2025,18-02-2025,96151900,18
14-02-2025,Pashmina Shawl,Scarves,16,1085.86,998.4,17061.12,Flash Sale,39,14-02-2025,16-02-2025,62143000,12
14-02-2025,Analog Watch,Watches,7,5317.72,3497.64,37435.44,Seasonal Offer,15,14-02-2025,20-02-2025,91021100,18
14-02-2025,Round Frame,Sunglasses,5,2021.45,997.48,10255.9,No Promotion,0,14-02-2025,20-02-2025,90041000,12
14-02-2025,Crossbody Bag,Handbags,5,5980.37,4135.2,30136.7,Festival Sale,30,14-02-2025,17-02-2025,42022290,18
14-02-2025,Crossbody Bag,Handbags,4,5399.91,4718.49,21350.88,Flash Sale,30,14-02-2025,20-02-2025,42022290,18
14-02-2025,Dress Watch,Watches,3,3029.13,1865.52,9155.64,Seasonal Offer,17,14-02-2025,19-02-2025,91021100,18
14-02-2025,Scrunchie Pack,Hair Accessories,4,409.73,289.37,1646.6,Flash Sale,33,14-02-2025,17-02-2025,96151900,18
14-02-2025,Scrunchie Pack,Hair Accessories,5,630.34,413.55,3115.7,Seasonal Offer,15,14-02-2025,20-02-2025,96151900,18
14-02-2025,Hair Pin Set,Hair Accessories,5,672.16,479.36,3393.3,Festival Sale,30,14-02-2025,17-02-2025,96151900,18
14-02-2025,Statement Necklace,Jewelry,3,4402.98,2504.68,13220.43,Seasonal Offer,18,14-02-2025,18-02-2025,71131100,3
14-02-2025,Waist Belt,Belts,6,3426.43,1903.54,20924.22,No Promotion,0,14-02-2025,20-02-2025,42033000,18
15-02-2025,Dress Watch,Watches,4,4991.77,3065.38,20230.84,No Promotion,0,15-02-2025,22-02-2025,91021100,18
15-02-2025,Clutch Purse,Handbags,6,3823.47,2355.64,23210.58,No Promotion,0,15-02-2025,21-02-2025,42022290,18
15-02-2025,Hair Clip Set,Hair Accessories,1,1249.92,714.86,1251.74,No Promotion,0,15-02-2025,19-02-2025,96151900,18
15-02-2025,Clutch Purse,Handbags,5,2356.16,1700.08,11631.45,Seasonal Offer,13,15-02-2025,20-02-2025,42022290,18
15-02-2025,Cotton Scarf,Scarves,6,471.69,602.95,2846.7,Clearance Sale,59,15-02-2025,18-02-2025,62143000,12
15-02-2025,Pashmina Shawl,Scarves,9,535.08,427.19,4838.85,Festival Sale,16,15-02-2025,18-02-2025,62143000,12
15-02-2025,Fabric Belt,Belts,5,3527.86,1897.84,17780.85,No Promotion,0,15-02-2025,18-02-2025,42033000,18
15-02-2025,Round Frame,Sunglasses,5,1188.06,937.73,5983.25,Festival Sale,19,15-02-2025,19-02-2025,90041000,12
15-02-2025,Winter Wool Scarf,Scarves,16,1038.63,907.23,16682.4,Seasonal Offer,18,15-02-2025,22-02-2025,62143000,12
15-02-2025,Leather Belt,Belts,7,1212.57,639.39,8354.5,Seasonal Offer,12,15-02-2025,22-02-2025,42033000,18
15-02-2025,Aviator Sunglasses,Sunglasses,8,2558.97,1791.16,20868.8,Festival Sale,15,15-02-2025,16-02-2025,90041000,12
15-02-2025,Aviator Sunglasses,Sunglasses,3,2578.53,1670.56,7697.22,No Promotion,0,15-02-2025,17-02-2025,90041000,12
15-02-2025,Hair Pin Set,Hair Accessories,3,1175.87,690.49,3473.73,Festival Sale,19,15-02-2025,22-02-2025,96151900,18
15-02-2025,Western Belt,Belts,3,1048.01,681.44,3154.5,No Promotion,0,15-02-2025,19-02-2025,42033000,18
15-02-2025,Waist Belt,Belts,6,1143.06,1401.67,6817.2,Clearance Sale,59,15-02-2025,18-02-2025,42033000,18
15-02-2025,Chain Belt,Belts,3,2766.51,1611.96,8271.18,No Promotion,0,15-02-2025,17-02-2025,42033000,18
15-02-2025,Scrunchie Pack,Hair Accessories,4,517.08,308.87,2081.76,No Promotion,0,15-02-2025,17-02-2025,96151900,18
15-02-2025,Aviator Sunglasses,Sunglasses,3,3116.11,1763.73,9485.91,No Promotion,0,15-02-2025,22-02-2025,90041000,12
17-02-2025,Statement Necklace,Jewelry,1,1608.23,939.5,1626.47,Festival Sale,20,17-02-2025,18-02-2025,71131100,3
17-02-2025,Printed Scarf,Scarves,3,1069.56,1078.71,3266.49,Clearance Sale,42,17-02-2025,21-02-2025,62143000,12
17-02-2025,Pearl Necklace,Jewelry,5,3506.66,2870.51,17349.6,Festival Sale,25,17-02-2025,24-02-2025,71131100,3
17-02-2025,Sports Sunglasses,Sunglasses,1,2475.99,2170.72,2472.75,Clearance Sale,42,17-02-2025,24-02-2025,90041000,12
17-02-2025,Western Belt,Belts,2,2625.17,1415.26,5191.04,Seasonal Offer,13,17-02-2025,18-02-2025,42033000,18
17-02-2025,Waist Belt,Belts,3,2240.37,1580.53,6777.99,Festival Sale,18,17-02-2025,23-02-2025,42033000,18
17-02-2025,Aviator Sunglasses,Sunglasses,3,2547.85,2223.3,7551.51,Festival Sale,21,17-02-2025,21-02-2025,90041000,12
17-02-2025,Aviator Sunglasses,Sunglasses,2,1750.02,1120.77,3526.96,Festival Sale,17,17-02-2025,23-02-2025,90041000,12
17-02-2025,Cat Eye Sunglasses,Sunglasses,2,1162.27,924.99,2360.3,Festival Sale,20,17-02-2025,20-02-2025,90041000,12
17-02-2025,Oversized Sunglasses,Sunglasses,2,3392.97,1864.92,6776.78,No Promotion,0,17-02-2025,21-02-2025,90041000,12
17-02-2025,Clutch Purse,Handbags,7,7067.06,4364,48603.73,No Promotion,0,17-02-2025,22-02-2025,42022290,18
17-02-2025,Charm Bracelet,Jewelry,7,2421.21,1985.03,17006.71,Festival Sale,17,17-02-2025,21-02-2025,71131100,3
17-02-2025,Scrunchie Pack,Hair Accessories,2,995.26,643.26,1989.3,No Promotion,0,17-02-2025,23-02-2025,96151900,18
17-02-2025,Analog Watch,Watches,2,4093.32,4931.09,8202.62,Clearance Sale,44,17-02-2025,22-02-2025,91021100,18
17-02-2025,Sports Watch,Watches,1,4948.09,4198.39,4956.53,Flash Sale,32,17-02-2025,24-02-2025,91021100,18
17-02-2025,Crossbody Bag,Handbags,3,3371.81,2828.63,10232.34,Festival Sale,29,17-02-2025,22-02-2025,42022290,18
17-02-2025,Leather Tote Bag,Handbags,1,2168.14,1830.62,2174.88,Clearance Sale,44,17-02-2025,24-02-2025,42022290,18
17-02-2025,Pearl Necklace,Jewelry,3,1300.16,1313.92,3900.96,Clearance Sale,45,17-02-2025,22-02-2025,71131100,3
18-02-2025,Clutch Purse,Handbags,3,6941.81,3820.1,20623.44,Seasonal Offer,10,18-02-2025,22-02-2025,42022290,18
18-02-2025,Sports Watch,Watches,3,11848,5888.26,36063.57,No Promotion,0,18-02-2025,19-02-2025,91021100,18
18-02-2025,Cotton Scarf,Scarves,3,2240.14,1044.81,6701.22,No Promotion,0,18-02-2025,20-02-2025,62143000,12
18-02-2025,Hair Clip Set,Hair Accessories,2,1022.66,733.55,2032.14,Festival Sale,17,18-02-2025,23-02-2025,96151900,18
18-02-2025,Aviator Sunglasses,Sunglasses,1,1810.96,1391.8,1819.49,Flash Sale,38,18-02-2025,23-02-2025,90041000,12
18-02-2025,Pashmina Shawl,Scarves,7,720.44,451.47,5033.21,Festival Sale,16,18-02-2025,23-02-2025,62143000,12
18-02-2025,Shoulder Bag,Handbags,4,2396.4,1459.85,9505.48,Flash Sale,25,18-02-2025,21-02-2025,42022290,18
18-02-2025,Leather Belt,Belts,3,479.52,627.58,1440.57,Clearance Sale,49,18-02-2025,23-02-2025,42033000,18
18-02-2025,Hair Pin Set,Hair Accessories,5,739.78,410.4,3723.7,No Promotion,0,18-02-2025,22-02-2025,96151900,18
18-02-2025,Smart Watch,Watches,1,9608.34,4828.88,9485.15,No Promotion,0,18-02-2025,23-02-2025,91021100,18
19-02-2025,Waist Belt,Belts,5,2104.78,1068.06,10322.1,No Promotion,0,19-02-2025,20-02-2025,42033000,18
19-02-2025,Pashmina Shawl,Scarves,5,907.24,1104.93,4588.2,Clearance Sale,59,19-02-2025,24-02-2025,62143000,12
19-02-2025,Cat Eye Sunglasses,Sunglasses,5,740.61,997.54,3646.25,Clearance Sale,52,19-02-2025,24-02-2025,90041000,12
19-02-2025,Leather Tote Bag,Handbags,6,6418.44,4430.42,38440.8,Festival Sale,17,19-02-2025,20-02-2025,42022290,18
19-02-2025,Waist Belt,Belts,2,2601.95,1860.29,5214.76,Festival Sale,27,19-02-2025,23-02-2025,42033000,18
19-02-2025,Backpack Purse,Handbags,4,2121.25,1509.67,8353.64,Flash Sale,30,19-02-2025,22-02-2025,42022290,18
19-02-2025,Sports Sunglasses,Sunglasses,1,3042.52,1801.14,2993.39,No Promotion,0,19-02-2025,24-02-2025,90041000,12
19-02-2025,Waist Belt,Belts,1,1903.29,1398.91,1920.76,Seasonal Offer,11,19-02-2025,20-02-2025,42033000,18
19-02-2025,Printed Scarf,Scarves,3,828.6,560.59,2499.96,No Promotion,0,19-02-2025,20-02-2025,62143000,12
19-02-2025,Pearl Necklace,Jewelry,3,3096.35,2271.03,9160.11,Festival Sale,21,19-02-2025,26-02-2025,71131100,3
20-02-2025,Fabric Belt,Belts,6,812.27,656.23,4875.42,Seasonal Offer,13,20-02-2025,23-02-2025,42033000,18
20-02-2025,Scrunchie Pack,Hair Accessories,1,878.63,539.29,886.14,No Promotion,0,20-02-2025,22-02-2025,96151900,18
20-02-2025,Gold Plated Earrings,Jewelry,1,1857.71,1917.96,1823.99,Clearance Sale,48,20-02-2025,25-02-2025,71131100,3
20-02-2025,Hair Clip Set,Hair Accessories,2,482.48,293.56,976,Seasonal Offer,17,20-02-2025,21-02-2025,96151900,18
20-02-2025,Hair Clip Set,Hair Accessories,4,446.61,215.63,1778.6,No Promotion,0,20-02-2025,21-02-2025,96151900,18
20-02-2025,Turban,Hair Accessories,3,304.75,360.15,916.89,Clearance Sale,41,20-02-2025,27-02-2025,96151900,18
20-02-2025,Cat Eye Sunglasses,Sunglasses,1,1199.9,1784.9,1202.24,Clearance Sale,55,20-02-2025,25-02-2025,90041000,12
20-02-2025,Chain Belt,Belts,4,1059.05,671.58,4304.04,No Promotion,0,20-02-2025,23-02-2025,42033000,18
20-02-2025,Sports Watch,Watches,1,4912.32,5596.79,4960.51,Clearance Sale,48,20-02-2025,27-02-2025,91021100,18
20-02-2025,Leather Tote Bag,Handbags,3,2394.47,1648.86,7280.4,No Promotion,0,20-02-2025,26-02-2025,42022290,18
21-02-2025,Round Frame,Sunglasses,4,4397.56,2363.36,17416.32,No Promotion,0,21-02-2025,27-02-2025,90041000,12
21-02-2025,Hair Clip Set,Hair Accessories,4,732.97,529.63,2908.88,Festival Sale,18,21-02-2025,28-02-2025,96151900,18
21-02-2025,Printed Scarf,Scarves,1,2284.02,1360.58,2257.46,No Promotion,0,21-02-2025,25-02-2025,62143000,12
21-02-2025,Digital Watch,Watches,3,10954.31,5738.86,32603.07,No Promotion,0,21-02-2025,27-02-2025,91021100,18
21-02-2025,Sports Sunglasses,Sunglasses,8,1644.57,1323.01,13354.88,Seasonal Offer,10,21-02-2025,28-02-2025,90041000,12
21-02-2025,Cat Eye Sunglasses,Sunglasses,11,1469.17,984.91,15857.27,No Promotion,0,21-02-2025,22-02-2025,90041000,12
21-02-2025,Shoulder Bag,Handbags,1,3893.88,2462.15,3943.01,Festival Sale,23,21-02-2025,27-02-2025,42022290,18
21-02-2025,Pearl Necklace,Jewelry,2,1760.24,2792.16,3541.66,Clearance Sale,59,21-02-2025,24-02-2025,71131100,3
21-02-2025,Hair Clip Set,Hair Accessories,5,253.41,341.38,1256.65,Clearance Sale,53,21-02-2025,26-02-2025,96151900,18
21-02-2025,Cotton Scarf,Scarves,13,1148.82,622.82,15152.54,No Promotion,0,21-02-2025,26-02-2025,62143000,12
21-02-2025,Silver Bracelet,Jewelry,2,2233.83,1371.71,4527.32,No Promotion,0,21-02-2025,25-02-2025,71131100,3
21-02-2025,Cat Eye Sunglasses,Sunglasses,5,3318.72,2138.29,16347.35,Seasonal Offer,13,21-02-2025,28-02-2025,90041000,12
21-02-2025,Silk Scarf,Scarves,10,414.45,402.66,4172.5,Festival Sale,28,21-02-2025,23-02-2025,62143000,12
21-02-2025,Cat Eye Sunglasses,Sunglasses,4,2986.65,1674.32,11868,No Promotion,0,21-02-2025,28-02-2025,90041000,12
21-02-2025,Hair Clip Set,Hair Accessories,3,750.88,446.73,2220.78,No Promotion,0,21-02-2025,27-02-2025,96151900,18
21-02-2025,Hair Clip Set,Hair Accessories,2,990.7,567.91,1944.6,No Promotion,0,21-02-2025,28-02-2025,96151900,18
21-02-2025,Hair Pin Set,Hair Accessories,3,951.76,754.42,2888.76,Flash Sale,39,21-02-2025,28-02-2025,96151900,18
21-02-2025,Cat Eye Sunglasses,Sunglasses,3,4146.66,1922.87,12630.48,No Promotion,0,21-02-2025,24-02-2025,90041000,12
21-02-2025,Charm Bracelet,Jewelry,3,2831.91,1980.59,8414.7,Festival Sale,19,21-02-2025,28-02-2025,71131100,3
21-02-2025,Sports Watch,Watches,9,4068.06,5020.84,37074.96,Clearance Sale,49,21-02-2025,28-02-2025,91021100,18
22-02-2025,Dress Watch,Watches,4,9373.52,4431.03,37374.2,No Promotion,0,22-02-2025,01-03-2025,91021100,18
22-02-2025,Charm Bracelet,Jewelry,9,3562.98,2055.32,32024.97,Festival Sale,15,22-02-2025,01-03-2025,71131100,3
22-02-2025,Round Frame,Sunglasses,7,1413.5,926.57,9870.84,Festival Sale,30,22-02-2025,24-02-2025,90041000,12
22-02-2025,Pearl Necklace,Jewelry,1,3179.63,2398.36,3160.69,Flash Sale,36,22-02-2025,27-02-2025,71131100,3
22-02-2025,Round Frame,Sunglasses,4,3183.26,2221.97,12556.8,Festival Sale,29,22-02-2025,28-02-2025,90041000,12
22-02-2025,Aviator Sunglasses,Sunglasses,3,1874.74,1066.76,5676.03,No Promotion,0,22-02-2025,27-02-2025,90041000,12
22-02-2025,Charm Bracelet,Jewelry,4,1237.8,840.18,4940.28,No Promotion,0,22-02-2025,25-02-2025,71131100,3
22-02-2025,Hair Pin Set,Hair Accessories,3,1190,691.38,3593.46,No Promotion,0,22-02-2025,28-02-2025,96151900,18
22-02-2025,Leather Belt,Belts,4,2738.49,1943.24,11033.96,Festival Sale,18,22-02-2025,28-02-2025,42033000,18
22-02-2025,Scrunchie Pack,Hair Accessories,6,1309.58,736.82,8011.14,No Promotion,0,22-02-2025,27-02-2025,96151900,18
22-02-2025,Printed Scarf,Scarves,7,1373.09,1217.84,9573.55,Festival Sale,29,22-02-2025,01-03-2025,62143000,12
22-02-2025,Leather Belt,Belts,6,1063.78,1115.94,6264.3,Clearance Sale,54,22-02-2025,27-02-2025,42033000,18
22-02-2025,Digital Watch,Watches,1,4896.86,2805.57,4846.22,No Promotion,0,22-02-2025,27-02-2025,91021100,18
22-02-2025,Headband,Hair Accessories,1,756.82,509.6,764.69,Festival Sale,18,22-02-2025,27-02-2025,96151900,18
22-02-2025,Waist Belt,Belts,3,1367.07,814.87,4066.05,No Promotion,0,22-02-2025,26-02-2025,42033000,18
22-02-2025,Analog Watch,Watches,4,4591.63,2881.39,18516.64,No Promotion,0,22-02-2025,25-02-2025,91021100,18
22-02-2025,Chain Belt,Belts,2,1196.5,1457.56,2368.96,Clearance Sale,51,22-02-2025,28-02-2025,42033000,18
22-02-2025,Cat Eye Sunglasses,Sunglasses,8,3007.98,2430.75,23726.96,Seasonal Offer,19,22-02-2025,26-02-2025,90041000,12
22-02-2025,Winter Wool Scarf,Scarves,10,1402.99,1159.53,14123.5,Festival Sale,17,22-02-2025,25-02-2025,62143000,12
22-02-2025,Pashmina Shawl,Scarves,2,1810.19,1277.05,3693.94,No Promotion,0,22-02-2025,28-02-2025,62143000,12
24-02-2025,Aviator Sunglasses,Sunglasses,5,1366.89,1312.15,6888.15,Clearance Sale,45,24-02-2025,01-03-2025,90041000,12
24-02-2025,Western Belt,Belts,2,2640.02,1228.23,5342.9,No Promotion,0,24-02-2025,26-02-2025,42033000,18
24-02-2025,Statement Necklace,Jewelry,2,2754.91,1792.25,5483.8,Flash Sale,27,24-02-2025,27-02-2025,71131100,3
24-02-2025,Chain Belt,Belts,3,1834.92,923.08,5551.38,No Promotion,0,24-02-2025,26-02-2025,42033000,18
24-02-2025,Silk Scarf,Scarves,3,600.34,639.74,1835.07,Clearance Sale,47,24-02-2025,27-02-2025,62143000,12
24-02-2025,Gold Plated Earrings,Jewelry,1,1429.45,1559.26,1427.66,Clearance Sale,53,24-02-2025,02-03-2025,71131100,3
24-02-2025,Clutch Purse,Handbags,1,6417.02,3170.85,6322.27,No Promotion,0,24-02-2025,27-02-2025,42022290,18
24-02-2025,Charm Bracelet,Jewelry,6,3750.48,2170.58,22546.74,Seasonal Offer,15,24-02-2025,02-03-2025,71131100,3
24-02-2025,Printed Scarf,Scarves,3,1823.88,1137.99,5498.85,Festival Sale,20,24-02-2025,01-03-2025,62143000,12
24-02-2025,Leather Tote Bag,Handbags,3,3027.96,2174.4,9202.2,No Promotion,0,24-02-2025,26-02-2025,42022290,18
24-02-2025,Pearl Necklace,Jewelry,3,5306.27,2988.59,15990.84,Seasonal Offer,12,24-02-2025,03-03-2025,71131100,3
24-02-2025,Scrunchie Pack,Hair Accessories,4,715.87,497.06,2882.96,No Promotion,0,24-02-2025,02-03-2025,96151900,18
24-02-2025,Winter Wool Scarf,Scarves,7,986.94,737.58,6774.46,Seasonal Offer,17,24-02-2025,27-02-2025,62143000,12
24-02-2025,Pashmina Shawl,Scarves,1,979.18,794.26,997.92,Festival Sale,27,24-02-2025,03-03-2025,62143000,12
24-02-2025,Fabric Belt,Belts,1,2434.5,1278.91,2460.2,No Promotion,0,24-02-2025,25-02-2025,42033000,18
24-02-2025,Turban,Hair Accessories,4,1091.5,692.12,4442.64,Flash Sale,27,24-02-2025,26-02-2025,96151900,18
24-02-2025,Digital Watch,Watches,2,11129.32,5392.82,21944.9,No Promotion,0,24-02-2025,02-03-2025,91021100,18
24-02-2025,Scrunchie Pack,Hair Accessories,3,779.29,431.99,2345.64,No Promotion,0,24-02-2025,25-02-2025,96151900,18
24-02-2025,Cat Eye Sunglasses,Sunglasses,4,4020.54,1905.75,15893.8,No Promotion,0,24-02-2025,26-02-2025,90041000,12
24-02-2025,Crossbody Bag,Handbags,3,5766.08,2659.13,17166.3,No Promotion,0,24-02-2025,02-03-2025,42022290,18
24-02-2025,Sports Watch,Watches,2,3636.66,2524.12,7150.88,No Promotion,0,24-02-2025,26-02-2025,91021100,18
24-02-2025,Aviator Sunglasses,Sunglasses,2,1983.95,2411.38,4044.96,Clearance Sale,52,24-02-2025,01-03-2025,90041000,12
24-02-2025,Hair Pin Set,Hair Accessories,5,885.05,748.69,4477.65,Festival Sale,30,24-02-2025,28-02-2025,96151900,18
24-02-2025,Waist Belt,Belts,2,2724.48,1700.35,5405.28,Festival Sale,19,24-02-2025,27-02-2025,42033000,18
24-02-2025,Cotton Scarf,Scarves,9,1893.27,928.35,16981.56,No Promotion,0,24-02-2025,27-02-2025,62143000,12
25-02-2025,Waist Belt,Belts,6,1429.9,682.57,8513.1,No Promotion,0,25-02-2025,27-02-2025,42033000,18
25-02-2025,Chain Belt,Belts,4,566.27,689.39,2258.28,Clearance Sale,60,25-02-2025,04-03-2025,42033000,18
25-02-2025,Scrunchie Pack,Hair Accessories,5,234.34,394.39,1167.9,Clearance Sale,58,25-02-2025,03-03-2025,96151900,18
25-02-2025,Charm Bracelet,Jewelry,3,1997.02,2452.23,5889.15,Clearance Sale,53,25-02-2025,27-02-2025,71131100,3
25-02-2025,Cotton Scarf,Scarves,5,630.41,435.58,3099.8,No Promotion,0,25-02-2025,27-02-2025,62143000,12
25-02-2025,Smart Watch,Watches,2,7051.98,4448.09,14369.52,Festival Sale,24,25-02-2025,04-03-2025,91021100,18
25-02-2025,Fabric Belt,Belts,2,889.26,632.66,1784.68,Festival Sale,23,25-02-2025,04-03-2025,42033000,18
25-02-2025,Leather Tote Bag,Handbags,5,4535.62,2661.08,22668.5,No Promotion,0,25-02-2025,03-03-2025,42022290,18
25-02-2025,Analog Watch,Watches,5,2152.41,1539.93,10823.55,No Promotion,0,25-02-2025,27-02-2025,91021100,18
25-02-2025,Cotton Scarf,Scarves,3,2552.15,1452.77,7796.94,No Promotion,0,25-02-2025,03-03-2025,62143000,12
25-02-2025,Turban,Hair Accessories,9,597.7,398.67,5385.24,No Promotion,0,25-02-2025,03-03-2025,96151900,18
25-02-2025,Waist Belt,Belts,2,2747.35,1835.53,5392.1,No Promotion,0,25-02-2025,01-03-2025,42033000,18
25-02-2025,Crossbody Bag,Handbags,3,5416.64,3337.1,16532.82,No Promotion,0,25-02-2025,03-03-2025,42022290,18
25-02-2025,Winter Wool Scarf,Scarves,7,1091.49,604.34,7544.88,Seasonal Offer,11,25-02-2025,27-02-2025,62143000,12
25-02-2025,Aviator Sunglasses,Sunglasses,2,726.57,1162.41,1471.04,Clearance Sale,60,25-02-2025,02-03-2025,90041000,12
25-02-2025,Digital Watch,Watches,1,7231.7,5847.83,7209.55,Festival Sale,28,25-02-2025,02-03-2025,91021100,18
25-02-2025,Leather Tote Bag,Handbags,3,1586.88,1582.07,4782.24,Clearance Sale,48,25-02-2025,03-03-2025,42022290,18
25-02-2025,Chain Belt,Belts,3,1082.69,844.51,3267.81,Festival Sale,20,25-02-2025,26-02-2025,42033000,18
25-02-2025,Statement Necklace,Jewelry,7,4528.73,2610.9,31238.27,No Promotion,0,25-02-2025,03-03-2025,71131100,3
25-02-2025,Oversized Sunglasses,Sunglasses,1,1543.7,2328.86,1515.01,Clearance Sale,59,25-02-2025,26-02-2025,90041000,12
25-02-2025,Chain Belt,Belts,3,3292.36,1697.48,9922.05,No Promotion,0,25-02-2025,02-03-2025,42033000,18
25-02-2025,Hair Clip Set,Hair Accessories,5,781.35,606.64,3884.95,Festival Sale,19,25-02-2025,28-02-2025,96151900,18
25-02-2025,Scrunchie Pack,Hair Accessories,5,539.72,244.77,2692.5,No Promotion,0,25-02-2025,28-02-2025,96151900,18
25-02-2025,Smart Watch,Watches,3,6188.31,3133.25,18884.52,No Promotion,0,25-02-2025,03-03-2025,91021100,18
26-02-2025,Dress Watch,Watches,6,7568.9,5967.77,46262.46,Festival Sale,26,26-02-2025,01-03-2025,91021100,18
26-02-2025,Winter Wool Scarf,Scarves,1,1666.08,1082.58,1648.06,Flash Sale,27,26-02-2025,01-03-2025,62143000,12
26-02-2025,Charm Bracelet,Jewelry,5,3515.57,2885.76,17652.3,Festival Sale,21,26-02-2025,02-03-2025,71131100,3
26-02-2025,Chain Belt,Belts,1,761.54,1062.64,767.45,Clearance Sale,53,26-02-2025,04-03-2025,42033000,18
26-02-2025,Shoulder Bag,Handbags,1,2866.16,1646.5,2811.55,No Promotion,0,26-02-2025,02-03-2025,42022290,18
26-02-2025,Smart Watch,Watches,2,2564.41,1524.83,5215.34,No Promotion,0,26-02-2025,27-02-2025,91021100,18
26-02-2025,Backpack Purse,Handbags,2,1704.53,1696.33,3440.84,Flash Sale,32,26-02-2025,28-02-2025,42022290,18
26-02-2025,Winter Wool Scarf,Scarves,3,1926.58,1300.44,5698.41,No Promotion,0,26-02-2025,01-03-2025,62143000,12
26-02-2025,Scrunchie Pack,Hair Accessories,5,1059.82,794.17,5317.2,Festival Sale,16,26-02-2025,27-02-2025,96151900,18
27-02-2025,Printed Scarf,Scarves,5,438.26,426.54,2183.95,Flash Sale,39,27-02-2025,05-03-2025,62143000,12
27-02-2025,Turban,Hair Accessories,6,417.2,615.74,2549.28,Clearance Sale,51,27-02-2025,05-03-2025,96151900,18
27-02-2025,Printed Scarf,Scarves,3,992.67,882.65,2928.78,Clearance Sale,42,27-02-2025,01-03-2025,62143000,12
27-02-2025,Aviator Sunglasses,Sunglasses,1,2421.23,1355.97,2456.91,No Promotion,0,27-02-2025,05-03-2025,90041000,12
27-02-2025,Hair Pin Set,Hair Accessories,1,894.16,798.86,904.53,Clearance Sale,46,27-02-2025,05-03-2025,96151900,18
27-02-2025,Fabric Belt,Belts,5,1314.44,744.77,6663.7,No Promotion,0,27-02-2025,28-02-2025,42033000,18
27-02-2025,Silk Scarf,Scarves,3,2403.65,1326.5,7211.67,Seasonal Offer,13,27-02-2025,02-03-2025,62143000,12
27-02-2025,Statement Necklace,Jewelry,2,3854.55,1960.4,7612.62,No Promotion,0,27-02-2025,02-03-2025,71131100,3
27-02-2025,Western Belt,Belts,4,1266.5,856.42,5113.68,Flash Sale,28,27-02-2025,02-03-2025,42033000,18
27-02-2025,Winter Wool Scarf,Scarves,1,2008.35,1114.43,2037.5,No Promotion,0,27-02-2025,01-03-2025,62143000,12
27-02-2025,Oversized Sunglasses,Sunglasses,5,2374.7,1684.91,11916.45,Festival Sale,24,27-02-2025,06-03-2025,90041000,12
27-02-2025,Oversized Sunglasses,Sunglasses,2,1558.33,1021.89,3057.74,No Promotion,0,27-02-2025,03-03-2025,90041000,12
27-02-2025,Cotton Scarf,Scarves,7,1617.33,1474.15,11547.13,Flash Sale,33,27-02-2025,03-03-2025,62143000,12
27-02-2025,Fabric Belt,Belts,2,2442.24,1759.75,4883.7,Seasonal Offer,11,27-02-2025,28-02-2025,42033000,18
27-02-2025,Statement Necklace,Jewelry,3,2274.08,2574.12,6776.34,Clearance Sale,48,27-02-2025,06-03-2025,71131100,3
27-02-2025,Aviator Sunglasses,Sunglasses,3,2633.65,2143.27,7805.19,Festival Sale,18,27-02-2025,04-03-2025,90041000,12
27-02-2025,Sports Watch,Watches,3,5694.56,5587.52,16917.09,Clearance Sale,41,27-02-2025,02-03-2025,91021100,18
27-02-2025,Scrunchie Pack,Hair Accessories,6,390.18,308.8,2381.64,Festival Sale,21,27-02-2025,04-03-2025,96151900,18
27-02-2025,Pearl Necklace,Jewelry,4,3291.83,2398.18,13187.44,Flash Sale,25,27-02-2025,04-03-2025,71131100,3
27-02-2025,Sports Sunglasses,Sunglasses,1,5072.44,2462.23,5159.38,No Promotion,0,27-02-2025,01-03-2025,90041000,12
27-02-2025,Silver Bracelet,Jewelry,3,3273.32,1950.86,9773.1,Festival Sale,18,27-02-2025,05-03-2025,71131100,3
27-02-2025,Backpack Purse,Handbags,7,7726.78,4798.42,55018.32,No Promotion,0,27-02-2025,05-03-2025,42022290,18
27-02-2025,Sports Watch,Watches,5,2126.52,1752.49,10828.2,Festival Sale,27,27-02-2025,02-03-2025,91021100,18
28-02-2025,Silk Scarf,Scarves,7,1822.62,983.39,12858.09,No Promotion,0,28-02-2025,01-03-2025,62143000,12
28-02-2025,Hair Clip Set,Hair Accessories,7,1205.67,649.76,8294.09,No Promotion,0,28-02-2025,07-03-2025,96151900,18
28-02-2025,Waist Belt,Belts,8,1301.83,1147.11,10327.92,Flash Sale,30,28-02-2025,07-03-2025,42033000,18
28-02-2025,Cat Eye Sunglasses,Sunglasses,5,3032.97,2065.71,15471.8,No Promotion,0,28-02-2025,06-03-2025,90041000,12
28-02-2025,Hair Clip Set,Hair Accessories,5,1056.42,618.54,5328,Seasonal Offer,15,28-02-2025,06-03-2025,96151900,18
28-02-2025,Aviator Sunglasses,Sunglasses,7,3693.89,2363.38,26366.13,No Promotion,0,28-02-2025,03-03-2025,90041000,12
28-02-2025,Shoulder Bag,Handbags,5,2217.27,1795.19,11178.3,Festival Sale,23,28-02-2025,07-03-2025,42022290,18
28-02-2025,Gold Plated Earrings,Jewelry,7,5318.97,2932.59,36958.6,Seasonal Offer,16,28-02-2025,01-03-2025,71131100,3
28-02-2025,Printed Scarf,Scarves,1,1073.67,1336.45,1062.63,Clearance Sale,57,28-02-2025,02-03-2025,62143000,12
28-02-2025,Charm Bracelet,Jewelry,3,4212.34,1909.27,12485.16,No Promotion,0,28-02-2025,03-03-2025,71131100,3
28-02-2025,Clutch Purse,Handbags,7,5669.34,3128.41,39045.09,Seasonal Offer,16,28-02-2025,02-03-2025,42022290,18
28-02-2025,Silk Scarf,Scarves,8,1560.32,987.5,12549.92,Seasonal Offer,19,28-02-2025,05-03-2025,62143000,12
28-02-2025,Statement Necklace,Jewelry,8,3911.91,2556.48,30847.84,No Promotion,0,28-02-2025,02-03-2025,71131100,3
28-02-2025,Clutch Purse,Handbags,2,4990.81,3610.92,9891.54,Flash Sale,31,28-02-2025,06-03-2025,42022290,18
28-02-2025,Digital Watch,Watches,3,3066.53,2809.14,9185.73,Festival Sale,26,28-02-2025,07-03-2025,91021100,18
28-02-2025,Round Frame,Sunglasses,3,2566.27,1965.64,7561.32,Seasonal Offer,10,28-02-2025,02-03-2025,90041000,12
28-02-2025,Aviator Sunglasses,Sunglasses,3,2605.97,1567.18,7680.36,No Promotion,0,28-02-2025,04-03-2025,90041000,12
28-02-2025,Scrunchie Pack,Hair Accessories,2,439.34,338.39,864.92,Festival Sale,29,28-02-2025,02-03-2025,96151900,18
01-03-2025,Dress Watch,Watches,9,3667.08,3912.45,33401.52,Festival Sale,33,01-03-2025,07-03-2025,91021100,18
01-03-2025,Hair Clip Set,Hair Accessories,3,315.25,262.41,956.94,Festival Sale,32,01-03-2025,08-03-2025,96151900,18
01-03-2025,Cotton Scarf,Scarves,4,1155.69,847.13,4549.8,Festival Sale,26,01-03-2025,07-03-2025,62143000,12
01-03-2025,Western Belt,Belts,2,1764.61,1214.97,3543.7,Festival Sale,33,01-03-2025,02-03-2025,42033000,18
01-03-2025,Leather Belt,Belts,1,1594.05,1374.02,1575.31,Festival Sale,27,01-03-2025,07-03-2025,42033000,18
01-03-2025,Crossbody Bag,Handbags,3,3425.85,3034.09,10201.26,Festival Sale,27,01-03-2025,06-03-2025,42022290,18
01-03-2025,Fabric Belt,Belts,7,810.13,716.84,5612.04,Festival Sale,26,01-03-2025,06-03-2025,42033000,18
01-03-2025,Backpack Purse,Handbags,5,2566.41,2261.22,13079.9,Festival Sale,30,01-03-2025,02-03-2025,42022290,18
01-03-2025,Backpack Purse,Handbags,1,2238.84,1514.43,2245.13,Festival Sale,24,01-03-2025,03-03-2025,42022290,18
01-03-2025,Smart Watch,Watches,7,4938.36,3868.28,34081.74,Festival Sale,22,01-03-2025,02-03-2025,91021100,18
01-03-2025,Gold Plated Earrings,Jewelry,4,1389.23,894.06,5559.16,Festival Sale,28,01-03-2025,02-03-2025,71131100,3
01-03-2025,Smart Watch,Watches,4,3485.41,2286.08,13836.4,Festival Sale,27,01-03-2025,03-03-2025,91021100,18
01-03-2025,Backpack Purse,Handbags,8,3987.99,2751.92,31580.56,Festival Sale,32,01-03-2025,05-03-2025,42022290,18
01-03-2025,Leather Tote Bag,Handbags,9,2028.36,1627.75,18536.4,Festival Sale,25,01-03-2025,03-03-2025,42022290,18
01-03-2025,Silk Scarf,Scarves,4,1271.63,1010.06,5157.56,Festival Sale,28,01-03-2025,03-03-2025,62143000,12
01-03-2025,Sports Sunglasses,Sunglasses,2,1540.48,1326.01,3053.54,Festival Sale,33,01-03-2025,07-03-2025,90041000,12
01-03-2025,Pearl Necklace,Jewelry,5,2180.89,1387.97,11102.25,Festival Sale,20,01-03-2025,05-03-2025,71131100,3
01-03-2025,Round Frame,Sunglasses,10,2724.75,2030.96,27420.9,Festival Sale,22,01-03-2025,02-03-2025,90041000,12
01-03-2025,Western Belt,Belts,4,751.98,666.04,2958.44,Festival Sale,29,01-03-2025,03-03-2025,42033000,18
03-03-2025,Pearl Necklace,Jewelry,1,1106.02,993.66,1102.74,Festival Sale,27,03-03-2025,07-03-2025,71131100,3
03-03-2025,Waist Belt,Belts,2,1120.99,917.87,2205.76,Festival Sale,34,03-03-2025,06-03-2025,42033000,18
03-03-2025,Leather Tote Bag,Handbags,2,6167.98,4667.58,12430.72,Festival Sale,33,03-03-2025,06-03-2025,42022290,18
03-03-2025,Turban,Hair Accessories,2,624.08,522.95,1241.38,Festival Sale,26,03-03-2025,05-03-2025,96151900,18
03-03-2025,Leather Belt,Belts,4,2649.98,1841.13,10691.12,Festival Sale,20,03-03-2025,08-03-2025,42033000,18
03-03-2025,Cat Eye Sunglasses,Sunglasses,9,1079.43,1179.67,9868.41,Festival Sale,34,03-03-2025,06-03-2025,90041000,12
03-03-2025,Statement Necklace,Jewelry,2,3238.38,2973.72,6352.08,Festival Sale,33,03-03-2025,10-03-2025,71131100,3
03-03-2025,Analog Watch,Watches,3,5561.76,4350.75,16904.19,Festival Sale,32,03-03-2025,06-03-2025,91021100,18
03-03-2025,Sports Sunglasses,Sunglasses,6,1631.83,1458.7,9914.52,Festival Sale,28,03-03-2025,04-03-2025,90041000,12
03-03-2025,Western Belt,Belts,1,1633.2,1374.2,1611.16,Festival Sale,28,03-03-2025,08-03-2025,42033000,18
03-03-2025,Smart Watch,Watches,2,6626.82,4948.82,13095.32,Festival Sale,34,03-03-2025,05-03-2025,91021100,18
03-03-2025,Dress Watch,Watches,3,4715.52,3746.8,13881.24,Festival Sale,20,03-03-2025,04-03-2025,91021100,18
03-03-2025,Leather Belt,Belts,3,1494.61,925.1,4561.98,Festival Sale,24,03-03-2025,10-03-2025,42033000,18
03-03-2025,Hair Clip Set,Hair Accessories,7,640.52,604.76,4557.63,Festival Sale,33,03-03-2025,05-03-2025,96151900,18
03-03-2025,Crossbody Bag,Handbags,7,4186.76,3735.33,29367.59,Festival Sale,32,03-03-2025,10-03-2025,42022290,18
03-03-2025,Leather Belt,Belts,5,1832.77,1355.29,9130.35,Festival Sale,32,03-03-2025,08-03-2025,42033000,18
03-03-2025,Clutch Purse,Handbags,3,2423.57,1727.47,7407.6,Festival Sale,23,03-03-2025,06-03-2025,42022290,18
03-03-2025,Round Frame,Sunglasses,4,2878.29,1728.77,11672.64,Festival Sale,20,03-03-2025,06-03-2025,90041000,12
04-03-2025,Winter Wool Scarf,Scarves,5,2103.48,1280.46,10432.55,Festival Sale,21,04-03-2025,11-03-2025,62143000,12
04-03-2025,Digital Watch,Watches,9,6561.76,4177.08,58660.38,Festival Sale,26,04-03-2025,05-03-2025,91021100,18
04-03-2025,Cotton Scarf,Scarves,2,794.5,769.57,1615.52,Festival Sale,27,04-03-2025,10-03-2025,62143000,12
04-03-2025,Headband,Hair Accessories,3,443.44,260.89,1307.73,Festival Sale,20,04-03-2025,09-03-2025,96151900,18
04-03-2025,Western Belt,Belts,1,1265.74,1188.96,1278.28,Festival Sale,24,04-03-2025,11-03-2025,42033000,18
04-03-2025,Cotton Scarf,Scarves,2,1531.05,1451.61,3015.4,Festival Sale,31,04-03-2025,10-03-2025,62143000,12
04-03-2025,Hair Clip Set,Hair Accessories,5,1122.22,724.7,5517.75,Festival Sale,24,04-03-2025,08-03-2025,96151900,18
04-03-2025,Leather Tote Bag,Handbags,2,6743.04,4606.31,13491.44,Festival Sale,22,04-03-2025,07-03-2025,42022290,18
04-03-2025,Hair Clip Set,Hair Accessories,2,1092.71,759.86,2193.14,Festival Sale,24,04-03-2025,09-03-2025,96151900,18
04-03-2025,Digital Watch,Watches,2,5269.69,4465.35,10633.74,Festival Sale,22,04-03-2025,10-03-2025,91021100,18
05-03-2025,Charm Bracelet,Jewelry,2,2441.65,2520.17,4823.98,Festival Sale,32,05-03-2025,10-03-2025,71131100,3
05-03-2025,Crossbody Bag,Handbags,3,5905.38,3714.05,17933.79,Festival Sale,21,05-03-2025,10-03-2025,42022290,18
05-03-2025,Aviator Sunglasses,Sunglasses,6,2952.69,2157.56,17630.04,Festival Sale,21,05-03-2025,12-03-2025,90041000,12
05-03-2025,Digital Watch,Watches,6,2595.02,1569.47,15528.42,Festival Sale,25,05-03-2025,09-03-2025,91021100,18
05-03-2025,Cat Eye Sunglasses,Sunglasses,3,2178.16,1464.71,6600.78,Festival Sale,29,05-03-2025,06-03-2025,90041000,12
05-03-2025,Leather Belt,Belts,3,1200.62,1052.21,3533.58,Festival Sale,33,05-03-2025,07-03-2025,42033000,18
05-03-2025,Silver Bracelet,Jewelry,2,4378.16,2910.34,8636.68,Festival Sale,23,05-03-2025,06-03-2025,71131100,3
05-03-2025,Charm Bracelet,Jewelry,3,4345.33,2655.93,13290.9,Festival Sale,21,05-03-2025,06-03-2025,71131100,3
05-03-2025,Western Belt,Belts,3,975.31,831.32,2935.05,Festival Sale,21,05-03-2025,08-03-2025,42033000,18
05-03-2025,Scrunchie Pack,Hair Accessories,7,788.34,558.92,5549.67,Festival Sale,25,05-03-2025,08-03-2025,96151900,18
05-03-2025,Sports Watch,Watches,4,5239.58,4110.43,20642.24,Festival Sale,30,05-03-2025,08-03-2025,91021100,18
06-03-2025,Sports Sunglasses,Sunglasses,1,1212.9,1224.75,1224.43,Festival Sale,31,06-03-2025,08-03-2025,90041000,12
06-03-2025,Analog Watch,Watches,4,8485.35,5535.52,33277.92,Festival Sale,21,06-03-2025,07-03-2025,91021100,18
06-03-2025,Printed Scarf,Scarves,2,1532.64,1481.78,3102.5,Festival Sale,32,06-03-2025,08-03-2025,62143000,12
06-03-2025,Headband,Hair Accessories,1,304.8,272.15,307.95,Festival Sale,32,06-03-2025,11-03-2025,96151900,18
06-03-2025,Turban,Hair Accessories,3,519.13,368.21,1547.1,Festival Sale,26,06-03-2025,09-03-2025,96151900,18
06-03-2025,Statement Necklace,Jewelry,2,3414.62,2794.5,6923.1,Festival Sale,30,06-03-2025,07-03-2025,71131100,3
06-03-2025,Sports Sunglasses,Sunglasses,9,2659.14,2069.67,23565.78,Festival Sale,31,06-03-2025,10-03-2025,90041000,12
06-03-2025,Sports Sunglasses,Sunglasses,7,3686.91,2381.14,26217.45,Festival Sale,26,06-03-2025,08-03-2025,90041000,12
06-03-2025,Fabric Belt,Belts,5,1411.4,821.12,6923.15,Festival Sale,20,06-03-2025,10-03-2025,42033000,18
06-03-2025,Cotton Scarf,Scarves,1,898.91,646.42,885.64,Festival Sale,30,06-03-2025,09-03-2025,62143000,12
06-03-2025,Digital Watch,Watches,4,4207.7,3427.94,16605.2,Festival Sale,32,06-03-2025,09-03-2025,91021100,18
06-03-2025,Crossbody Bag,Handbags,4,2797.46,2048.58,11231.52,Festival Sale,30,06-03-2025,08-03-2025,42022290,18
06-03-2025,Leather Belt,Belts,2,2033.45,1606.15,4064.68,Festival Sale,24,06-03-2025,07-03-2025,42033000,18
06-03-2025,Silver Bracelet,Jewelry,1,2256.09,1980.78,2260.04,Festival Sale,24,06-03-2025,07-03-2025,71131100,3
06-03-2025,Headband,Hair Accessories,7,1075.81,748.95,7386.68,Festival Sale,23,06-03-2025,11-03-2025,96151900,18
07-03-2025,Cat Eye Sunglasses,Sunglasses,14,3471.3,2499.69,49519.54,Festival Sale,32,07-03-2025,11-03-2025,90041000,12
07-03-2025,Leather Belt,Belts,3,1157.27,1088.74,3488.31,Festival Sale,25,07-03-2025,10-03-2025,42033000,18
07-03-2025,Scrunchie Pack,Hair Accessories,6,363.39,330.14,2140.26,Festival Sale,29,07-03-2025,09-03-2025,96151900,18
07-03-2025,Headband,Hair Accessories,3,457.84,343.65,1380.72,Festival Sale,21,07-03-2025,08-03-2025,96151900,18
07-03-2025,Western Belt,Belts,2,1719.24,1503.27,3452.52,Festival Sale,20,07-03-2025,10-03-2025,42033000,18
07-03-2025,Silk Scarf,Scarves,2,593.74,400.78,1181.28,Festival Sale,32,07-03-2025,09-03-2025,62143000,12
07-03-2025,Aviator Sunglasses,Sunglasses,5,1343.9,1092.87,6611.8,Festival Sale,24,07-03-2025,11-03-2025,90041000,12
07-03-2025,Aviator Sunglasses,Sunglasses,10,2870.91,2488.86,28947,Festival Sale,24,07-03-2025,09-03-2025,90041000,12
07-03-2025,Pashmina Shawl,Scarves,9,1425.76,1134.61,12606.12,Festival Sale,24,07-03-2025,10-03-2025,62143000,12
07-03-2025,Backpack Purse,Handbags,1,3336.27,2397.55,3365.54,Festival Sale,22,07-03-2025,09-03-2025,42022290,18
07-03-2025,Chain Belt,Belts,5,1281.78,1100.91,6329.05,Festival Sale,26,07-03-2025,11-03-2025,42033000,18
07-03-2025,Turban,Hair Accessories,4,852.55,642.55,3441.04,Festival Sale,21,07-03-2025,13-03-2025,96151900,18
07-03-2025,Cat Eye Sunglasses,Sunglasses,5,1701.59,1388.46,8655.8,Festival Sale,25,07-03-2025,12-03-2025,90041000,12
07-03-2025,Scrunchie Pack,Hair Accessories,4,626.73,559.81,2476,Festival Sale,31,07-03-2025,10-03-2025,96151900,18
07-03-2025,Crossbody Bag,Handbags,3,6042.83,4263.76,18164.76,Festival Sale,20,07-03-2025,09-03-2025,42022290,18
07-03-2025,Statement Necklace,Jewelry,5,1435.23,993.68,7207.65,Festival Sale,33,07-03-2025,09-03-2025,71131100,3
07-03-2025,Oversized Sunglasses,Sunglasses,2,1791.01,1198.87,3592.1,Festival Sale,28,07-03-2025,13-03-2025,90041000,12
07-03-2025,Analog Watch,Watches,5,4311.68,3001.73,21462.6,Festival Sale,27,07-03-2025,11-03-2025,91021100,18
07-03-2025,Sports Sunglasses,Sunglasses,6,1800.31,1338.64,10905.36,Festival Sale,29,07-03-2025,10-03-2025,90041000,12
07-03-2025,Sports Watch,Watches,3,5898.55,5149.46,17883.6,Festival Sale,26,07-03-2025,12-03-2025,91021100,18
07-03-2025,Winter Wool Scarf,Scarves,2,1102.75,752.48,2206.96,Festival Sale,21,07-03-2025,11-03-2025,62143000,12
07-03-2025,Gold Plated Earrings,Jewelry,4,2790.32,2419.23,11372.52,Festival Sale,26,07-03-2025,09-03-2025,71131100,3
07-03-2025,Gold Plated Earrings,Jewelry,2,1393.83,1180.67,2771.82,Festival Sale,29,07-03-2025,11-03-2025,71131100,3
07-03-2025,Silk Scarf,Scarves,5,1167.45,921.48,5762.85,Festival Sale,31,07-03-2025,13-03-2025,62143000,12
08-03-2025,Leather Tote Bag,Handbags,2,1450.33,1297.4,2874.52,Festival Sale,33,08-03-2025,12-03-2025,42022290,18
08-03-2025,Charm Bracelet,Jewelry,8,2610.66,1538.83,20910.96,Festival Sale,22,08-03-2025,15-03-2025,71131100,3
08-03-2025,Digital Watch,Watches,2,4400.09,3660.56,8777.22,Festival Sale,31,08-03-2025,14-03-2025,91021100,18
08-03-2025,Hair Pin Set,Hair Accessories,3,653.49,485.78,1998.33,Festival Sale,31,08-03-2025,13-03-2025,96151900,18
08-03-2025,Analog Watch,Watches,6,3585.84,2298.18,21165.9,Festival Sale,23,08-03-2025,09-03-2025,91021100,18
08-03-2025,Clutch Purse,Handbags,2,7457.47,4472.79,14880.38,Festival Sale,23,08-03-2025,10-03-2025,42022290,18
08-03-2025,Round Frame,Sunglasses,5,1436.94,1333.24,7237.85,Festival Sale,33,08-03-2025,10-03-2025,90041000,12
08-03-2025,Statement Necklace,Jewelry,5,3379.86,1945.15,17040,Festival Sale,20,08-03-2025,13-03-2025,71131100,3
08-03-2025,Aviator Sunglasses,Sunglasses,2,2139.15,2171.14,4251.16,Festival Sale,32,08-03-2025,14-03-2025,90041000,12
08-03-2025,Silver Bracelet,Jewelry,3,3533.81,2433.99,10565.79,Festival Sale,27,08-03-2025,14-03-2025,71131100,3
08-03-2025,Aviator Sunglasses,Sunglasses,2,1678.58,1535.72,3399.6,Festival Sale,32,08-03-2025,15-03-2025,90041000,12
08-03-2025,Waist Belt,Belts,4,1914.59,1469.26,7686.04,Festival Sale,28,08-03-2025,10-03-2025,42033000,18
08-03-2025,Western Belt,Belts,10,2882.28,1875.1,28621.1,Festival Sale,26,08-03-2025,11-03-2025,42033000,18
08-03-2025,Oversized Sunglasses,Sunglasses,4,3024.1,2237.24,12195.12,Festival Sale,31,08-03-2025,15-03-2025,90041000,12
10-03-2025,Silk Scarf,Scarves,4,1659.82,1012.59,6636.8,Festival Sale,24,10-03-2025,16-03-2025,62143000,12
10-03-2025,Hair Pin Set,Hair Accessories,2,943.74,785.54,1906.16,Festival Sale,21,10-03-2025,11-03-2025,96151900,18
10-03-2025,Dress Watch,Watches,4,4807.24,3133.86,19564.16,Festival Sale,21,10-03-2025,12-03-2025,91021100,18
10-03-2025,Waist Belt,Belts,1,1187.13,851.85,1192.46,Festival Sale,21,10-03-2025,11-03-2025,42033000,18
10-03-2025,Pearl Necklace,Jewelry,1,2221.1,1545.74,2200.67,Festival Sale,31,10-03-2025,14-03-2025,71131100,3
10-03-2025,Headband,Hair Accessories,1,649.68,479.79,657.2,Festival Sale,22,10-03-2025,11-03-2025,96151900,18
10-03-2025,Backpack Purse,Handbags,4,5802.74,4399.73,22977.04,Festival Sale,27,10-03-2025,16-03-2025,42022290,18
10-03-2025,Hair Pin Set,Hair Accessories,1,474.53,383.78,471.33,Festival Sale,29,10-03-2025,13-03-2025,96151900,18
10-03-2025,Cotton Scarf,Scarves,1,690.51,562.96,690.31,Festival Sale,28,10-03-2025,13-03-2025,62143000,12
10-03-2025,Pearl Necklace,Jewelry,1,2684.65,2289.22,2634.96,Festival Sale,22,10-03-2025,11-03-2025,71131100,3
10-03-2025,Western Belt,Belts,3,2616.11,1976.28,7729.77,Festival Sale,30,10-03-2025,16-03-2025,42033000,18
10-03-2025,Pashmina Shawl,Scarves,1,1435.87,1202.86,1432.25,Festival Sale,31,10-03-2025,14-03-2025,62143000,12
10-03-2025,Leather Tote Bag,Handbags,1,4642.3,3712.1,4631.6,Festival Sale,32,10-03-2025,17-03-2025,42022290,18
10-03-2025,Waist Belt,Belts,3,1919.23,1432.21,5809.32,Festival Sale,31,10-03-2025,13-03-2025,42033000,18
11-03-2025,Smart Watch,Watches,1,4502.06,2787.52,4427.64,Festival Sale,26,11-03-2025,14-03-2025,91021100,18
11-03-2025,Headband,Hair Accessories,6,669.31,497.03,3953.28,Festival Sale,21,11-03-2025,12-03-2025,96151900,18
11-03-2025,Pearl Necklace,Jewelry,2,2509.92,1796.63,4971.7,Festival Sale,21,11-03-2025,12-03-2025,71131100,3
11-03-2025,Gold Plated Earrings,Jewelry,1,2883.48,2268.89,2927.05,Festival Sale,25,11-03-2025,14-03-2025,71131100,3
11-03-2025,Analog Watch,Watches,6,7376.41,5940.72,43900.86,Festival Sale,34,11-03-2025,17-03-2025,91021100,18
11-03-2025,Statement Necklace,Jewelry,3,1920.63,1662.42,5819.37,Festival Sale,20,11-03-2025,12-03-2025,71131100,3
11-03-2025,Oversized Sunglasses,Sunglasses,10,3053.39,2385.48,30918.8,Festival Sale,23,11-03-2025,15-03-2025,90041000,12
11-03-2025,Silver Bracelet,Jewelry,4,2287.73,1718.11,9057,Festival Sale,34,11-03-2025,16-03-2025,71131100,3
11-03-2025,Cotton Scarf,Scarves,2,1488.33,1030.43,2922.9,Festival Sale,28,11-03-2025,17-03-2025,62143000,12
11-03-2025,Oversized Sunglasses,Sunglasses,9,1824.85,1219.48,16684.65,Festival Sale,29,11-03-2025,12-03-2025,90041000,12
11-03-2025,Silver Bracelet,Jewelry,3,1357.64,923.97,4128.42,Festival Sale,28,11-03-2025,17-03-2025,71131100,3
11-03-2025,Hair Pin Set,Hair Accessories,4,613.32,432.98,2481.16,Festival Sale,27,11-03-2025,16-03-2025,96151900,18
11-03-2025,Smart Watch,Watches,2,6211.91,4667.41,12197.96,Festival Sale,26,11-03-2025,12-03-2025,91021100,18
11-03-2025,Sports Sunglasses,Sunglasses,7,2119.31,1784.57,14719.53,Festival Sale,32,11-03-2025,12-03-2025,90041000,12
11-03-2025,Fabric Belt,Belts,4,2599.83,1940.92,10325.68,Festival Sale,32,11-03-2025,12-03-2025,42033000,18
11-03-2025,Backpack Purse,Handbags,2,4634.02,3251.06,9266.18,Festival Sale,20,11-03-2025,15-03-2025,42022290,18
11-03-2025,Gold Plated Earrings,Jewelry,2,4076.84,2666.66,8141.44,Festival Sale,29,11-03-2025,12-03-2025,71131100,3
11-03-2025,Silk Scarf,Scarves,1,727.71,483.03,733.87,Festival Sale,23,11-03-2025,14-03-2025,62143000,12
11-03-2025,Cat Eye Sunglasses,Sunglasses,4,2553.17,1898.12,10355.76,Festival Sale,22,11-03-2025,17-03-2025,90041000,12
11-03-2025,Sports Watch,Watches,4,6936.58,5126.87,27438.72,Festival Sale,23,11-03-2025,18-03-2025,91021100,18
11-03-2025,Cotton Scarf,Scarves,3,1669.17,1003.34,5013.39,Festival Sale,20,11-03-2025,16-03-2025,62143000,12
11-03-2025,Pearl Necklace,Jewelry,1,2040.72,2102.81,2060.83,Festival Sale,34,11-03-2025,13-03-2025,71131100,3
11-03-2025,Dress Watch,Watches,2,4839.32,4327.49,9627.5,Festival Sale,27,11-03-2025,16-03-2025,91021100,18
12-03-2025,Aviator Sunglasses,Sunglasses,1,2173.17,1696.98,2198.72,Festival Sale,31,12-03-2025,17-03-2025,90041000,12
12-03-2025,Pearl Necklace,Jewelry,1,1355.33,1252.49,1355.94,Festival Sale,33,12-03-2025,19-03-2025,71131100,3
12-03-2025,Chain Belt,Belts,1,1059.33,735.66,1072.62,Festival Sale,30,12-03-2025,13-03-2025,42033000,18
12-03-2025,Leather Belt,Belts,2,820.84,667.78,1624.8,Festival Sale,27,12-03-2025,13-03-2025,42033000,18
12-03-2025,Printed Scarf,Scarves,5,1170.39,908.26,5894.2,Festival Sale,28,12-03-2025,14-03-2025,62143000,12
12-03-2025,Silk Scarf,Scarves,6,1610.78,1218.2,9687.3,Festival Sale,32,12-03-2025,18-03-2025,62143000,12
12-03-2025,Charm Bracelet,Jewelry,3,2452.76,1890.99,7284.03,Festival Sale,27,12-03-2025,14-03-2025,71131100,3
12-03-2025,Charm Bracelet,Jewelry,1,2291.97,1383.49,2277.43,Festival Sale,23,12-03-2025,18-03-2025,71131100,3
12-03-2025,Cat Eye Sunglasses,Sunglasses,4,2807.51,2394.15,11275.28,Festival Sale,26,12-03-2025,17-03-2025,90041000,12
12-03-2025,Crossbody Bag,Handbags,1,3875.77,2493.87,3943.43,Festival Sale,26,12-03-2025,19-03-2025,42022290,18
12-03-2025,Hair Pin Set,Hair Accessories,1,384.94,348.69,378.56,Festival Sale,28,12-03-2025,18-03-2025,96151900,18
12-03-2025,Smart Watch,Watches,2,9058.16,5670.66,18480.06,Festival Sale,24,12-03-2025,13-03-2025,91021100,18
12-03-2025,Leather Tote Bag,Handbags,1,2703.93,2017.73,2678.79,Festival Sale,20,12-03-2025,13-03-2025,42022290,18
12-03-2025,Headband,Hair Accessories,5,483.73,445.08,2376.3,Festival Sale,27,12-03-2025,19-03-2025,96151900,18
12-03-2025,Turban,Hair Accessories,2,553.06,403.99,1114.74,Festival Sale,30,12-03-2025,13-03-2025,96151900,18
12-03-2025,Cotton Scarf,Scarves,1,918.77,687.4,934.64,Festival Sale,26,12-03-2025,18-03-2025,62143000,12
12-03-2025,Pashmina Shawl,Scarves,2,1867.97,1484.01,3773.74,Festival Sale,21,12-03-2025,16-03-2025,62143000,12
12-03-2025,Waist Belt,Belts,2,2166.48,1566.41,4365.54,Festival Sale,23,12-03-2025,15-03-2025,42033000,18
12-03-2025,Waist Belt,Belts,4,872.65,690.93,3497.4,Festival Sale,32,12-03-2025,15-03-2025,42033000,18
12-03-2025,Round Frame,Sunglasses,4,2370.47,1913.86,9472.32,Festival Sale,23,12-03-2025,16-03-2025,90041000,12
12-03-2025,Backpack Purse,Handbags,4,5461.57,3709.46,21651.12,Festival Sale,31,12-03-2025,13-03-2025,42022290,18
12-03-2025,Fabric Belt,Belts,2,1042.65,990.7,2052.38,Festival Sale,31,12-03-2025,17-03-2025,42033000,18
12-03-2025,Round Frame,Sunglasses,6,1870.13,1190.72,11236.62,Festival Sale,23,12-03-2025,16-03-2025,90041000,12
12-03-2025,Analog Watch,Watches,3,5215.8,3137.52,15494.73,Festival Sale,20,12-03-2025,13-03-2025,91021100,18
13-03-2025,Hair Pin Set,Hair Accessories,6,353.2,291.7,2151.3,Festival Sale,21,13-03-2025,18-03-2025,96151900,18
13-03-2025,Shoulder Bag,Handbags,2,3394.88,2602.93,6836.58,Festival Sale,33,13-03-2025,16-03-2025,42022290,18
13-03-2025,Western Belt,Belts,1,1753.57,1364.52,1780.77,Festival Sale,26,13-03-2025,20-03-2025,42033000,18
13-03-2025,Turban,Hair Accessories,3,498.73,345.95,1484.79,Festival Sale,33,13-03-2025,15-03-2025,96151900,18
13-03-2025,Printed Scarf,Scarves,2,1034.67,632.88,2036.14,Festival Sale,20,13-03-2025,17-03-2025,62143000,12
13-03-2025,Winter Wool Scarf,Scarves,5,1771.49,1304.47,8721.7,Festival Sale,28,13-03-2025,16-03-2025,62143000,12
13-03-2025,Statement Necklace,Jewelry,1,2811.96,2553.1,2831.62,Festival Sale,28,13-03-2025,19-03-2025,71131100,3
13-03-2025,Oversized Sunglasses,Sunglasses,3,3386.89,1974.32,10269.84,Festival Sale,20,13-03-2025,16-03-2025,90041000,12
13-03-2025,Leather Tote Bag,Handbags,3,6389.24,4268.11,19342.53,Festival Sale,20,13-03-2025,18-03-2025,42022290,18
13-03-2025,Oversized Sunglasses,Sunglasses,1,2445.28,1653.92,2466.26,Festival Sale,24,13-03-2025,18-03-2025,90041000,12
13-03-2025,Clutch Purse,Handbags,4,2587.06,2113.82,10524.08,Festival Sale,23,13-03-2025,20-03-2025,42022290,18
13-03-2025,Headband,Hair Accessories,3,1008.24,651.6,3069.75,Festival Sale,25,13-03-2025,14-03-2025,96151900,18
13-03-2025,Sports Sunglasses,Sunglasses,1,1839.85,1858.82,1861.11,Festival Sale,34,13-03-2025,18-03-2025,90041000,12
13-03-2025,Sports Sunglasses,Sunglasses,7,1586.31,1036.36,11326.98,Festival Sale,25,13-03-2025,15-03-2025,90041000,12
13-03-2025,Pashmina Shawl,Scarves,7,1273.98,926.36,9082.36,Festival Sale,31,13-03-2025,15-03-2025,62143000,12
13-03-2025,Oversized Sunglasses,Sunglasses,1,3344.52,2401.96,3318.17,Festival Sale,34,13-03-2025,15-03-2025,90041000,12
13-03-2025,Charm Bracelet,Jewelry,2,3765.24,2244.8,7494.7,Festival Sale,24,13-03-2025,20-03-2025,71131100,3
13-03-2025,Digital Watch,Watches,3,5185.83,4418.88,15285.15,Festival Sale,25,13-03-2025,16-03-2025,91021100,18
13-03-2025,Leather Belt,Belts,1,2546.09,1992.29,2556.13,Festival Sale,29,13-03-2025,16-03-2025,42033000,18
13-03-2025,Round Frame,Sunglasses,6,1375.86,1350.86,8273.58,Festival Sale,30,13-03-2025,15-03-2025,90041000,12
13-03-2025,Leather Belt,Belts,3,985.17,658.01,3007.5,Festival Sale,28,13-03-2025,19-03-2025,42033000,18
13-03-2025,Hair Pin Set,Hair Accessories,6,806.36,655.41,4906.38,Festival Sale,31,13-03-2025,18-03-2025,96151900,18
13-03-2025,Scrunchie Pack,Hair Accessories,6,416.1,267.82,2477.64,Festival Sale,25,13-03-2025,15-03-2025,96151900,18
14-03-2025,Western Belt,Belts,4,1709.77,1644.18,6912.32,Festival Sale,31,14-03-2025,16-03-2025,42033000,18
14-03-2025,Pashmina Shawl,Scarves,5,937.21,599.35,4635.4,Festival Sale,21,14-03-2025,20-03-2025,62143000,12
14-03-2025,Cotton Scarf,Scarves,6,1942.55,1195.11,11560.2,Festival Sale,25,14-03-2025,18-03-2025,62143000,12
14-03-2025,Cat Eye Sunglasses,Sunglasses,11,2860.31,2071.42,31155.3,Festival Sale,29,14-03-2025,20-03-2025,90041000,12
14-03-2025,Fabric Belt,Belts,1,1958.71,1685.15,1943.89,Festival Sale,28,14-03-2025,20-03-2025,42033000,18
14-03-2025,Pearl Necklace,Jewelry,4,1120.23,828.19,4444,Festival Sale,23,14-03-2025,19-03-2025,71131100,3
14-03-2025,Pashmina Shawl,Scarves,5,1396.51,1167.47,6969.5,Festival Sale,29,14-03-2025,20-03-2025,62143000,12
14-03-2025,Analog Watch,Watches,3,7679.72,5661.3,22876.08,Festival Sale,34,14-03-2025,17-03-2025,91021100,18
14-03-2025,Pashmina Shawl,Scarves,4,684.76,559.44,2736.16,Festival Sale,33,14-03-2025,15-03-2025,62143000,12
14-03-2025,Pearl Necklace,Jewelry,5,2672.61,2215.98,13522,Festival Sale,29,14-03-2025,17-03-2025,71131100,3
14-03-2025,Aviator Sunglasses,Sunglasses,2,3690,2400.31,7464.32,Festival Sale,27,14-03-2025,19-03-2025,90041000,12
14-03-2025,Turban,Hair Accessories,3,297.72,222.98,896.55,Festival Sale,30,14-03-2025,18-03-2025,96151900,18
14-03-2025,Pashmina Shawl,Scarves,4,738.24,704.93,3011.52,Festival Sale,34,14-03-2025,15-03-2025,62143000,12
14-03-2025,Round Frame,Sunglasses,4,1931.32,1930.29,7606.84,Festival Sale,31,14-03-2025,15-03-2025,90041000,12
14-03-2025,Statement Necklace,Jewelry,3,1093.48,835.16,3311.13,Festival Sale,26,14-03-2025,17-03-2025,71131100,3
14-03-2025,Waist Belt,Belts,3,1257.9,890.92,3842.64,Festival Sale,26,14-03-2025,17-03-2025,42033000,18
14-03-2025,Crossbody Bag,Handbags,3,7755.62,4780.84,23337.42,Festival Sale,26,14-03-2025,16-03-2025,42022290,18
14-03-2025,Sports Sunglasses,Sunglasses,1,1386.46,1184.86,1369.18,Festival Sale,30,14-03-2025,20-03-2025,90041000,12
14-03-2025,Shoulder Bag,Handbags,7,4095.23,3209.1,28784.77,Festival Sale,34,14-03-2025,20-03-2025,42022290,18
14-03-2025,Dress Watch,Watches,2,6117.29,5116.94,12351.84,Festival Sale,30,14-03-2025,19-03-2025,91021100,18
14-03-2025,Aviator Sunglasses,Sunglasses,11,1350.82,1303.42,14832.4,Festival Sale,28,14-03-2025,16-03-2025,90041000,12
14-03-2025,Pashmina Shawl,Scarves,2,1420.26,945.94,2832.1,Festival Sale,20,14-03-2025,20-03-2025,62143000,12
14-03-2025,Hair Pin Set,Hair Accessories,6,688.95,446.11,4091.28,Festival Sale,26,14-03-2025,16-03-2025,96151900,18
14-03-2025,Printed Scarf,Scarves,7,1397.23,1291.64,9664.76,Festival Sale,31,14-03-2025,16-03-2025,62143000,12
14-03-2025,Hair Pin Set,Hair Accessories,4,841.51,587.86,3338.52,Festival Sale,23,14-03-2025,18-03-2025,96151900,18
15-03-2025,Waist Belt,Belts,2,1932.01,1840.61,3942.14,Festival Sale,25,15-03-2025,17-03-2025,42033000,18
15-03-2025,Cotton Scarf,Scarves,1,1204.43,789.1,1228.91,Festival Sale,28,15-03-2025,19-03-2025,62143000,12
15-03-2025,Leather Tote Bag,Handbags,1,4795.67,3540.57,4705.8,Festival Sale,24,15-03-2025,18-03-2025,42022290,18
15-03-2025,Leather Belt,Belts,5,2269.62,1576.36,11456.15,Festival Sale,21,15-03-2025,21-03-2025,42033000,18
15-03-2025,Pearl Necklace,Jewelry,1,1785.76,1356.09,1801.44,Festival Sale,24,15-03-2025,18-03-2025,71131100,3
15-03-2025,Crossbody Bag,Handbags,2,4675.72,4268.32,9265.36,Festival Sale,28,15-03-2025,17-03-2025,42022290,18
15-03-2025,Hair Pin Set,Hair Accessories,4,1045.79,782.05,4169.56,Festival Sale,33,15-03-2025,21-03-2025,96151900,18
15-03-2025,Hair Clip Set,Hair Accessories,9,348.91,296.24,3144.78,Festival Sale,21,15-03-2025,18-03-2025,96151900,18
15-03-2025,Scrunchie Pack,Hair Accessories,4,866.27,695.07,3519.08,Festival Sale,28,15-03-2025,21-03-2025,96151900,18
15-03-2025,Silver Bracelet,Jewelry,3,1317.45,1021.27,4019.64,Festival Sale,27,15-03-2025,22-03-2025,71131100,3
15-03-2025,Dress Watch,Watches,5,4832.3,3285.87,23966.3,Festival Sale,31,15-03-2025,20-03-2025,91021100,18
15-03-2025,Cat Eye Sunglasses,Sunglasses,12,3710.94,2249.38,45210.12,Festival Sale,20,15-03-2025,22-03-2025,90041000,12
15-03-2025,Backpack Purse,Handbags,2,4071.5,2874.68,8163.96,Festival Sale,21,15-03-2025,21-03-2025,42022290,18
15-03-2025,Statement Necklace,Jewelry,2,3977.59,2861.61,7880.74,Festival Sale,33,15-03-2025,22-03-2025,71131100,3
15-03-2025,Winter Wool Scarf,Scarves,3,1023.37,703.41,3018.99,Festival Sale,26,15-03-2025,16-03-2025,62143000,12
15-03-2025,Oversized Sunglasses,Sunglasses,4,2455.36,2022,9676.84,Festival Sale,28,15-03-2025,20-03-2025,90041000,12
15-03-2025,Analog Watch,Watches,5,3256.14,2272.76,16047.05,Festival Sale,30,15-03-2025,22-03-2025,91021100,18
15-03-2025,Sports Watch,Watches,3,4879.85,4493.6,14722.89,Festival Sale,27,15-03-2025,19-03-2025,91021100,18
15-03-2025,Western Belt,Belts,5,1633.43,1017.96,8029.95,Festival Sale,22,15-03-2025,18-03-2025,42033000,18
15-03-2025,Round Frame,Sunglasses,2,1940.18,1458.99,3852.06,Festival Sale,27,15-03-2025,17-03-2025,90041000,12
15-03-2025,Cat Eye Sunglasses,Sunglasses,6,2478.76,1688.48,14646.12,Festival Sale,28,15-03-2025,22-03-2025,90041000,12
17-03-2025,Digital Watch,Watches,2,2802.27,1975,5698.24,Festival Sale,25,17-03-2025,23-03-2025,91021100,18
17-03-2025,Analog Watch,Watches,6,3760.81,3209.13,22988.22,Festival Sale,27,17-03-2025,22-03-2025,91021100,18
17-03-2025,Hair Clip Set,Hair Accessories,3,612.99,615.83,1844.16,Festival Sale,29,17-03-2025,18-03-2025,96151900,18
17-03-2025,Winter Wool Scarf,Scarves,5,2149.68,1272.23,10609.2,Festival Sale,20,17-03-2025,21-03-2025,62143000,12
17-03-2025,Hair Pin Set,Hair Accessories,2,406.2,350.9,815.38,Festival Sale,31,17-03-2025,22-03-2025,96151900,18
17-03-2025,Scrunchie Pack,Hair Accessories,2,291.05,219.41,573.28,Festival Sale,27,17-03-2025,24-03-2025,96151900,18
17-03-2025,Leather Tote Bag,Handbags,1,6014.56,3825.64,6079.05,Festival Sale,24,17-03-2025,20-03-2025,42022290,18
17-03-2025,Aviator Sunglasses,Sunglasses,1,2850.15,2244.58,2903.65,Festival Sale,21,17-03-2025,23-03-2025,90041000,12
17-03-2025,Printed Scarf,Scarves,1,1017.68,692.98,1007.15,Festival Sale,29,17-03-2025,20-03-2025,62143000,12
17-03-2025,Crossbody Bag,Handbags,3,5790.19,4458.75,17283.36,Festival Sale,33,17-03-2025,20-03-2025,42022290,18
18-03-2025,Western Belt,Belts,4,1374.84,1018.86,5512.56,Festival Sale,23,18-03-2025,22-03-2025,42033000,18
18-03-2025,Headband,Hair Accessories,9,739.2,696.06,6562.17,Festival Sale,33,18-03-2025,23-03-2025,96151900,18
18-03-2025,Hair Clip Set,Hair Accessories,2,632.68,427.72,1249.16,Festival Sale,20,18-03-2025,19-03-2025,96151900,18
18-03-2025,Gold Plated Earrings,Jewelry,3,2563.95,1992.47,7746.21,Festival Sale,33,18-03-2025,25-03-2025,71131100,3
18-03-2025,Chain Belt,Belts,5,1511.41,1140.14,7456.25,Festival Sale,30,18-03-2025,22-03-2025,42033000,18
18-03-2025,Pashmina Shawl,Scarves,1,1826.74,1357.5,1838.12,Festival Sale,32,18-03-2025,21-03-2025,62143000,12
18-03-2025,Cotton Scarf,Scarves,5,1163.65,1056.99,5790,Festival Sale,24,18-03-2025,24-03-2025,62143000,12
18-03-2025,Charm Bracelet,Jewelry,3,2234.36,1683.36,6786.57,Festival Sale,33,18-03-2025,25-03-2025,71131100,3
18-03-2025,Chain Belt,Belts,2,905.65,682.21,1828.54,Festival Sale,24,18-03-2025,19-03-2025,42033000,18
18-03-2025,Gold Plated Earrings,Jewelry,3,1242.08,864.23,3734.04,Festival Sale,27,18-03-2025,19-03-2025,71131100,3
19-03-2025,Crossbody Bag,Handbags,5,4271.49,3118.21,21517,Festival Sale,31,19-03-2025,26-03-2025,42022290,18
19-03-2025,Digital Watch,Watches,3,7709.16,4945.87,23475.72,Festival Sale,25,19-03-2025,23-03-2025,91021100,18
19-03-2025,Fabric Belt,Belts,1,1677.63,1202.56,1678.82,Festival Sale,22,19-03-2025,23-03-2025,42033000,18
19-03-2025,Oversized Sunglasses,Sunglasses,9,2020.93,1483.93,18180.09,Festival Sale,21,19-03-2025,20-03-2025,90041000,12
19-03-2025,Hair Pin Set,Hair Accessories,3,401.41,359.48,1220.91,Festival Sale,29,19-03-2025,21-03-2025,96151900,18
19-03-2025,Fabric Belt,Belts,5,1414.79,959.42,7167.3,Festival Sale,30,19-03-2025,23-03-2025,42033000,18
19-03-2025,Dress Watch,Watches,2,3535.55,2381.39,7206.78,Festival Sale,29,19-03-2025,22-03-2025,91021100,18
19-03-2025,Smart Watch,Watches,1,6376.54,4340.49,6498.62,Festival Sale,26,19-03-2025,23-03-2025,91021100,18
19-03-2025,Headband,Hair Accessories,5,243.52,206.3,1224.5,Festival Sale,28,19-03-2025,24-03-2025,96151900,18
19-03-2025,Pashmina Shawl,Scarves,3,886.59,723.93,2697.9,Festival Sale,30,19-03-2025,25-03-2025,62143000,12
19-03-2025,Turban,Hair Accessories,5,315.84,264.42,1553.15,Festival Sale,22,19-03-2025,21-03-2025,96151900,18
19-03-2025,Aviator Sunglasses,Sunglasses,4,2013.31,1702.98,8151.24,Festival Sale,26,19-03-2025,25-03-2025,90041000,12
19-03-2025,Charm Bracelet,Jewelry,4,2757.84,2298.29,11226.28,Festival Sale,32,19-03-2025,22-03-2025,71131100,3
19-03-2025,Analog Watch,Watches,2,6947.95,5039.67,13949.38,Festival Sale,28,19-03-2025,22-03-2025,91021100,18
19-03-2025,Chain Belt,Belts,3,1732.38,1432.6,5261.88,Festival Sale,25,19-03-2025,22-03-2025,42033000,18
19-03-2025,Western Belt,Belts,4,1531.23,1151.76,6234.2,Festival Sale,27,19-03-2025,21-03-2025,42033000,18
19-03-2025,Backpack Purse,Handbags,3,4406.91,3908.26,13088.43,Festival Sale,29,19-03-2025,25-03-2025,42022290,18
19-03-2025,Shoulder Bag,Handbags,4,5520.77,3796.25,22032.76,Festival Sale,21,19-03-2025,20-03-2025,42022290,18
20-03-2025,Chain Belt,Belts,4,1081.04,750.17,4402.16,Festival Sale,23,20-03-2025,26-03-2025,42033000,18
20-03-2025,Waist Belt,Belts,3,749.87,694,2252.49,Festival Sale,27,20-03-2025,25-03-2025,42033000,18
20-03-2025,Shoulder Bag,Handbags,4,3540.09,3555.47,14426.48,Festival Sale,32,20-03-2025,23-03-2025,42022290,18
20-03-2025,Cotton Scarf,Scarves,3,1339.81,1033.75,4042.98,Festival Sale,22,20-03-2025,21-03-2025,62143000,12
20-03-2025,Hair Pin Set,Hair Accessories,2,825.24,573.58,1659.56,Festival Sale,20,20-03-2025,26-03-2025,96151900,18
20-03-2025,Dress Watch,Watches,7,3400.39,2320.25,23499.14,Festival Sale,26,20-03-2025,22-03-2025,91021100,18
20-03-2025,Sports Sunglasses,Sunglasses,1,2338.65,2290.51,2316.85,Festival Sale,31,20-03-2025,21-03-2025,90041000,12
20-03-2025,Statement Necklace,Jewelry,4,1904.59,1155.8,7499.28,Festival Sale,25,20-03-2025,27-03-2025,71131100,3
20-03-2025,Waist Belt,Belts,5,2264.51,1535.72,11487.75,Festival Sale,31,20-03-2025,21-03-2025,42033000,18
20-03-2025,Dress Watch,Watches,3,3112.28,1796.77,9324.24,Festival Sale,21,20-03-2025,22-03-2025,91021100,18
20-03-2025,Backpack Purse,Handbags,2,4875.14,3209.57,9941.08,Festival Sale,21,20-03-2025,22-03-2025,42022290,18
21-03-2025,Turban,Hair Accessories,1,597.43,668.01,589.75,Clearance Sale,54,21-03-2025,24-03-2025,96151900,18
21-03-2025,Oversized Sunglasses,Sunglasses,11,1267.99,1548.88,14022.69,Clearance Sale,51,21-03-2025,28-03-2025,90041000,12
21-03-2025,Pearl Necklace,Jewelry,5,5616.19,2842.57,28573.2,No Promotion,0,21-03-2025,26-03-2025,71131100,3
21-03-2025,Backpack Purse,Handbags,3,2065.38,1284.48,6239.91,No Promotion,0,21-03-2025,23-03-2025,42022290,18
21-03-2025,Headband,Hair Accessories,9,1489.15,723.1,13517.55,No Promotion,0,21-03-2025,28-03-2025,96151900,18
21-03-2025,Shoulder Bag,Handbags,3,1432.01,2109.98,4250.79,Clearance Sale,55,21-03-2025,25-03-2025,42022290,18
21-03-2025,Hair Pin Set,Hair Accessories,3,437.87,573.56,1333.53,Clearance Sale,58,21-03-2025,23-03-2025,96151900,18
21-03-2025,Sports Watch,Watches,5,4376.6,2750.75,21834.3,No Promotion,0,21-03-2025,28-03-2025,91021100,18
21-03-2025,Leather Tote Bag,Handbags,6,3959.58,2303.57,23481.42,Seasonal Offer,19,21-03-2025,24-03-2025,42022290,18
21-03-2025,Statement Necklace,Jewelry,3,2149.6,1272.14,6387.6,Seasonal Offer,20,21-03-2025,28-03-2025,71131100,3
21-03-2025,Headband,Hair Accessories,5,691.34,414.17,3397.45,No Promotion,0,21-03-2025,22-03-2025,96151900,18
21-03-2025,Cotton Scarf,Scarves,5,547.47,490.2,2793.15,Festival Sale,28,21-03-2025,24-03-2025,62143000,12
21-03-2025,Hair Clip Set,Hair Accessories,7,278.28,291,1959.44,Clearance Sale,44,21-03-2025,26-03-2025,96151900,18
21-03-2025,Pearl Necklace,Jewelry,2,2318.71,2075.99,4661.74,Flash Sale,34,21-03-2025,28-03-2025,71131100,3
21-03-2025,Cotton Scarf,Scarves,2,961.5,695.6,1959.58,Festival Sale,24,21-03-2025,25-03-2025,62143000,12
21-03-2025,Hair Clip Set,Hair Accessories,7,760.01,379.22,5253.43,No Promotion,0,21-03-2025,26-03-2025,96151900,18
21-03-2025,Cotton Scarf,Scarves,2,871.91,479.21,1730.74,No Promotion,0,21-03-2025,25-03-2025,62143000,12
21-03-2025,Sports Sunglasses,Sunglasses,8,2079.33,1444.42,16616,No Promotion,0,21-03-2025,26-03-2025,90041000,12
21-03-2025,Pashmina Shawl,Scarves,2,1000.25,643.16,2008.12,No Promotion,0,21-03-2025,24-03-2025,62143000,12
22-03-2025,Scrunchie Pack,Hair Accessories,2,428.27,337.98,843.2,Flash Sale,39,22-03-2025,28-03-2025,96151900,18
22-03-2025,Silver Bracelet,Jewelry,3,1281.69,1010.39,3881.64,Seasonal Offer,16,22-03-2025,29-03-2025,71131100,3
22-03-2025,Headband,Hair Accessories,5,653.65,456.43,3290,Festival Sale,23,22-03-2025,26-03-2025,96151900,18
22-03-2025,Analog Watch,Watches,4,8232.88,5628.74,32345.88,Festival Sale,23,22-03-2025,27-03-2025,91021100,18
22-03-2025,Chain Belt,Belts,2,1841.05,1448.95,3747.36,Festival Sale,17,22-03-2025,23-03-2025,42033000,18
22-03-2025,Clutch Purse,Handbags,5,4150.77,2692.3,20523.5,Festival Sale,30,22-03-2025,27-03-2025,42022290,18
22-03-2025,Chain Belt,Belts,4,2330.39,1093.07,9240.96,No Promotion,0,22-03-2025,29-03-2025,42033000,18
22-03-2025,Fabric Belt,Belts,2,3023.7,1449.22,5951.72,No Promotion,0,22-03-2025,23-03-2025,42033000,18
22-03-2025,Sports Sunglasses,Sunglasses,8,968.08,1390.06,7873.6,Clearance Sale,58,22-03-2025,26-03-2025,90041000,12
22-03-2025,Pearl Necklace,Jewelry,4,1494.35,1323.47,5867,Clearance Sale,44,22-03-2025,24-03-2025,71131100,3
22-03-2025,Scrunchie Pack,Hair Accessories,1,599.49,491.52,611.01,Festival Sale,25,22-03-2025,23-03-2025,96151900,18
22-03-2025,Headband,Hair Accessories,7,445.17,379.94,3136.56,Festival Sale,27,22-03-2025,28-03-2025,96151900,18
22-03-2025,Pearl Necklace,Jewelry,3,3506.55,1804.95,10697.31,No Promotion,0,22-03-2025,25-03-2025,71131100,3
22-03-2025,Crossbody Bag,Handbags,1,2016.74,2013.31,2053.61,Festival Sale,30,22-03-2025,26-03-2025,42022290,18
22-03-2025,Chain Belt,Belts,6,2452.69,1557.49,14447.58,No Promotion,0,22-03-2025,24-03-2025,42033000,18
22-03-2025,Backpack Purse,Handbags,3,5926.45,3622.02,17624.49,Seasonal Offer,16,22-03-2025,25-03-2025,42022290,18
22-03-2025,Analog Watch,Watches,2,3836.55,3267.38,7671.36,Festival Sale,18,22-03-2025,24-03-2025,91021100,18
22-03-2025,Digital Watch,Watches,3,5186.92,4050.33,15808.53,Seasonal Offer,12,22-03-2025,27-03-2025,91021100,18
22-03-2025,Printed Scarf,Scarves,2,1875.22,1469.88,3746.54,Seasonal Offer,11,22-03-2025,23-03-2025,62143000,12
22-03-2025,Charm Bracelet,Jewelry,2,4779.85,2534.39,9629,No Promotion,0,22-03-2025,24-03-2025,71131100,3
22-03-2025,Charm Bracelet,Jewelry,5,3403.73,2420.7,17175.6,No Promotion,0,22-03-2025,28-03-2025,71131100,3
22-03-2025,Silver Bracelet,Jewelry,3,3547.26,2064.81,10591.74,Seasonal Offer,13,22-03-2025,25-03-2025,71131100,3
22-03-2025,Turban,Hair Accessories,10,525.12,349.43,5190.8,Seasonal Offer,14,22-03-2025,23-03-2025,96151900,18
24-03-2025,Silk Scarf,Scarves,2,674.06,466.28,1351.18,Festival Sale,29,24-03-2025,30-03-2025,62143000,12
24-03-2025,Pearl Necklace,Jewelry,4,3297.4,2540.16,13193.12,Flash Sale,27,24-03-2025,26-03-2025,71131100,3
24-03-2025,Smart Watch,Watches,4,8612.97,4251.51,34244.44,No Promotion,0,24-03-2025,26-03-2025,91021100,18
24-03-2025,Waist Belt,Belts,2,1279.25,696.98,2597.5,No Promotion,0,24-03-2025,28-03-2025,42033000,18
24-03-2025,Pashmina Shawl,Scarves,1,802.86,690.58,792.44,Festival Sale,29,24-03-2025,27-03-2025,62143000,12
24-03-2025,Printed Scarf,Scarves,4,542.1,596.28,2139.56,Clearance Sale,50,24-03-2025,28-03-2025,62143000,12
24-03-2025,Western Belt,Belts,3,2211.97,1115.05,6625.02,No Promotion,0,24-03-2025,25-03-2025,42033000,18
24-03-2025,Cat Eye Sunglasses,Sunglasses,9,1400.2,1259.75,12761.28,Flash Sale,34,24-03-2025,27-03-2025,90041000,12
24-03-2025,Printed Scarf,Scarves,3,2045.35,1045.04,6135.87,No Promotion,0,24-03-2025,31-03-2025,62143000,12
25-03-2025,Statement Necklace,Jewelry,1,1404.04,1498.97,1426.53,Clearance Sale,54,25-03-2025,29-03-2025,71131100,3
25-03-2025,Clutch Purse,Handbags,3,8172.99,4960.49,24263.43,Seasonal Offer,12,25-03-2025,01-04-2025,42022290,18
25-03-2025,Sports Watch,Watches,3,5845.94,3524.34,17671.32,Seasonal Offer,14,25-03-2025,30-03-2025,91021100,18
25-03-2025,Sports Watch,Watches,2,4031.96,2494.11,8125.32,Festival Sale,19,25-03-2025,31-03-2025,91021100,18
25-03-2025,Hair Pin Set,Hair Accessories,1,1049.48,495.31,1031.12,No Promotion,0,25-03-2025,29-03-2025,96151900,18
25-03-2025,Round Frame,Sunglasses,3,4221.03,2165.7,12702.78,No Promotion,0,25-03-2025,29-03-2025,90041000,12
25-03-2025,Scrunchie Pack,Hair Accessories,5,479.25,531.41,2368.8,Flash Sale,38,25-03-2025,01-04-2025,96151900,18
25-03-2025,Shoulder Bag,Handbags,6,3535.68,3383.17,21098.34,Festival Sale,28,25-03-2025,26-03-2025,42022290,18
25-03-2025,Turban,Hair Accessories,4,561.12,399.17,2261.12,No Promotion,0,25-03-2025,01-04-2025,96151900,18
25-03-2025,Crossbody Bag,Handbags,3,10152.19,4877.05,30921.9,No Promotion,0,25-03-2025,31-03-2025,42022290,18
25-03-2025,Aviator Sunglasses,Sunglasses,3,3657.32,2446.37,10842.84,No Promotion,0,25-03-2025,27-03-2025,90041000,12
25-03-2025,Silk Scarf,Scarves,7,2701.42,1387.31,18713.45,Seasonal Offer,11,25-03-2025,31-03-2025,62143000,12
25-03-2025,Smart Watch,Watches,2,6749.45,4580.96,13679.94,No Promotion,0,25-03-2025,29-03-2025,91021100,18
25-03-2025,Analog Watch,Watches,1,10130.66,5425.74,10233.36,Seasonal Offer,13,25-03-2025,30-03-2025,91021100,18
25-03-2025,Statement Necklace,Jewelry,2,3349.31,2499.65,6628.04,Festival Sale,19,25-03-2025,27-03-2025,71131100,3
25-03-2025,Leather Belt,Belts,4,2495.56,1197.19,9792.8,No Promotion,0,25-03-2025,27-03-2025,42033000,18
25-03-2025,Waist Belt,Belts,1,945.6,601.04,932.78,No Promotion,0,25-03-2025,30-03-2025,42033000,18
25-03-2025,Western Belt,Belts,4,3035.32,1534.75,12052.52,No Promotion,0,25-03-2025,01-04-2025,42033000,18
26-03-2025,Digital Watch,Watches,4,5978.38,3352.54,23522.64,No Promotion,0,26-03-2025,29-03-2025,91021100,18
26-03-2025,Cotton Scarf,Scarves,3,1248.3,1043.24,3777.36,Flash Sale,39,26-03-2025,01-04-2025,62143000,12
26-03-2025,Cat Eye Sunglasses,Sunglasses,4,1334.82,1301.63,5446.08,Festival Sale,28,26-03-2025,28-03-2025,90041000,12
26-03-2025,Hair Clip Set,Hair Accessories,5,541.53,668.28,2727.2,Clearance Sale,44,26-03-2025,28-03-2025,96151900,18
26-03-2025,Pashmina Shawl,Scarves,3,2016.68,1325.52,5937.96,No Promotion,0,26-03-2025,27-03-2025,62143000,12
26-03-2025,Oversized Sunglasses,Sunglasses,1,3576.55,1700.39,3522.73,No Promotion,0,26-03-2025,02-04-2025,90041000,12
26-03-2025,Pearl Necklace,Jewelry,4,2509.67,2635.76,10222.56,Clearance Sale,44,26-03-2025,27-03-2025,71131100,3
26-03-2025,Sports Watch,Watches,4,7690.26,4591.28,30758.64,No Promotion,0,26-03-2025,28-03-2025,91021100,18
26-03-2025,Pashmina Shawl,Scarves,2,1993.66,1363.62,4055.62,Festival Sale,28,26-03-2025,01-04-2025,62143000,12
26-03-2025,Headband,Hair Accessories,4,636.86,549.77,2518.32,Flash Sale,32,26-03-2025,01-04-2025,96151900,18
26-03-2025,Silk Scarf,Scarves,3,536.95,466.54,1619.1,Clearance Sale,46,26-03-2025,01-04-2025,62143000,12
26-03-2025,Oversized Sunglasses,Sunglasses,9,2799.83,1652.79,24789.96,No Promotion,0,26-03-2025,02-04-2025,90041000,12
26-03-2025,Leather Belt,Belts,1,1253.13,1121.61,1275.87,Flash Sale,30,26-03-2025,02-04-2025,42033000,18
26-03-2025,Round Frame,Sunglasses,6,4007.35,2056.99,23821.14,No Promotion,0,26-03-2025,31-03-2025,90041000,12
26-03-2025,Leather Belt,Belts,2,1760.08,1352.79,3534.38,Flash Sale,40,26-03-2025,02-04-2025,42033000,18
26-03-2025,Charm Bracelet,Jewelry,1,3486.97,2083.71,3519.6,Seasonal Offer,16,26-03-2025,31-03-2025,71131100,3
26-03-2025,Printed Scarf,Scarves,1,873.19,709.26,872.58,Festival Sale,28,26-03-2025,28-03-2025,62143000,12
26-03-2025,Chain Belt,Belts,3,1070.4,620.38,3213.06,Festival Sale,15,26-03-2025,30-03-2025,42033000,18
27-03-2025,Backpack Purse,Handbags,2,3378.48,2222.09,6798.08,No Promotion,0,27-03-2025,02-04-2025,42022290,18
27-03-2025,Waist Belt,Belts,3,1564.49,1577.06,4665.69,Clearance Sale,46,27-03-2025,01-04-2025,42033000,18
27-03-2025,Cotton Scarf,Scarves,1,1585.14,1054.18,1574.98,No Promotion,0,27-03-2025,29-03-2025,62143000,12
27-03-2025,Sports Sunglasses,Sunglasses,4,1176.66,963.96,4787.6,Flash Sale,35,27-03-2025,01-04-2025,90041000,12
27-03-2025,Scrunchie Pack,Hair Accessories,3,1063.45,740.34,3178.23,No Promotion,0,27-03-2025,01-04-2025,96151900,18
27-03-2025,Shoulder Bag,Handbags,4,5283.54,3486.3,20957.52,No Promotion,0,27-03-2025,29-03-2025,42022290,18
27-03-2025,Clutch Purse,Handbags,4,6949.46,4968.46,28277.56,No Promotion,0,27-03-2025,28-03-2025,42022290,18
27-03-2025,Scrunchie Pack,Hair Accessories,3,586.75,356.04,1749.12,Festival Sale,24,27-03-2025,03-04-2025,96151900,18
27-03-2025,Oversized Sunglasses,Sunglasses,1,1730.65,937.73,1709.86,No Promotion,0,27-03-2025,31-03-2025,90041000,12
27-03-2025,Printed Scarf,Scarves,4,1691.44,1236.63,6677.12,Flash Sale,26,27-03-2025,29-03-2025,62143000,12
27-03-2025,Silver Bracelet,Jewelry,4,1234.31,934.18,5029.44,Seasonal Offer,20,27-03-2025,30-03-2025,71131100,3
27-03-2025,Hair Pin Set,Hair Accessories,6,580.84,537.49,3457.74,Flash Sale,28,27-03-2025,01-04-2025,96151900,18
27-03-2025,Pearl Necklace,Jewelry,6,2314.06,1357.22,13721.34,No Promotion,0,27-03-2025,03-04-2025,71131100,3
27-03-2025,Leather Belt,Belts,6,924.11,1348.72,5567.64,Clearance Sale,53,27-03-2025,01-04-2025,42033000,18
27-03-2025,Hair Clip Set,Hair Accessories,4,333.87,233.97,1333.2,No Promotion,0,27-03-2025,02-04-2025,96151900,18
27-03-2025,Leather Belt,Belts,1,735.13,636.04,742.1,Festival Sale,17,27-03-2025,31-03-2025,42033000,18
27-03-2025,Pearl Necklace,Jewelry,1,3758.72,1982.95,3787.47,Seasonal Offer,12,27-03-2025,31-03-2025,71131100,3
27-03-2025,Aviator Sunglasses,Sunglasses,1,3336.06,1545.75,3335.84,No Promotion,0,27-03-2025,31-03-2025,90041000,12
27-03-2025,Hair Pin Set,Hair Accessories,2,616.07,635.87,1249.58,Festival Sale,30,27-03-2025,28-03-2025,96151900,18
27-03-2025,Silver Bracelet,Jewelry,3,1456.3,1398.51,4391.64,Festival Sale,28,27-03-2025,30-03-2025,71131100,3
27-03-2025,Sports Watch,Watches,5,3429.09,3106.27,17282.7,Festival Sale,24,27-03-2025,29-03-2025,91021100,18
27-03-2025,Winter Wool Scarf,Scarves,2,1310.35,987.66,2648.42,Seasonal Offer,10,27-03-2025,29-03-2025,62143000,12
27-03-2025,Aviator Sunglasses,Sunglasses,6,1392.56,1472.29,8360.76,Clearance Sale,47,27-03-2025,31-03-2025,90041000,12
28-03-2025,Sports Watch,Watches,6,4228.31,1923.73,25030.74,No Promotion,0,28-03-2025,30-03-2025,91021100,18
28-03-2025,Turban,Hair Accessories,2,783.15,466.43,1582.62,No Promotion,0,28-03-2025,02-04-2025,96151900,18
28-03-2025,Aviator Sunglasses,Sunglasses,5,3183.56,2253.57,15816.75,No Promotion,0,28-03-2025,31-03-2025,90041000,12
28-03-2025,Digital Watch,Watches,6,2022.17,1518.14,12253.5,Flash Sale,31,28-03-2025,01-04-2025,91021100,18
28-03-2025,Shoulder Bag,Handbags,3,2335.55,3395.6,7108.41,Clearance Sale,55,28-03-2025,03-04-2025,42022290,18
28-03-2025,Cotton Scarf,Scarves,4,1447.66,675.24,5689.76,No Promotion,0,28-03-2025,02-04-2025,62143000,12
28-03-2025,Charm Bracelet,Jewelry,4,1140.18,1159.55,4536.56,Clearance Sale,43,28-03-2025,31-03-2025,71131100,3
28-03-2025,Cotton Scarf,Scarves,5,606.53,812.69,3081.4,Clearance Sale,46,28-03-2025,01-04-2025,62143000,12
28-03-2025,Charm Bracelet,Jewelry,2,3651.69,2226.5,7264.84,Festival Sale,16,28-03-2025,01-04-2025,71131100,3
28-03-2025,Digital Watch,Watches,2,4716.82,4787.72,9557.38,Flash Sale,36,28-03-2025,03-04-2025,91021100,18
28-03-2025,Headband,Hair Accessories,3,1158.58,737.42,3422.64,Festival Sale,17,28-03-2025,01-04-2025,96151900,18
28-03-2025,Leather Belt,Belts,3,1017.1,767.83,3082.44,Festival Sale,15,28-03-2025,31-03-2025,42033000,18
28-03-2025,Pearl Necklace,Jewelry,2,3941.35,2270.25,7787.14,No Promotion,0,28-03-2025,04-04-2025,71131100,3
28-03-2025,Leather Tote Bag,Handbags,4,5181,4516.77,20976.4,Festival Sale,22,28-03-2025,31-03-2025,42022290,18
28-03-2025,Sports Sunglasses,Sunglasses,2,2812.54,2352.41,5612,Seasonal Offer,17,28-03-2025,02-04-2025,90041000,12
28-03-2025,Round Frame,Sunglasses,5,3035.41,2353.32,14930.8,Clearance Sale,41,28-03-2025,03-04-2025,90041000,12
29-03-2025,Hair Clip Set,Hair Accessories,5,1259.58,663.23,6349.7,Seasonal Offer,11,29-03-2025,02-04-2025,96151900,18
29-03-2025,Headband,Hair Accessories,1,938.43,721.81,954.41,Flash Sale,33,29-03-2025,02-04-2025,96151900,18
29-03-2025,Leather Tote Bag,Handbags,9,4220.82,2819.36,37907.64,Festival Sale,21,29-03-2025,02-04-2025,42022290,18
29-03-2025,Smart Watch,Watches,3,5458.97,4850.2,16594.41,Flash Sale,26,29-03-2025,31-03-2025,91021100,18
29-03-2025,Western Belt,Belts,4,495.67,769.59,1964.72,Clearance Sale,57,29-03-2025,05-04-2025,42033000,18
29-03-2025,Pearl Necklace,Jewelry,1,4291.99,2050.17,4276.45,No Promotion,0,29-03-2025,04-04-2025,71131100,3
29-03-2025,Pashmina Shawl,Scarves,3,1970.11,1437.24,5946.87,Seasonal Offer,19,29-03-2025,02-04-2025,62143000,12
29-03-2025,Hair Clip Set,Hair Accessories,3,828.62,495.14,2465.58,Seasonal Offer,20,29-03-2025,02-04-2025,96151900,18
29-03-2025,Western Belt,Belts,11,1957.51,1479.32,21760.2,Flash Sale,32,29-03-2025,02-04-2025,42033000,18
29-03-2025,Hair Clip Set,Hair Accessories,4,553.04,354.35,2175.88,No Promotion,0,29-03-2025,31-03-2025,96151900,18
29-03-2025,Sports Sunglasses,Sunglasses,6,2243.95,1652.74,13546.68,Seasonal Offer,13,29-03-2025,05-04-2025,90041000,12
29-03-2025,Analog Watch,Watches,12,7699.48,5768.93,91431.96,Festival Sale,16,29-03-2025,02-04-2025,91021100,18
29-03-2025,Scrunchie Pack,Hair Accessories,6,895.87,616.29,5427.66,Flash Sale,31,29-03-2025,02-04-2025,96151900,18
29-03-2025,Hair Clip Set,Hair Accessories,3,555.05,438.67,1650.96,Seasonal Offer,12,29-03-2025,03-04-2025,96151900,18
29-03-2025,Round Frame,Sunglasses,2,3609.18,2154.44,7356.2,Festival Sale,21,29-03-2025,30-03-2025,90041000,12
29-03-2025,Charm Bracelet,Jewelry,5,4233.77,2166.49,21343.4,No Promotion,0,29-03-2025,03-04-2025,71131100,3
29-03-2025,Smart Watch,Watches,2,6662.24,3675.39,13545.06,No Promotion,0,29-03-2025,05-04-2025,91021100,18
31-03-2025,Dress Watch,Watches,4,6106.86,3771.59,24475.2,Festival Sale,21,31-03-2025,03-04-2025,91021100,18
31-03-2025,Oversized Sunglasses,Sunglasses,4,4168.6,2012.66,16717.8,No Promotion,0,31-03-2025,03-04-2025,90041000,12
31-03-2025,Western Belt,Belts,1,1149.31,689.6,1155.83,Seasonal Offer,12,31-03-2025,04-04-2025,42033000,18
31-03-2025,Charm Bracelet,Jewelry,4,764.93,1039.25,3001.96,Clearance Sale,50,31-03-2025,01-04-2025,71131100,3
31-03-2025,Hair Clip Set,Hair Accessories,2,479.57,277.08,969.06,No Promotion,0,31-03-2025,06-04-2025,96151900,18
31-03-2025,Headband,Hair Accessories,4,1004.78,634.02,3972.88,Flash Sale,28,31-03-2025,01-04-2025,96151900,18
31-03-2025,Winter Wool Scarf,Scarves,3,2190.62,1389.15,6585.69,Festival Sale,19,31-03-2025,03-04-2025,62143000,12
31-03-2025,Statement Necklace,Jewelry,2,1156.34,800.89,2328.06,Seasonal Offer,10,31-03-2025,03-04-2025,71131100,3
31-03-2025,Gold Plated Earrings,Jewelry,1,1075.3,969.15,1088.21,Flash Sale,28,31-03-2025,01-04-2025,71131100,3
31-03-2025,Aviator Sunglasses,Sunglasses,4,2955.89,1682.61,11760.8,No Promotion,0,31-03-2025,03-04-2025,90041000,12
31-03-2025,Silver Bracelet,Jewelry,3,2826.26,2053.57,8535.57,Seasonal Offer,19,31-03-2025,02-04-2025,71131100,3
31-03-2025,Cat Eye Sunglasses,Sunglasses,1,4055.2,2250.95,4005.07,No Promotion,0,31-03-2025,07-04-2025,90041000,12
31-03-2025,Crossbody Bag,Handbags,2,6128.24,4473.21,12031.04,Flash Sale,35,31-03-2025,01-04-2025,42022290,18
31-03-2025,Sports Watch,Watches,1,2821.03,1956.97,2852.16,Festival Sale,29,31-03-2025,03-04-2025,91021100,18
31-03-2025,Backpack Purse,Handbags,2,1892.55,2567.6,3842.16,Clearance Sale,59,31-03-2025,02-04-2025,42022290,18
31-03-2025,Clutch Purse,Handbags,3,2723.98,1498.22,8232.69,No Promotion,0,31-03-2025,07-04-2025,42022290,18
31-03-2025,Silver Bracelet,Jewelry,4,4146.12,1916.37,16606.32,No Promotion,0,31-03-2025,02-04-2025,71131100,3
31-03-2025,Printed Scarf,Scarves,5,2300.97,1338.91,11597.2,No Promotion,0,31-03-2025,03-04-2025,62143000,12
31-03-2025,Leather Belt,Belts,7,3720.95,1686.03,25565.54,No Promotion,0,31-03-2025,02-04-2025,42033000,18
31-03-2025,Leather Belt,Belts,1,2815.51,1603,2784.41,No Promotion,0,31-03-2025,04-04-2025,42033000,18
31-03-2025,Western Belt,Belts,3,3017.78,1925.5,8887.62,No Promotion,0,31-03-2025,06-04-2025,42033000,18
31-03-2025,Charm Bracelet,Jewelry,3,1913.41,1040.59,5769.48,No Promotion,0,31-03-2025,07-04-2025,71131100,3
31-03-2025,Turban,Hair Accessories,2,422.55,282.17,851.76,No Promotion,0,31-03-2025,01-04-2025,96151900,18
31-03-2025,Western Belt,Belts,1,2869.92,1404.35,2880.59,No Promotion,0,31-03-2025,03-04-2025,42033000,18
